hour_bin,transactions,fraud,total_amount,fraud_rate,baseline_rate,baseline_std,effective_std,rate_lift,z_score,volume_confidence,risk_score,severity,alert
24,228,1,44934.42,0.0043859649122807015,,0.0,0.01,,,0.7864980270862671,,,False
25,201,6,28517.3,0.029850746268656716,,0.0,0.01,,,0.7683392835557189,,,False
26,180,0,32830.242,0.0,,0.0,0.01,,,0.7524506509957629,,,False
27,134,3,13159.385,0.022388059701492536,,0.0,0.01,,,0.7100085232616447,,,False
28,92,3,14690.033,0.03260869565217391,,0.0,0.01,,,0.6560660550181688,,,False
29,64,1,8788.816,0.015625,,0.0,0.01,,,0.6042170265463369,,,False
30,91,1,14883.018,0.01098901098901099,,0.0,0.01,,,0.6545012410322124,,,False
31,66,0,10825.342,0.0,,0.0,0.01,,,0.608603540536682,,,False
32,38,4,9179.862,0.10526315789473684,,0.0,0.01,,,0.5302781417424646,,,False
33,41,1,7377.82,0.024390243902439025,,0.0,0.01,,,0.541004817463479,,,False
34,47,2,4979.7803,0.0425531914893617,,0.0,0.01,,,0.5603326698608914,,,False
35,82,5,11615.02,0.06097560975609756,,0.0,0.01,,,0.6396001521180903,,,False
36,148,4,19055.889,0.02702702702702703,0.029085806713854162,0.029987816693027074,0.029987816693027074,0.9292170333427096,-0.0686538706002512,0.7242906233880599,14.4858124677612,LOW,False
37,222,1,33600.582,0.0045045045045045045,0.028927439045636695,0.028716826048824057,0.028716826048824057,0.15571736223860255,-0.8504747181881649,0.7826550433732524,15.65310086746505,LOW,False
38,258,7,32628.037,0.027131782945736434,0.027182943721270107,0.028351837840723905,0.028351837840723905,0.998117908933695,-0.001804495913848215,0.8043168760797031,16.086337521594064,LOW,False
39,328,8,47567.16,0.024390243902439025,0.027179533002901195,0.027320517746658966,0.027320517746658966,0.8973753853620503,-0.1020950307870089,0.8389439104306816,16.778878208613634,LOW,False
40,376,7,54005.074,0.018617021276595744,0.02700520243412231,0.02640333758519642,0.02640333758519642,0.6893864736622853,-0.3176939707133682,0.8586562089610019,17.17312417922004,LOW,False
41,382,5,54295.086,0.013089005235602094,0.026511780013091336,0.025645743069080178,0.025645743069080178,0.49370525966716805,-0.5233919228362085,0.8609416861905469,17.21883372381094,LOW,False
42,378,5,54774.223,0.013227513227513227,0.02576607030323082,0.0250803738482864,0.0250803738482864,0.5133694456253433,-0.4999350149867995,0.8594220514034427,17.18844102806886,LOW,False
43,377,8,57652.027,0.021220159151193633,0.025106146246614107,0.024542897262161478,0.024542897262161478,0.8452176985966314,-0.1583344889525988,0.859039636692365,17.1807927338473,LOW,False
44,343,13,50469.09,0.037900874635568516,0.024911846891843083,0.023904100462273398,0.023904100462273398,1.5213996296668975,0.5433807377200971,0.8453971582346869,20.81844038719547,LOW,False
45,361,9,46938.016,0.024930747922437674,0.025530372022496677,0.02347061477778516,0.02347061477778516,0.9765133034673121,-0.02554786509582802,0.852779466057375,17.0555893211475,LOW,False
46,331,7,45366.773,0.021148036253776436,0.025503116381584902,0.022905331430607988,0.022905331430607988,0.8292334135700706,-0.1901339057678445,0.8402577822413143,16.805155644826286,LOW,False
47,354,11,44053.926,0.031073446327683617,0.025313765071680188,0.02239711877742177,0.02239711877742177,1.2275315915942935,0.2571617051836902,0.8499531358467823,18.70554965389285,LOW,False
48,320,10,43792.55,0.03125,0.02555375179068033,0.021936342815581374,0.021936342815581374,1.2229124026866827,0.25967173549428796,0.8353808041370471,18.37945910289106,LOW,False
49,246,11,29000.955,0.044715447154471545,0.026673086586001968,0.021490113322317088,0.021490113322317088,1.6764256738827596,0.8395656317797504,0.7974502660194367,21.022197874509434,LOW,False
50,164,10,17385.24,0.06097560975609756,0.027292449122910917,0.021797683302222304,0.021797683302222304,2.234156761875613,1.5452633275827345,0.7390543791173132,30.85305489119754,MEDIUM,False
51,124,3,12838.155,0.024193548387096774,0.029833099529414986,0.022030568449032138,0.022030568449032138,0.8109632846980013,-0.2559875454582731,0.6988688832549463,13.977377665098928,LOW,False
52,102,3,11813.21,0.029411764705882353,0.029908328224648496,0.022007110369547927,0.022007110369547927,0.9833971489467302,-0.022563776453507357,0.6708486748011367,13.416973496022736,LOW,False
53,73,3,8011.463,0.0410958904109589,0.029775122768553014,0.021999728851334385,0.021999728851334385,1.3802089324838087,0.5145866896318239,0.6229870983538917,5.358958136247239,LOW,False
54,40,1,6462.998,0.025,0.030836409869009634,0.02190158568555504,0.02190158568555504,0.8107299165563634,-0.26648343881598374,0.5375168442542968,3.762617909780078,LOW,False
55,30,1,3575.054,0.03333333333333333,0.03142020107780084,0.02153318210203432,0.02153318210203432,1.0608886063712741,0.08884577516073461,0.49704864540372573,3.6391731095506747,LOW,False
56,16,0,1691.933,0.0,0.03280908996668973,0.020467075539347238,0.020467075539347238,0.0,-1.6030179740928496,0.41009030347101677,2.870632124297117,LOW,False
57,9,1,1444.9,0.1111111111111111,0.028423125054409026,0.014744035012144755,0.014744035012144755,3.9091799687197106,5.608233159280445,0.33328510947992757,27.469593184248737,LOW,False
58,18,0,6415.017,0.0,0.03203649452143703,0.022368043439446778,0.022368043439446778,0.0,-1.4322439335458201,0.4261895338914151,2.9833267372399055,LOW,False
59,16,2,2386.099,0.125,0.030263444876046958,0.023170317024283064,0.023170317024283064,4.13039561464252,4.088703448669554,0.41009030347101677,24.600998200663028,LOW,False
60,43,0,5104.909,0.0,0.032931127802876235,0.029641952955605105,0.029641952955605105,0.0,-1.1109635000162554,0.5477383052077789,3.8341681364544518,LOW,False
61,90,2,12537.359,0.022222222222222223,0.0318050016767501,0.030380205624189187,0.030380205624189187,0.6987021239010648,-0.3154283935095528,0.6529193249154452,4.5704352744081165,LOW,False
62,163,3,21075.9,0.018404907975460124,0.032543239914988344,0.029899426471286655,0.029899426471286655,0.5655524165245585,-0.4728629812717544,0.7381744743775209,14.76348948755042,LOW,False
63,200,5,27183.104,0.025,0.03217962012456016,0.030020917689553388,0.030020917689553388,0.7768892206691862,-0.23915391923740248,0.7676209501511251,15.352419003022503,LOW,False
64,251,6,30901.611,0.02390438247011952,0.0322050266286252,0.03001429626510621,0.03001429626510621,0.7422562553906504,-0.2765563478546647,0.8003510421395341,16.007020842790684,LOW,False
65,291,4,32381.814,0.013745704467353952,0.032425333345022025,0.029929508130501582,0.029929508130501582,0.423918678679188,-0.624120810680193,0.8216753935549219,16.433507871098442,LOW,False
66,253,5,25989.719,0.019762845849802372,0.03245269581301169,0.029911356350576547,0.029911356350576547,0.6089739343589013,-0.42424856347126894,0.801495268524697,16.029905370493942,LOW,False
67,279,3,32904.74,0.010752688172043012,0.0327250013389404,0.02975808076609519,0.02975808076609519,0.3285771652283505,-0.7383645921121197,0.8156013323905754,16.31202664781151,LOW,False
68,287,13,36965.406,0.04529616724738676,0.032288856714809126,0.03000967478143809,0.03000967478143809,1.4028420903057832,0.43343723740128826,0.8196788945369465,19.414893568032305,LOW,False
69,228,10,26058.16,0.043859649122807015,0.03259699390696822,0.0301076113218424,0.0301076113218424,1.3455120815122523,0.37407999908873507,0.7864980270862671,18.321301153067235,LOW,False
70,260,14,31176.984,0.05384615384615385,0.033385698123650276,0.030145961399054615,0.030145961399054615,1.6128509173815802,0.6787129941440586,0.8054302960618666,20.704987801599184,LOW,False
71,227,13,26302.734,0.05726872246696035,0.034748119689999336,0.030307294285749804,0.030307294285749804,1.6481099690537369,0.7430753324472777,0.7858645736290825,20.57811624048468,LOW,False
72,200,6,18356.037,0.03,0.035839589529135865,0.030639077754960647,0.030639077754960647,0.837063158204182,-0.19059286235175282,0.7676209501511251,15.352419003022503,LOW,False
73,223,3,28442.115,0.013452914798206279,0.03578750619580253,0.030648279858228114,0.030648279858228114,0.3759109317257807,-0.7287388232197999,0.7833026680954841,15.666053361909682,LOW,False
74,157,1,13891.178,0.006369426751592357,0.03448490068095814,0.030915519837025614,0.030915519837025614,0.1847019021606005,-0.9094291177240247,0.7327796679344233,14.655593358688465,LOW,False
75,93,5,10669.342,0.053763440860215055,0.032209643055770426,0.03089053218464028,0.03089053218464028,1.669172203092242,0.6977477006745075,0.6576141327048699,6.359875962051224,LOW,False
76,70,4,7826.677,0.05714285714285714,0.03344172190881702,0.031145556243723414,0.031145556243723414,1.708729511556378,0.7609796739082634,0.6169968414284669,6.17939285783476,LOW,False
77,58,2,4161.095,0.034482758620689655,0.03459718409369097,0.03150190575565658,0.03150190575565658,0.9966926362361906,-0.0036323349415381466,0.5901986065729019,4.131390246010313,LOW,False
78,41,2,4144.441,0.04878048780487805,0.03432163693576309,0.031471497942549165,0.031471497942549165,1.4212750952460798,0.45942684061335176,0.541004817463479,4.892880847265311,LOW,False
79,20,1,2830.4111,0.05,0.035312490594299674,0.031539534661417255,0.031539534661417255,1.415929580681326,0.46568567239096775,0.44067600240186683,4.176547166101548,LOW,False
80,14,0,1419.437,0.0,0.036006935038744116,0.031677246990171694,0.031677246990171694,0.0,-1.13668132366161,0.3919737040327585,2.7438159282293095,LOW,False
81,13,0,1574.992,0.0,0.036006935038744116,0.031677246990171694,0.031677246990171694,0.0,-1.13668132366161,0.3819874078490358,2.673911854943251,LOW,False
82,13,1,1537.28,0.07692307692307693,0.031377305409114487,0.028146173022239224,0.028146173022239224,2.4515513974228105,1.618187008158275,0.3819874078490358,9.188802433870581,LOW,False
83,26,0,3437.69,0.0,0.03458243361424269,0.028790167379449,0.028790167379449,0.0,-1.2011890434137706,0.47705222884332926,3.339365601903305,LOW,False
84,40,4,3772.863,0.1,0.029374100280909355,0.022296093150495196,0.022296093150495196,3.4043595903766772,3.1676356589639587,0.5375168442542968,19.557467842486176,LOW,False
85,68,1,6269.38,0.014705882352941176,0.033540766947576024,0.025658438718632052,0.025658438718632052,0.43844800495845443,-0.7340619903329413,0.6128610205234314,4.29002714366402,LOW,False
86,116,0,11651.018,0.0,0.03322758611968932,0.02584776958794112,0.02584776958794112,0.0,-1.2855107674432047,0.6892955513569078,13.785911027138157,LOW,False
87,183,4,19620.562,0.02185792349726776,0.03246071495404514,0.02656960663924838,0.02656960663924838,0.6733654365965805,-0.39905714829496336,0.7548300560938245,15.09660112187649,LOW,False
88,194,11,18286.488,0.05670103092783505,0.032329795099764636,0.026615668390461714,0.026615668390461714,1.7538320534622827,0.9156725080330638,0.76323443616078,20.918429124182722,LOW,False
89,205,3,23741.0,0.014634146341463415,0.033696322118836115,0.02700338911144038,0.02700338911144038,0.4342950631185646,-0.705917901590239,0.7711774898627489,15.42354979725498,LOW,False
90,218,6,22416.275,0.027522935779816515,0.033733340530257346,0.026975444592841572,0.026975444592841572,0.8158971316561321,-0.2302243705035681,0.7800351730461409,15.60070346092282,LOW,False
91,261,10,32213.395,0.038314176245210725,0.034056677610674595,0.026846910058863013,0.026846910058863013,1.1250121542449483,0.15858430728904668,0.8059838106329514,17.05726736949614,LOW,False
92,218,7,27686.914,0.03211009174311927,0.03520507294705658,0.02639235744104053,0.02639235744104053,0.9120870674350903,-0.11726808455255956,0.7800351730461409,15.60070346092282,LOW,False
93,242,6,21701.352,0.024793388429752067,0.034655653134378774,0.02631027593359257,0.02631027593359257,0.7154211849251447,-0.3748445941623407,0.7950870480722153,15.901740961444307,LOW,False
94,307,10,32005.033,0.03257328990228013,0.033861225605501484,0.02630813084243593,0.02630813084243593,0.9619642915992946,-0.04895580423159018,0.8293968979952026,16.587937959904053,LOW,False
95,261,5,30862.457,0.019157088122605363,0.03297485627450675,0.025961605448055897,0.025961605448055897,0.5809604737357396,-0.532238585150215,0.8059838106329514,16.11967621265903,LOW,False
96,236,6,28488.027,0.025423728813559324,0.03138687151015862,0.025573706018156964,0.025573706018156964,0.8100115618509708,-0.2331747573998681,0.7914682624872543,15.829365249745086,LOW,False
97,211,8,16372.515,0.037914691943127965,0.031196193544056932,0.025601541370652108,0.025601541370652108,1.215362761792807,0.2624255431265818,0.7753331020967204,17.12188275538046,LOW,False
98,182,2,15212.323,0.01098901098901099,0.03221543425842866,0.02535013679201343,0.02535013679201343,0.3411101306553361,-0.8373297329150927,0.7540412591337875,15.08082518267575,LOW,False
99,165,11,14718.038,0.06666666666666667,0.03240791693498778,0.025162197979290857,0.025162197979290857,2.057110514088394,1.3615165797469175,0.7399289671797024,27.24586544609347,LOW,False
100,129,0,13732.643,0.0,0.032945551343589924,0.025768871579712138,0.025768871579712138,0.0,-1.278501902641635,0.7045458416079491,14.090916832158982,LOW,False
101,82,5,6939.699,0.06097560975609756,0.030564598962637548,0.026074012050090564,0.026074012050090564,1.9949749653393036,1.1663341542926986,0.6396001521180903,7.81672227387286,LOW,False
102,55,4,5421.239,0.07272727272727272,0.0316684677599462,0.026797856315615022,0.026797856315615022,2.2965200993796446,1.5321675168249071,0.5826450379722601,9.810113412786356,LOW,False
103,24,2,2140.65,0.08333333333333333,0.03266625046504599,0.02788640616241767,0.02788640616241767,2.5510529107864053,1.816909736349284,0.46591258883663084,10.906882109198847,LOW,False
104,14,1,1255.627,0.07142857142857142,0.03405513935393487,0.029566716037241123,0.029566716037241123,2.0974388237327317,1.2640373055824794,0.3919737040327585,6.779756052451076,LOW,False
105,19,1,2060.892,0.05263157894736842,0.03703132983012535,0.02958467722584838,0.02958467722584838,1.4212716418450657,0.5273084103014313,0.4336139245415396,4.141135531634075,LOW,False
106,6,0,889.95,0.0,0.039224312286265696,0.02865647370906942,0.02865647370906942,0.0,-1.3687766570473634,0.2816585927874237,1.971610149511966,LOW,False
107,31,1,2120.106,0.03225806451612903,0.036019184081137495,0.028558294052086347,0.028558294052086347,0.8955801009668599,-0.13169972821726347,0.5016440753080604,3.5115085271564226,LOW,False
108,74,2,9075.461,0.02702702702702703,0.03736327010264288,0.027529950840714315,0.027529950840714315,0.7233581791095764,-0.37545446904065943,0.6249299984510739,4.374509989157517,LOW,False
109,116,4,16391.803,0.034482758620689655,0.034322729562102326,0.02413121661441788,0.02413121661441788,1.0046624805377957,0.006631619994315353,0.6892955513569078,13.820879631171623,LOW,False
110,177,2,24990.889,0.011299435028248588,0.03514676607325851,0.023767137705577934,0.023767137705577934,0.3214928794500324,-1.0033741269321284,0.7500314768453384,15.00062953690677,LOW,False
111,231,4,37146.832,0.017316017316017316,0.03561757586610221,0.023144393016511194,0.023144393016511194,0.4861649591514518,-0.7907556070720271,0.7883819220178166,15.767638440356336,LOW,False
112,283,7,38052.457,0.024734982332155476,0.035428329775216774,0.02327996602831068,0.02327996602831068,0.698169586009058,-0.4593369006663136,0.817654471551691,16.353089431033823,LOW,False
113,285,6,35250.137,0.021052631578947368,0.03409641108373012,0.022921653430777733,0.022921653430777733,0.6174442092233312,-0.5690592759450938,0.8186702222741883,16.373404445483768,LOW,False
114,281,6,41218.293,0.021352313167259787,0.03436384796862529,0.022721273696682125,0.022721273696682125,0.6213597844675245,-0.5726586887277146,0.8166315423193131,16.332630846386266,LOW,False
115,301,9,48445.83,0.029900332225913623,0.034106738693102094,0.022836669441542164,0.022836669441542164,0.876669343702475,-0.18419526883971096,0.8265493854944543,16.53098770988909,LOW,False
116,279,7,38712.45,0.025089605734767026,0.03375616185896471,0.022833853074275875,0.022833853074275875,0.7432600258167062,-0.37954856309210644,0.8156013323905754,16.31202664781151,LOW,False
117,310,9,47085.086,0.02903225806451613,0.0334636416086167,0.022900728559616185,0.022900728559616185,0.8675761712987174,-0.19350404213405692,0.8307999191640362,16.615998383280726,LOW,False
118,259,6,33384.25,0.023166023166023165,0.03364026117673187,0.022847236232356318,0.022847236232356318,0.688639813000219,-0.4584466105302952,0.8048746566695612,16.097493133391225,LOW,False
119,286,12,36863.81,0.04195804195804196,0.033248291729387834,0.022946816159350843,0.022946816159350843,1.2619608339443096,0.37956247037369045,0.8191754370417206,18.348214995416733,LOW,False
120,284,8,35649.848,0.028169014084507043,0.03419833147253102,0.022809639905480218,0.022809639905480218,0.8236955685143037,-0.2643319847664662,0.8181632379241737,16.363264758483474,LOW,False
121,246,9,26347.94,0.036585365853658534,0.034312718358820514,0.022770573556308717,0.022770573556308717,1.0662333852734174,0.09980633510254161,0.7974502660194367,16.445755709939363,LOW,False
122,226,6,27244.5,0.02654867256637168,0.034257329771759285,0.02276304646967653,0.02276304646967653,0.7749778731516199,-0.3386478701634503,0.78522833575215,15.704566715043,LOW,False
123,179,3,21761.96,0.01675977653631285,0.03490564900414931,0.022288148200176307,0.022288148200176307,0.48014510586296727,-0.8141489505930745,0.7516487437704258,15.032974875408517,LOW,False
124,121,0,15882.8955,0.0,0.0328261952487179,0.021510611162053397,0.021510611162053397,0.0,-1.526046610271408,0.6953526645809566,13.907053291619132,LOW,False
125,71,1,7772.217,0.014084507042253521,0.0328261952487179,0.021510611162053397,0.021510611162053397,0.4290630374777784,-0.8712764163356902,0.6190212644137224,4.333148850896056,LOW,False
126,36,2,4237.378,0.05555555555555555,0.03087239930230774,0.02096528468300927,0.02096528468300927,1.7995217997650972,1.1773346570987222,0.5226582832922795,6.5331918322362466,LOW,False
127,25,0,4627.44,0.0,0.030156911086819522,0.019731495827117397,0.019731495827117397,0.0,-1.5283641621013986,0.47158954718963364,3.3011268303274357,LOW,False
128,10,0,702.85,0.0,0.026684688864597298,0.017127387025951252,0.017127387025951252,0.0,-1.5580128378114486,0.34708067508455476,2.429564725591883,LOW,False
129,9,0,599.85,0.0,0.023708498388406826,0.015100334641602407,0.015100334641602407,0.0,-1.5700644357303424,0.33328510947992757,2.3329957663594927,LOW,False
130,15,1,4535.82,0.06666666666666667,0.021515515932266475,0.014528219350143074,0.014528219350143074,3.098539067180245,3.107824134962248,0.4013152602464483,17.539602463533114,LOW,False
131,30,0,2785.56,0.0,0.024293293710044253,0.016478067668213033,0.016478067668213033,0.0,-1.474280492057158,0.49704864540372573,3.4793405178260803,LOW,False
132,68,6,10018.2,0.08823529411764706,0.022949207688538874,0.017103881272581334,0.017103881272581334,3.8448078606963363,3.817033419997258,0.6128610205234314,24.082168990479904,LOW,False
133,113,1,16396.979,0.008849557522123894,0.025499552150648044,0.021687529637772127,0.021687529637772127,0.34704756655496755,-0.7677220461073472,0.6855357585674703,13.710715171349404,LOW,False
134,215,12,27128.133,0.05581395348837209,0.024431502104874474,0.02185642124549538,0.02185642124549538,2.2845076511786115,1.435845833634157,0.7780386740281655,30.64265378482986,MEDIUM,False
135,206,1,33162.527,0.0048543689320388345,0.026286273707379616,0.022570676673590008,0.022570676673590008,0.18467314865842008,-0.9495463997505352,0.7718784301378744,15.43756860275749,LOW,False
136,245,4,33719.676,0.0163265306122449,0.025767038358047178,0.022926542203881822,0.022926542203881822,0.633620767174666,-0.41177198296408835,0.7968630689303519,15.937261378607037,LOW,False
137,265,10,36236.523,0.03773584905660377,0.025416686203050903,0.023007104657403327,0.023007104657403327,1.4846880020131865,0.5354503766117635,0.808176941740451,19.798698849907918,LOW,False
138,268,8,43747.445,0.029850746268656716,0.026111820264619917,0.023121265965424128,0.023121265965424128,1.1431890219121505,0.1617093981630609,0.8098002546497061,17.26992275733525,LOW,False
139,256,5,34020.08,0.01953125,0.026465921643844797,0.0231102790694687,0.0231102790694687,0.7379773227939863,-0.30006871068062024,0.8031948248487742,16.063896496975484,LOW,False
140,275,6,42978.56,0.02181818181818182,0.026033876551098397,0.02314018672001097,0.02314018672001097,0.838068882110501,-0.18218067053326606,0.8135186506466554,16.27037301293311,LOW,False
141,262,14,40534.766,0.05343511450381679,0.025897567221240675,0.023155621030563928,0.023155621030563928,2.063325641645226,1.189238122623804,0.8065352165719889,26.471123176576526,LOW,False
142,256,17,38093.094,0.06640625,0.026914352906211535,0.02382534438887231,0.02382534438887231,2.467317354104923,1.657558289576425,0.8031948248487742,35.288255272467715,MEDIUM,False
143,283,13,34956.406,0.045936395759717315,0.028716029024293904,0.02512883056407213,0.02512883056407213,1.5996778566024883,0.6852832522992207,0.817654471551691,20.85067335555248,LOW,False
144,279,10,35537.77,0.035842293906810034,0.02888179376603038,0.025232887046458707,0.025232887046458707,1.2409995790831496,0.27585032691518824,0.8156013323905754,18.11952349093513,LOW,False
145,211,6,24282.225,0.02843601895734597,0.02920151375862633,0.025272045689338538,0.025272045689338538,0.9737857835861599,-0.0302901795402854,0.7753331020967204,15.506662041934408,LOW,False
146,186,9,19627.484,0.04838709677419355,0.028861957637946647,0.025223222819598493,0.025223222819598493,1.6765008590607853,0.7740937498706878,0.7571709785555715,20.21717601406732,LOW,False
147,162,5,16065.349,0.030864197530864196,0.029771891979939222,0.025528211618989,0.025528211618989,1.0366891547121355,0.042788173618573004,0.7372891879239116,15.02095241881925,LOW,False
148,134,6,13648.01,0.04477611940298507,0.030359576188045526,0.025377540200363664,0.025377540200363664,1.4748598309029177,0.5680827653553655,0.7100085232616447,17.761619197004777,LOW,False
149,75,0,6654.623,0.0,0.03222524782983657,0.024685011195879115,0.024685011195879115,0.0,-1.3054581006313748,0.6268471640146392,4.387930148102475,LOW,False
150,35,2,3444.409,0.05714285714285714,0.031638393369742675,0.02529492082855999,0.02529492082855999,1.806123859547989,1.0082839929001828,0.5186924493521103,5.783164745716542,LOW,False
151,13,0,1271.63,0.0,0.03170453093588024,0.025362160704396546,0.025362160704396546,0.0,-1.250072156919353,0.3819874078490358,2.673911854943251,LOW,False
152,7,1,831.9,0.14285714285714285,0.03170453093588024,0.025362160704396543,0.025362160704396543,4.505890440267337,4.38261602458793,0.3009864451848362,26.108812629567804,LOW,False
153,15,0,1225.25,0.0,0.037656911888261195,0.033162240980617014,0.033162240980617014,0.0,-1.135535801403508,0.4013152602464483,2.8092068217251382,LOW,False
154,14,0,913.751,0.0,0.037656911888261195,0.033162240980617014,0.033162240980617014,0.0,-1.135535801403508,0.3919737040327585,2.7438159282293095,LOW,False
155,33,0,6247.648,0.0,0.03487913411048341,0.033417763548338815,0.033417763548338815,0.0,-1.0437303519737557,0.5104191185326289,3.5729338297284023,LOW,False
156,85,1,8138.634,0.011764705882352941,0.03487913411048341,0.033417763548338815,0.033417763548338815,0.3372992530458746,-0.6916808838717001,0.6447395281114626,4.513176696780238,LOW,False
157,100,1,13046.885,0.01,0.03169285960067949,0.03171127893485165,0.03171127893485165,0.31552848578503156,-0.6840739424368779,0.6680104684941067,13.360209369882133,LOW,False
158,153,1,20645.63,0.006535947712418301,0.03174079470392433,0.03167609744158006,0.03167609744158006,0.20591632230336743,-0.7957055643609855,0.7290680829335906,14.581361658671813,LOW,False
159,198,4,25751.305,0.020202020202020204,0.029687544463259594,0.03164491558222403,0.03164491558222403,0.6804880823680656,-0.2997487617431887,0.7661734992494772,15.323469984989547,LOW,False
160,264,8,33491.207,0.030303030303030304,0.030327029932842146,0.03127416606771037,0.03127416606771037,0.9992086389644819,-0.0007673947167729822,0.8076317663918116,16.152635327836233,LOW,False
161,224,4,37699.094,0.017857142857142856,0.030909384086624875,0.031131933120897383,0.031131933120897383,0.5777256126196966,-0.419255726227957,0.783947408065517,15.678948161310341,LOW,False
162,265,8,33206.63,0.03018867924528302,0.030081104661647335,0.031206766427782997,0.031206766427782997,1.0035761513696284,0.003447155727737039,0.808176941740451,16.190359970081232,LOW,False
163,232,8,31722.584,0.034482758620689655,0.030095185202340096,0.031206734208599138,0.031206734208599138,1.1457898793062884,0.14059700669160521,0.7890044773171113,16.87351364113939,LOW,False
164,272,4,31736.586,0.014705882352941176,0.030718164728202168,0.0311358353369709,0.0311358353369709,0.4787357084337721,-0.5142718093786904,0.8119367345298883,16.238734690597767,LOW,False
165,278,8,31801.37,0.02877697841726619,0.030421818917150473,0.03125783474651156,0.03125783474651156,0.9459322105504678,-0.05262170310974123,0.8150834646326118,16.30166929265224,LOW,False
166,231,8,45324.945,0.03463203463203463,0.02939439658021087,0.03087137464484404,0.03087137464484404,1.178184914853802,0.16966002039363426,0.7883819220178166,17.10402530175985,LOW,False
167,251,5,34545.7,0.0199203187250996,0.028070470939878977,0.02988052268546405,0.02988052268546405,0.7096538838897545,-0.27275802035230706,0.8003510421395341,16.007020842790684,LOW,False
168,239,8,26846.723,0.03347280334728033,0.02698646773010323,0.0296754047094815,0.0296754047094815,1.2403551173146545,0.21857614683531748,0.7932889642792068,17.668442665444044,LOW,False
169,231,9,37337.734,0.03896103896103896,0.026887738956789503,0.029648590246575904,0.029648590246575904,1.4490262280384418,0.4072132908796159,0.7883819220178166,19.13533515064465,LOW,False
170,170,1,29150.45,0.0058823529411764705,0.02732628145694337,0.029750152733594847,0.029750152733594847,0.2152635714612321,-0.720800619337719,0.7442243531203013,14.884487062406027,LOW,False
171,140,5,15411.449,0.03571428571428571,0.025555250463901,0.02970701383010232,0.02970701383010232,1.3975322122056768,0.34197429968846255,0.7163027272577009,17.307546136696594,LOW,False
172,88,3,15305.1455,0.03409090909090909,0.02575733747154356,0.029761146515866765,0.029761146515866765,1.3235416559872453,0.2800151403751396,0.6497026617837264,5.397215479452603,LOW,False
173,78,12,5405.873,0.15384615384615385,0.025312120375207057,0.02954338848722621,0.02954338848722621,6.077963898940859,4.350686906700684,0.6324508528728112,29.58641118692517,LOW,False
174,29,3,2728.237,0.10344827586206896,0.03172237678546347,0.038992068594055296,0.038992068594055296,3.26105060039112,1.8394997152713457,0.4923025190943706,13.05418671399942,LOW,False
175,16,0,1256.73,0.0,0.03365176923209729,0.04137728580641511,0.04137728580641511,0.0,-0.813290881125894,0.41009030347101677,2.870632124297117,LOW,False
176,17,0,712.88,0.0,0.03365176923209729,0.04137728580641511,0.04137728580641511,0.0,-0.813290881125894,0.4183636342904982,2.9285454400334876,LOW,False
177,9,0,732.19,0.0,0.027699388279716342,0.034725083506358806,0.034725083506358806,0.0,-0.7976766499249475,0.33328510947992757,2.3329957663594927,LOW,False
178,15,0,1423.75,0.0,0.027699388279716342,0.034725083506358806,0.034725083506358806,0.0,-0.7976766499249475,0.4013152602464483,2.8092068217251382,LOW,False
179,32,0,3432.79,0.0,0.027699388279716342,0.034725083506358806,0.034725083506358806,0.0,-0.7976766499249475,0.5060980846989978,3.542686592892984,LOW,False
180,57,0,6722.785,0.0,0.027699388279716342,0.034725083506358806,0.034725083506358806,0.0,-0.7976766499249475,0.5877242918945924,4.114070043262147,LOW,False
181,121,1,14734.616,0.008264462809917356,0.02720919220128497,0.035041402691375914,0.035041402691375914,0.3037378966923928,-0.540638442993326,0.6953526645809566,13.907053291619132,LOW,False
182,183,0,30655.727,0.0,0.027136878151698195,0.035080230237637317,0.035080230237637317,0.0,-0.7735661359081744,0.7548300560938245,15.09660112187649,LOW,False
183,193,3,25992.162,0.015544041450777202,0.026864546997014096,0.03527195622695815,0.03527195622695815,0.5786079866712388,-0.3209491833510697,0.762490250028163,15.24980500056326,LOW,False
184,264,12,33193.527,0.045454545454545456,0.026670464549045644,0.03532298867185021,0.03532298867185021,1.7043027267469164,0.5317806225289574,0.8076317663918116,21.434905778438104,LOW,False
185,290,9,44137.55,0.03103448275862069,0.02730177768035877,0.0355255523295808,0.0355255523295808,1.1367202210040437,0.10507099351003858,0.821178844580994,17.44897854915021,LOW,False
186,298,18,43271.93,0.06040268456375839,0.027850833509587017,0.035475030309986,0.035475030309986,2.1687927057179865,0.9175989638269099,0.8251043430370099,25.268032153625096,LOW,False
187,291,20,45162.594,0.06872852233676977,0.02910975039785682,0.03609233894331685,0.03609233894331685,2.3610137976940484,1.0977058594383249,0.8216753935549219,27.862434596782865,LOW,False
188,254,14,42328.605,0.05511811023622047,0.03053665721936016,0.03698003089677856,0.03698003089677856,1.8049817909104908,0.6647223493531931,0.8020640075037752,22.078643581904185,LOW,False
189,309,8,46968.8,0.025889967637540454,0.032220500047830135,0.037147536823578124,0.037147536823578124,0.8035247000855902,-0.17041594010269862,0.8303337548836532,16.606675097673065,LOW,False
190,234,1,35294.29,0.004273504273504274,0.03210020793200822,0.037163843363807715,0.037163843363807715,0.13313011188450952,-0.7487574249546857,0.7902416120615733,15.804832241231468,LOW,False
191,228,9,26165.547,0.039473684210526314,0.030835269167069464,0.03758815287471848,0.03758815287471848,1.2801472235138536,0.22981749255539996,0.7864980270862671,17.831064718079244,LOW,False
192,211,7,32896.676,0.03317535545023697,0.03164999272896224,0.0375531784818142,0.0375531784818142,1.04819472580412,0.04061873809199437,0.7753331020967204,15.868122485465308,LOW,False
193,213,2,22011.045,0.009389671361502348,0.03163759906658543,0.03755259982339741,0.03755259982339741,0.2967883669598495,-0.5924470691699314,0.776692209584216,15.53384419168432,LOW,False
194,166,6,17876.475,0.03614457831325301,0.030405458749938077,0.03778626951653803,0.03778626951653803,1.1887529344817604,0.15188373016825796,0.7407983024292605,16.231613057198413,LOW,False
195,135,5,13555.996,0.037037037037037035,0.03166638480710793,0.03743565268668306,0.03743565268668306,1.169601053692861,0.1434635659989335,0.711076748655853,15.493542875813517,LOW,False
196,85,2,9094.86,0.023529411764705882,0.031721499445555905,0.0374428443378256,0.0374428443378256,0.741749670600842,-0.2187891391726935,0.6447395281114626,4.513176696780238,LOW,False
197,67,5,6317.475,0.07462686567164178,0.0312814370569641,0.03747583575029756,0.03747583575029756,2.3856597615942268,1.1566234013696017,0.610747933594241,8.597819790336539,LOW,False
198,46,4,3145.426,0.08695652173913043,0.027980633383026098,0.028663951881685284,0.028663951881685284,3.1077395764700917,2.057493279347386,0.5572853176432578,14.06034670888161,LOW,False
199,22,2,1870.367,0.09090909090909091,0.027293476961236993,0.026920791296943865,0.026920791296943865,3.330799188326306,2.3630662726870058,0.4538436109089882,15.25866808872512,LOW,False
200,20,2,3541.733,0.1,0.031081355749115785,0.029211691323466273,0.029211691323466273,3.2173628720441143,2.3592829147664123,0.44067600240186683,14.852172308031921,LOW,False
201,14,0,1561.3,0.0,0.03524802241578245,0.031618300364759926,0.031618300364759926,0.0,-1.1147981393417343,0.3919737040327585,2.7438159282293095,LOW,False
202,14,0,1666.749,0.0,0.03524802241578245,0.031618300364759926,0.031618300364759926,0.0,-1.1147981393417343,0.3919737040327585,2.7438159282293095,LOW,False
203,35,1,4249.779,0.02857142857142857,0.03524802241578245,0.031618300364759926,0.031618300364759926,0.8105824557872386,-0.21116232584706712,0.5186924493521103,3.630847145464772,LOW,False
204,69,1,9365.732,0.014492753623188406,0.03643849860625864,0.030759678101363746,0.030759678101363746,0.39773190931360564,-0.713458213403646,0.6149437022673513,4.304605915871458,LOW,False
205,153,2,20369.23,0.013071895424836602,0.03704236334055815,0.030149431610517016,0.030149431610517016,0.35289042722941,-0.7950553836431178,0.7290680829335906,14.581361658671813,LOW,False
206,188,4,23392.975,0.02127659574468085,0.03724267303284646,0.029965329245251863,0.029965329245251863,0.571296150679512,-0.5328183500835554,0.758710821630753,15.174216432615061,LOW,False
207,236,2,38817.844,0.00847457627118644,0.038129197855541495,0.029118363177335686,0.029118363177335686,0.22225949529003244,-1.018416502457692,0.7914682624872543,15.829365249745086,LOW,False
208,288,1,50013.934,0.003472222222222222,0.03783463680639188,0.029391246557975637,0.029391246557975637,0.09177363694517125,-1.169137706234683,0.8201806069420335,16.40361213884067,LOW,False
209,281,3,41817.875,0.010676156583629894,0.03608537333837841,0.030157353989024728,0.030157353989024728,0.2958582826209899,-0.8425545810151576,0.8166315423193131,16.332630846386266,LOW,False
210,296,8,42624.945,0.02702702702702703,0.03523710974775379,0.03058883397071677,0.03058883397071677,0.767004649941526,-0.26840129730301,0.824132903927884,16.48265807855768,LOW,False
211,295,9,36086.434,0.030508474576271188,0.033846457350389984,0.03015052882160787,0.03015052882160787,0.9013786660280907,-0.1107105879922934,0.8236447284771157,16.472894569542316,LOW,False
212,279,4,34719.273,0.014336917562724014,0.032253955360369214,0.02922310662464161,0.02922310662464161,0.4445010666921162,-0.6131120153576394,0.8156013323905754,16.31202664781151,LOW,False
213,334,12,48832.863,0.03592814371257485,0.030554738998973527,0.029020774937752156,0.029020774937752156,1.1758615812028974,0.1851571753382519,0.8415598349549974,18.150158558121678,LOW,False
214,295,4,47543.082,0.013559322033898305,0.030972996335433295,0.029022958333083645,0.029022958333083645,0.4377788279523463,-0.5999965303910771,0.8236447284771157,16.472894569542316,LOW,False
215,257,7,35205.746,0.027237354085603113,0.03135990540878304,0.028711775306263905,0.028711775306263905,0.8685406964899417,-0.1435839922542349,0.8037569377259057,16.075138754518115,LOW,False
216,281,16,36154.105,0.05693950177935943,0.03085005832024458,0.028670043686095166,0.028670043686095166,1.8456853853658455,0.9099896653372769,0.8166315423193131,22.675271236630106,LOW,False
217,212,3,22959.87,0.014150943396226415,0.03184023108395801,0.029160026060818797,0.029160026060818797,0.444435951451246,-0.6066279793727622,0.77601425104291,15.520285020858202,LOW,False
218,177,3,16576.967,0.01694915254237288,0.03203861741873818,0.029016488905070213,0.029016488905070213,0.5290225954775427,-0.5200306944693309,0.7500314768453384,15.00062953690677,LOW,False
219,156,3,14175.95,0.019230769230769232,0.031238808011618175,0.02916257488928158,0.02916257488928158,0.61560509042525,-0.41176195265468074,0.7318606560601462,14.637213121202924,LOW,False
220,79,2,7140.383,0.02531645569620253,0.030496880186357017,0.029235063355319578,0.029235063355319578,0.830132641158751,-0.17719901705675153,0.6342715546647637,4.439900882653346,LOW,False
221,69,3,5501.026,0.043478260869565216,0.030571340350169382,0.02921881726474824,0.02921881726474824,1.4221902072842654,0.44173316128602186,0.6149437022673513,5.412855209992655,LOW,False
222,33,0,4287.576,0.0,0.029273481816749523,0.02783591385045105,0.02783591385045105,0.0,-1.0516443603763768,0.5104191185326289,3.5729338297284023,LOW,False
223,24,1,2421.465,0.041666666666666664,0.02565029341095242,0.025568169816903855,0.025568169816903855,1.6244128672959122,0.6264184480316365,0.46591258883663084,4.900471898508186,LOW,False
224,22,2,2958.742,0.09090909090909091,0.02359852573418474,0.021802073720730442,0.021802073720730442,3.8523207734710447,3.087346921082287,0.4538436109089882,19.796390086459414,LOW,False
225,7,0,597.95,0.0,0.023219737855396865,0.020454278827434755,0.020454278827434755,0.0,-1.1352019815165948,0.3009864451848362,2.1069051162938535,LOW,False
226,12,0,1491.95,0.0,0.023219737855396865,0.020454278827434755,0.020454278827434755,0.0,-1.1352019815165948,0.3712607321280216,2.598825124896151,LOW,False
227,17,0,3703.208,0.0,0.023219737855396865,0.020454278827434755,0.020454278827434755,0.0,-1.1352019815165948,0.4183636342904982,2.9285454400334876,LOW,False
228,37,1,4174.6367,0.02702702702702703,0.022029261664920672,0.0209545938111446,0.0209545938111446,1.2268693993528064,0.23850452111595305,0.5265183489530272,4.281160615972307,LOW,False
229,79,2,9396.173,0.02531645569620253,0.02255152305674728,0.020914752001200448,0.020914752001200448,1.1226051399055283,0.1322001159419223,0.6342715546647637,4.761739374905358,LOW,False
230,164,1,20489.412,0.006097560975609756,0.023061713068054195,0.020822596462755322,0.020822596462755322,0.2644019096767052,-0.8146991717765671,0.7390543791173132,14.781087582346263,LOW,False
231,211,7,26027.455,0.03317535545023697,0.02242925328600957,0.02110774401751224,0.02110774401751224,1.4791110086099197,0.509107091468979,0.7753331020967204,19.099994606508805,LOW,False
232,259,6,36238.863,0.023166023166023165,0.023458452418470003,0.02099965983506767,0.02099965983506767,0.9875341626450774,-0.013925428066149229,0.8048746566695612,16.097493133391225,LOW,False
233,298,4,37516.55,0.013422818791946308,0.024279027457795047,0.020565005395683292,0.020565005395683292,0.5528565266990035,-0.5278971951122131,0.8251043430370099,16.5020868607402,LOW,False
234,298,15,37455.086,0.050335570469798654,0.024393471716474897,0.020493532500597513,0.020493532500597513,2.063485306841459,1.2658675976221954,0.8251043430370099,27.80157163232858,LOW,False
235,272,10,32073.836,0.03676470588235294,0.025364661026590383,0.02116505731465196,0.02116505731465196,1.4494459769760621,0.5386257493321617,0.8119367345298883,19.60957951791823,LOW,False
236,282,8,35259.87,0.028368794326241134,0.025625337331010453,0.021269434417032843,0.021269434417032843,1.1070603270424344,0.1289858931572569,0.8171439105851144,17.14583066452055,LOW,False
237,372,13,42743.176,0.03494623655913978,0.02620999886282367,0.021138094157980025,0.021138094157980025,1.3333169811276724,0.4132935368261675,0.857112259559855,19.642122549654644,LOW,False
238,278,15,32779.676,0.0539568345323741,0.026169086064763872,0.02111940886002029,0.02111940886002029,2.0618539905765316,1.3157446144344178,0.8150834646326118,28.21238190240645,LOW,False
239,268,4,24549.049,0.014925373134328358,0.027852315752200364,0.021673296961702435,0.021673296961702435,0.5358754822083057,-0.596445600349334,0.8098002546497061,16.196005092994124,LOW,False
240,258,6,28394.451,0.023255813953488372,0.02733931654589725,0.02183360299939718,0.02183360299939718,0.8506362591195908,-0.1870283430784018,0.8043168760797031,16.086337521594064,LOW,False
241,200,7,21196.932,0.035,0.025935829553152625,0.020911274749935038,0.020911274749935038,1.349484500901402,0.4334585315931319,0.7676209501511251,17.97355275978302,LOW,False
242,142,0,12017.248,0.0,0.026804540244976523,0.020833330646616625,0.020833330646616625,0.0,-1.2866180976842334,0.7183414072125762,14.366828144251526,LOW,False
243,126,14,9820.5205,0.1111111111111111,0.026098325555710986,0.02145979181044805,0.02145979181044805,4.257403827457319,3.961491626121473,0.7011664534630849,75.47250310171,HIGH,True
244,92,4,8950.392,0.043478260869565216,0.029926673134058567,0.027520965745721954,0.027520965745721954,1.452826402547366,0.49240960003786205,0.6560660550181688,5.781131691814018,LOW,False
245,64,2,5849.514,0.03125,0.03068341501628201,0.02763813481167625,0.02763813481167625,1.0184655125062623,0.020500116508536115,0.6042170265463369,4.277991156153297,LOW,False
246,28,0,2371.238,0.0,0.030173904146716793,0.02750439641638228,0.02750439641638228,0.0,-1.0970574918249976,0.4873954768329804,3.411768337830863,LOW,False
247,21,0,3347.632,0.0,0.030173904146716793,0.02750439641638228,0.02750439641638228,0.0,-1.0970574918249976,0.4474094901461668,3.131866431023168,LOW,False
248,13,0,1736.464,0.0,0.028437793035605684,0.02805689471911679,0.02805689471911679,0.0,-1.0135759256433097,0.3819874078490358,2.673911854943251,LOW,False
249,10,0,1195.75,0.0,0.024649914247726893,0.02525267721243004,0.02525267721243004,0.0,-0.9761307302337651,0.34708067508455476,2.429564725591883,LOW,False
250,4,0,412.94,0.0,0.024649914247726893,0.02525267721243004,0.02525267721243004,0.0,-0.9761307302337651,0.23295629441831542,1.6306940609282077,LOW,False
251,12,0,4974.45,0.0,0.024649914247726893,0.02525267721243004,0.02525267721243004,0.0,-0.9761307302337651,0.3712607321280216,2.598825124896151,LOW,False
252,34,0,4661.394,0.0,0.024649914247726893,0.02525267721243004,0.02525267721243004,0.0,-0.9761307302337651,0.5146148872057391,3.6023042104401735,LOW,False
253,78,0,8717.275,0.0,0.023523788121600765,0.02573998666691434,0.02573998666691434,0.0,-0.9139005558164398,0.6324508528728112,4.427155970109678,LOW,False
254,103,1,10934.082,0.009708737864077669,0.022468935800925665,0.026178342228055845,0.026178342228055845,0.43209602582413775,-0.48743338388985685,0.6722471773128578,13.444943546257157,LOW,False
255,167,4,18021.723,0.023952095808383235,0.022619401504611825,0.02609038322002353,0.02609038322002353,1.0589181947851136,0.05107990528665787,0.7416624475867031,15.275135412622415,LOW,False
256,166,2,17391.805,0.012048192771084338,0.022235099019534587,0.025995893998409954,0.025995893998409954,0.5418546938108721,-0.39186597118273114,0.7407983024292605,14.81596604858521,LOW,False
257,238,6,24864.55,0.025210084033613446,0.021771856086412134,0.02607751471274349,0.02607751471274349,1.15792075482931,0.13184645795717367,0.7926846048043299,17.038097757306424,LOW,False
258,268,21,27676.758,0.07835820895522388,0.022262992138148266,0.026024379564427574,0.026024379564427574,3.5196620682875275,2.155487191469937,0.8098002546497061,49.537060498524795,MEDIUM,True
259,281,2,29632.223,0.0071174377224199285,0.023430602075040982,0.02789970843997777,0.02789970843997777,0.30376674485892313,-0.5847073415737118,0.8166315423193131,16.332630846386266,LOW,False
260,299,5,31105.553,0.016722408026755852,0.022195299235043774,0.027939961615016714,0.027939961615016714,0.7534211568706013,-0.19588041256815622,0.8255876285742981,16.511752571485964,LOW,False
261,275,2,25836.152,0.007272727272727273,0.021710033139231883,0.02792921360234525,0.02792921360234525,0.33499383561901774,-0.516924897065211,0.8135186506466554,16.27037301293311,LOW,False
262,291,6,28863.686,0.020618556701030927,0.020556970252298034,0.027930248360051188,0.027930248360051188,1.0029958913194423,0.0022050089902165343,0.8216753935549219,16.455977055994257,LOW,False
263,275,8,27404.645,0.02909090909090909,0.019167875342658732,0.027010798658875207,0.027010798658875207,1.5176908536214404,0.36737283756657263,0.8135186506466554,20.153054415093912,LOW,False
264,233,8,22212.578,0.034334763948497854,0.019758106007516266,0.027068770274868006,0.027068770274868006,1.7377558322359652,0.5385046233339711,0.7896243664185199,21.325656070140138,LOW,False
265,243,6,22037.14,0.024691358024691357,0.020219728923974993,0.027225030167346526,0.027225030167346526,1.2211517828715424,0.16424698423583745,0.7956814796425686,17.57226796438794,LOW,False
266,220,6,20706.19,0.02727272727272727,0.0197902021750038,0.027062538981883346,0.027062538981883346,1.378092403076829,0.2764901365216526,0.7813510355990383,18.462713735056983,LOW,False
267,152,0,12824.29,0.0,0.020926565811367436,0.026766386866602355,0.026766386866602355,0.0,-0.7818225865022698,0.7281251226999029,14.562502453998057,LOW,False
268,96,2,11066.568,0.020833333333333332,0.016296936181737807,0.018960340036720164,0.018960340036720164,1.2783588952553528,0.23925716220331297,0.6621614349665509,5.365822144811157,LOW,False
269,75,0,5772.2607,0.0,0.01535339753439481,0.018092469598679693,0.018092469598679693,0.0,-0.8486070655337861,0.6268471640146392,4.387930148102475,LOW,False
270,39,1,3103.12,0.02564102564102564,0.014051314201061477,0.018023048328102153,0.018023048328102153,1.824813343017313,0.6430494569496931,0.5339427396031516,5.902734202642508,LOW,False
271,29,0,2519.412,0.0,0.015119690269437547,0.017913541096508202,0.017913541096508202,0.0,-0.8440369320605602,0.4923025190943706,3.4461176336605943,LOW,False
272,15,2,2234.272,0.13333333333333333,0.015119690269437547,0.017913541096508202,0.017913541096508202,8.818522797576682,6.599121995312171,0.4013152602464483,30.809206821725137,MEDIUM,False
273,11,1,3260.79,0.09090909090909091,0.0206752458249931,0.029771377841979817,0.029771377841979817,4.397001693648363,2.3591063019281213,0.35967503973766723,17.38094479492615,LOW,False
274,14,0,1411.067,0.0,0.02446312461287189,0.03266874465343554,0.03266874465343554,0.0,-0.7488235275762051,0.3919737040327585,2.7438159282293095,LOW,False
275,25,0,1994.355,0.0,0.02446312461287189,0.03266874465343554,0.03266874465343554,0.0,-0.7488235275762051,0.47158954718963364,3.3011268303274357,LOW,False
276,62,3,6343.084,0.04838709677419355,0.02446312461287189,0.03266874465343554,0.03266874465343554,1.977960605602011,0.7323199105174597,0.5996934120163099,6.765000473819447,LOW,False
277,114,4,16390.672,0.03508771929824561,0.026479253645129954,0.03258636386180392,0.03258636386180392,1.3251022769933292,0.26417386393963593,0.6867999053273037,16.17426518399604,LOW,False
278,224,3,33047.22,0.013392857142857142,0.02794124194922352,0.03213063856518155,0.03213063856518155,0.4793221850050701,-0.4527885363016649,0.783947408065517,15.678948161310341,LOW,False
279,262,4,31145.1,0.015267175572519083,0.02809474691917267,0.03204844041554821,0.03204844041554821,0.543417444422691,-0.40025571230075596,0.8065352165719889,16.13070433143978,LOW,False
280,284,12,42392.992,0.04225352112676056,0.027732875242678326,0.03214613403111505,0.03214613403111505,1.5235896298893778,0.45170737700612273,0.8181632379241737,20.29018698265381,LOW,False
281,304,13,41957.234,0.04276315789473684,0.028991430590831504,0.03209661046541595,0.03209661046541595,1.4750275175541225,0.42907107960026974,0.8279801439376598,20.122309260409118,LOW,False
282,312,15,48340.49,0.04807692307692308,0.02972280866837831,0.032206500312832266,0.032206500312832266,1.6175094222529334,0.5698885079181301,0.8317277677511812,21.265876021920626,LOW,False
283,342,13,53256.348,0.038011695906432746,0.028461088423449115,0.030779873490739115,0.030779873490739115,1.3355671905757083,0.3102874183630796,0.8449757783622712,19.41626949656324,LOW,False
284,319,8,54831.312,0.025078369905956112,0.02974834918111631,0.0304931266598006,0.0304931266598006,0.8430171957869644,-0.15314858745911022,0.8349291847879878,16.69858369575976,LOW,False
285,319,11,52681.383,0.034482758620689655,0.030096514259416323,0.03038544567189764,0.03038544567189764,1.1457392814153222,0.14435346476849623,0.8349291847879878,17.791628306374673,LOW,False
286,317,3,44834.8,0.00946372239747634,0.031230265565581422,0.030002026437528664,0.030002026437528664,0.3030304810442028,-0.7255024327582734,0.8340216966495514,16.68043393299103,LOW,False
287,308,8,45383.85,0.025974025974025976,0.030765480802933315,0.030258872947836905,0.030258872947836905,0.8442587372647041,-0.15834875400571927,0.82986608441558,16.5973216883116,LOW,False
288,292,4,35238.48,0.0136986301369863,0.030635610673063186,0.03027305810138799,0.03027305810138799,0.44714728500682455,-0.5594737234458762,0.8221702449222077,16.443404898444154,LOW,False
289,261,6,27346.133,0.022988505747126436,0.0297757717642502,0.03045593316978539,0.03045593316978539,0.772054068963788,-0.22285529651270872,0.8059838106329514,16.11967621265903,LOW,False
290,185,6,17842.486,0.032432432432432434,0.029704819586018328,0.030470273322791945,0.030470273322791945,1.091823915594423,0.0895171768732982,0.7563948700797809,15.81657676855379,LOW,False
291,184,4,16999.145,0.021739130434782608,0.029919807301006043,0.030470569779640848,0.030470569779640848,0.7265798945854721,-0.26847797482570934,0.7556145777105949,15.112291554211899,LOW,False
292,118,5,11712.259,0.0423728813559322,0.030825604402455315,0.029859465534204162,0.029859465534204162,1.3746001798607759,0.3867208185708959,0.6917488962584405,16.64447927412463,LOW,False
293,108,1,10642.801,0.009259259259259259,0.03172308557006361,0.02986977494489088,0.02986977494489088,0.2918776371487968,-0.7520587735344392,0.679043913423446,13.580878268468922,LOW,False
294,41,4,4767.493,0.0975609756097561,0.03210888803919941,0.029499724803650602,0.029499724803650602,3.0384414275153655,2.2187355307957644,0.541004817463479,14.469910416703655,LOW,False
295,36,1,2995.079,0.027777777777777776,0.035105552621229844,0.03233116622435974,0.03233116622435974,0.791264506714512,-0.22664740246613793,0.5226582832922795,3.6586079830459566,LOW,False
296,15,1,3120.81,0.06666666666666667,0.03626296002863725,0.03150648337032031,0.03150648337032031,1.8384231903302788,0.9649984189181288,0.4013152602464483,5.01006769634212,LOW,False
297,29,2,4503.238,0.06896551724137931,0.033485182250859474,0.024801549906872784,0.024801549906872784,2.0595831530709123,1.4305692637655618,0.4923025190943706,8.11126393944607,LOW,False
298,20,1,3370.171,0.05,0.03257086668137149,0.02292613253890903,0.02292613253890903,1.5351142015694932,0.7602299816180815,0.44067600240186683,4.489406795932987,LOW,False
299,37,3,4500.748,0.08108108108108109,0.034654200014704824,0.022094382906662952,0.022094382906662952,2.339718736738287,2.101297929999005,0.5265183489530272,12.02056857035484,LOW,False
300,51,1,7088.979,0.0196078431372549,0.0380325783930832,0.02275420603668304,0.02275420603668304,0.5155538742232865,-0.8097287695349592,0.5719183622512457,4.0034285357587205,LOW,False
301,120,3,16971.785,0.025,0.03683344282487743,0.0229423513028294,0.0229423513028294,0.67873101406407,-0.5157903245696552,0.6941613501691095,13.88322700338219,LOW,False
302,196,2,29605.654,0.01020408163265306,0.03641312118745053,0.02306778937008593,0.02306778937008593,0.28023089754167546,-1.1361747384768945,0.7647114273842626,15.29422854768525,LOW,False
303,229,4,32028.996,0.017467248908296942,0.036280255541192026,0.023214860651619106,0.023214860651619106,0.4814533042212149,-0.810386369111502,0.7871287203889158,15.742574407778317,LOW,False
304,296,3,36618.3,0.010135135135135136,0.0363719252635161,0.023132475172919418,0.023132475172919418,0.27865269879737364,-1.1341972673592529,0.824132903927884,16.48265807855768,LOW,False
305,276,4,31998.72,0.014492753623188406,0.03503365918053171,0.02369952798568786,0.02369952798568786,0.41368084185856513,-0.8667221376623176,0.8140421372351528,16.280842744703058,LOW,False
306,292,4,41629.887,0.0136986301369863,0.03385572566921719,0.02399931014343155,0.02399931014343155,0.40461782656283674,-0.8399031227048729,0.8221702449222077,16.443404898444154,LOW,False
307,334,7,52060.824,0.020958083832335328,0.032423296796719826,0.02413914374268157,0.02413914374268157,0.6463896612282684,-0.47496353170606914,0.8415598349549974,16.831196699099948,LOW,False
308,252,0,31155.984,0.0,0.031712729626965766,0.02421835735761835,0.02421835735761835,0.0,-1.309450065447561,0.8009242859935429,16.01848571987086,LOW,False
309,274,0,40760.543,0.0,0.03066779754755093,0.02504399646847712,0.02504399646847712,0.0,-1.2245568548195767,0.8129932639211856,16.259865278423714,LOW,False
310,244,7,25114.629,0.028688524590163935,0.029231015938355528,0.02579354161211733,0.02579354161211733,0.9814412420924529,-0.02103206129462812,0.796273479993163,15.925469599863263,LOW,False
311,274,11,30664.574,0.040145985401459854,0.03003204936305084,0.025449186233167977,0.025449186233167977,1.3367714242922242,0.397416873991338,0.8129932639211856,18.785650960615392,LOW,False
312,233,1,33074.074,0.004291845493562232,0.030622547672527253,0.025515264373107444,0.025515264373107444,0.14015311656817578,-1.0319588225280953,0.7896243664185199,15.792487328370397,LOW,False
313,240,5,27512.617,0.020833333333333332,0.030230598312384584,0.025856510724906395,0.025856510724906395,0.6891472381080374,-0.3634390223426124,0.7938908108176181,15.877816216352365,LOW,False
314,221,6,24766.146,0.027149321266968326,0.030140799461809874,0.025886480885239302,0.025886480885239302,0.9007498723239932,-0.11556140860178932,0.7820045079683347,15.640090159366693,LOW,False
315,138,0,17390.137,0.0,0.029920669829915536,0.025888609146230646,0.025888609146230646,0.0,-1.1557465161959832,0.714234922319791,14.284698446395822,LOW,False
316,120,3,10757.888,0.025,0.029014872728466257,0.02655894148621276,0.02655894148621276,0.8616270777390901,-0.15116840144214522,0.6941613501691095,13.88322700338219,LOW,False
317,72,2,4689.664,0.027777777777777776,0.028291002671969084,0.02641539955659213,0.02641539955659213,0.9818590772429634,-0.019429003642052762,0.6210177634316978,4.347124344021885,LOW,False
318,56,0,6540.0938,0.0,0.029062607610240685,0.02610393426787701,0.02610393426787701,0.0,-1.1133420469114712,0.5852069435058582,4.096448604541007,LOW,False
319,24,0,2126.181,0.0,0.024997566959834183,0.022291130278149156,0.022291130278149156,0.0,-1.121413165142999,0.46591258883663084,3.2613881218564154,LOW,False
320,10,0,393.37,0.0,0.023840159552426774,0.022854522742145337,0.022854522742145337,0.0,-1.0431265540480463,0.34708067508455476,2.429564725591883,LOW,False
321,17,3,2219.308,0.17647058823529413,0.021062381774649,0.021429997398438056,0.021429997398438056,8.378472583176553,7.251900388563378,0.4183636342904982,30.928545440033492,MEDIUM,False
322,20,1,2197.45,0.05,0.02554175973272878,0.03726408373255095,0.03726408373255095,1.9575785115514512,0.6563488973138616,0.44067600240186683,5.598375609635627,LOW,False
323,31,1,3979.585,0.03225806451612903,0.02554175973272878,0.03726408373255095,0.03726408373255095,1.2629538784202912,0.18023533951898618,0.5016440753080604,4.2017624580096875,LOW,False
324,77,0,10018.688,0.0,0.02350746737585578,0.035385606741381685,0.035385606741381685,0.0,-0.6643228572470676,0.6306069568040767,4.414248697628537,LOW,False
325,113,0,13111.503,0.0,0.022690473911803493,0.035704476187544125,0.035704476187544125,0.0,-0.6355078223978903,0.6855357585674703,13.710715171349404,LOW,False
326,182,5,26492.14,0.027472527472527472,0.021648807245136823,0.03599764683428888,0.03599764683428888,1.2690088262806667,0.16178058121964167,0.7540412591337875,17.09839137978075,LOW,False
327,243,8,32438.176,0.03292181069958848,0.02236832582179826,0.03593146392201128,0.03593146392201128,1.4718048620118764,0.2937115198171833,0.7956814796425686,19.45216605794045,LOW,False
328,330,4,54089.62,0.012121212121212121,0.023012265896435406,0.035978263949460826,0.035978263949460826,0.5267283185307577,-0.30271204276343355,0.8398211487761266,16.796422975522532,LOW,False
329,330,5,48182.055,0.015151515151515152,0.02309501910418861,0.03594963032297225,0.03594963032297225,0.6560512066763006,-0.22096204832452654,0.8398211487761266,16.796422975522532,LOW,False
330,315,1,43571.78,0.0031746031746031746,0.02312246750120223,0.035943027605857485,0.035943027605857485,0.13729517294977772,-0.5549856440960538,0.8331084829960353,16.662169659920707,LOW,False
331,297,6,37973.547,0.020202020202020204,0.022683966377769597,0.0361267227077217,0.0361267227077217,0.8905858819213507,-0.06870111622992316,0.824619438449672,16.49238876899344,LOW,False
332,286,10,37583.254,0.03496503496503497,0.022652463726506467,0.036128622713531344,0.036128622713531344,1.543542256029357,0.3407982456501737,0.8191754370417206,20.46007566105459,LOW,False
333,251,1,39436.223,0.00398406374501992,0.024109340183382923,0.03587957229304518,0.03587957229304518,0.1652498042134678,-0.5609118267628861,0.8003510421395341,16.007020842790684,LOW,False
334,292,6,36048.105,0.02054794520547945,0.02427534283942542,0.035772232603388604,0.035772232603388604,0.846453347390327,-0.10419807103660851,0.8221702449222077,16.443404898444154,LOW,False
335,285,14,44604.582,0.04912280701754386,0.023936152031730232,0.03576716158176591,0.03576716158176591,2.052243274208223,0.7041837784146052,0.8186702222741883,24.26522900204544,LOW,False
336,277,6,33354.305,0.021660649819494584,0.024310186265733735,0.03599028718495331,0.03599028718495331,0.8910112651019138,-0.07361809681104349,0.8145637373814031,16.291274747628062,LOW,False
337,218,6,25566.209,0.027522935779816515,0.025033886445980914,0.035744038127000284,0.035744038127000284,1.099427203970369,0.06963537037958302,0.7800351730461409,16.346407490700585,LOW,False
338,235,2,20008.059,0.00851063829787234,0.02531261988125105,0.035735939844817745,0.035735939844817745,0.3362211552102568,-0.470170412652943,0.7908562366961261,15.817124733922524,LOW,False
339,154,2,14320.033,0.012987012987012988,0.024536008090872048,0.03589645629465448,0.03589645629465448,0.5293042347766608,-0.32173078615503553,0.7300049398220412,14.600098796440825,LOW,False
340,151,8,14412.414,0.052980132450331126,0.02507713363199759,0.0356072258203342,0.0356072258203342,2.112686929367806,0.7836330456948708,0.7271759790762514,22.888671551783574,LOW,False
341,84,5,9247.004,0.05952380952380952,0.026242972484094722,0.0360597724029011,0.0360597724029011,2.268180921954842,0.9229353049670738,0.6430465978893322,7.830301105356786,LOW,False
342,47,4,3848.504,0.0851063829787234,0.027565723806846045,0.03669517895921219,0.03669517895921219,3.0873988136522987,1.5680713598872362,0.5603326698608914,11.887062774370182,LOW,False
343,23,2,2791.855,0.08695652173913043,0.031111823097626185,0.03800434431582053,0.03800434431582053,2.7949670922937706,1.4694293414833919,0.46000385479927935,9.985568969855942,LOW,False
344,21,0,2147.421,0.0,0.034735011503423285,0.03904023524667624,0.03904023524667624,0.0,-0.8897234169812158,0.4474094901461668,3.131866431023168,LOW,False
345,18,0,1423.389,0.0,0.034735011503423285,0.03904023524667624,0.03904023524667624,0.0,-0.8897234169812158,0.4261895338914151,2.9833267372399055,LOW,False
346,20,0,2585.67,0.0,0.027382070326952695,0.025431227572671813,0.025431227572671813,0.0,-1.0767105224750237,0.44067600240186683,3.084732016813068,LOW,False
347,32,0,3983.804,0.0,0.02529873699361936,0.02554555103837588,0.02554555103837588,0.0,-0.990338276736104,0.5060980846989978,3.542686592892984,LOW,False
348,78,2,8454.99,0.02564102564102564,0.023954650972113984,0.026007912952188354,0.026007912952188354,1.0703986324357133,0.06484083025084723,0.6324508528728112,4.611952380253427,LOW,False
349,133,3,16491.867,0.022556390977443608,0.025023027040490056,0.025502846924729806,0.025502846924729806,0.9014253527738608,-0.09672002778068593,0.708932355598294,14.17864711196588,LOW,False
350,196,7,35765.57,0.03571428571428571,0.025962876664550206,0.024950230829933983,0.024950230829933983,1.3755904700286972,0.3908344221824303,0.7647114273842626,18.11115707290048,LOW,False
351,288,6,40741.34,0.020833333333333332,0.026306283257956798,0.02502850816613491,0.02502850816613491,0.7919527486663067,-0.21866864330446587,0.8201806069420335,16.40361213884067,LOW,False
352,321,7,44462.473,0.021806853582554516,0.025802596701029506,0.0250112168380125,0.0250112168380125,0.845141821779683,-0.15975804553428152,0.8358310187580241,16.716620375160485,LOW,False
353,303,7,60489.152,0.0231023102310231,0.026206165095252105,0.024858538134107565,0.024858538134107565,0.8815601270560818,-0.12486071576229614,0.8275047941378635,16.550095882757272,LOW,False
354,323,19,47129.695,0.058823529411764705,0.026537448223564932,0.02475758450601365,0.02475758450601365,2.216623426495473,1.3040884978240683,0.8367272685809964,29.660327293136827,LOW,False
355,318,5,49341.113,0.015723270440251572,0.028856153483446664,0.025078233100250688,0.025078233100250688,0.5448844888238908,-0.5236765680698539,0.8344761519175351,16.689523038350703,LOW,False
356,316,5,46722.465,0.015822784810126583,0.028669538910039635,0.025161955088463868,0.025161955088463868,0.5519023120593574,-0.5105626353257013,0.83356581002403,16.6713162004806,LOW,False
357,297,14,44855.47,0.04713804713804714,0.027871945153585122,0.025256931644527934,0.025256931644527934,1.691236362525055,0.7628045344390094,0.824619438449672,21.676661487931355,LOW,False
358,296,10,37130.66,0.033783783783783786,0.029670027794961255,0.025017339281992068,0.025017339281992068,1.1386502236280733,0.16443619133325207,0.824132903927884,17.52253475576823,LOW,False
359,297,6,40468.19,0.020202020202020204,0.03022152106905727,0.02495331136940962,0.02495331136940962,0.66846470618927,-0.40152990994694276,0.824619438449672,16.49238876899344,LOW,False
360,273,7,34491.07,0.02564102564102564,0.029016488285077118,0.02469786076085306,0.02469786076085306,0.8836708766791933,-0.1366702434974328,0.8124659632143479,16.24931926428696,LOW,False
361,266,12,28037.645,0.045112781954887216,0.029182337277640913,0.024659652620130562,0.024659652620130562,1.5458933780966195,0.6460125340225478,0.8087200713981695,20.26860176368804,LOW,False
362,233,2,23235.79,0.008583690987124463,0.029915247534935522,0.024868697300320843,0.024868697300320843,0.28693364402551863,-0.857767348655446,0.7896243664185199,15.792487328370397,LOW,False
363,157,4,21905.895,0.025477707006369428,0.029918291396987692,0.024865967847068692,0.024865967847068692,0.8515762704595704,-0.17858079837989252,0.7327796679344233,14.655593358688465,LOW,False
364,136,22,13592.913,0.16176470588235295,0.030438736981127545,0.02462574305648492,0.02462574305648492,5.3144355491047275,5.332873351273036,0.7121371481527359,94.24274296305472,CRITICAL,True
365,111,11,9509.517,0.0990990990990991,0.03497142754079512,0.03623182295336167,0.03623182295336167,2.833716152521864,1.7699267199679798,0.682973853033872,37.036432204191165,MEDIUM,False
366,43,2,3679.392,0.046511627906976744,0.03662039793976552,0.038242598142280884,0.038242598142280884,1.2701016516390853,0.258644298444658,0.5477383052077789,4.543184972007051,LOW,False
367,36,3,3691.11,0.08333333333333333,0.03501228314510941,0.036903102308551636,0.036903102308551636,2.3801170859939624,1.3094034692315388,0.5226582832922795,8.63505551166809,LOW,False
368,18,0,1772.619,0.0,0.03486131696153453,0.03668815059812681,0.03668815059812681,0.0,-0.9502064397684425,0.4261895338914151,2.9833267372399055,LOW,False
369,13,0,1217.144,0.0,0.03486131696153453,0.03668815059812681,0.03668815059812681,0.0,-0.9502064397684425,0.3819874078490358,2.673911854943251,LOW,False
370,28,0,4977.856,0.0,0.03486131696153453,0.03668815059812681,0.03668815059812681,0.0,-0.9502064397684425,0.4873954768329804,3.411768337830863,LOW,False
371,44,1,6895.41,0.022727272727272728,0.03486131696153453,0.03668815059812681,0.03668815059812681,0.6519338541441125,-0.33073469325764626,0.5509911136472015,3.8569377955304107,LOW,False
372,107,2,12089.799,0.018691588785046728,0.03580828665850423,0.03603673888624129,0.03603673888624129,0.5219905929402405,-0.4749791019517753,0.6777098589665534,13.554197179331071,LOW,False
373,173,2,23300.48,0.011560693641618497,0.03551872678950511,0.03614972879279838,0.03614972879279838,0.32548164550296865,-0.6627444782562087,0.7467417015090355,14.93483403018071,LOW,False
374,271,9,44749.645,0.033210332103321034,0.035060572733845725,0.03639003326910885,0.03639003326910885,0.9472273130113884,-0.050844708407984406,0.8114055637174651,16.228111274349303,LOW,False
375,330,5,47715.113,0.015151515151515152,0.034956241333388864,0.03639166698647935,0.03639166698647935,0.43344234315727204,-0.5442104696449269,0.8398211487761266,16.796422975522532,LOW,False
376,384,16,54540.58,0.041666666666666664,0.03471949890914644,0.03650583891392144,0.03650583891392144,1.2000941250822625,0.190302920415039,0.861695562290294,18.73461718392285,LOW,False
377,353,10,58711.516,0.028328611898016998,0.035546991120984445,0.03642541349499792,0.03642541349499792,0.7969341709288519,-0.1981687654406093,0.849544831248957,16.99089662497914,LOW,False
378,330,6,53130.336,0.01818181818181818,0.035764753690442526,0.03636334993999728,0.03636334993999728,0.5083725261800681,-0.48353453511950173,0.8398211487761266,16.796422975522532,LOW,False
379,348,2,52783.223,0.005747126436781609,0.03407134905586142,0.036188740535126454,0.036188740535126454,0.1686791570054638,-0.7826805299175035,0.8474858508124337,16.949717016248673,LOW,False
380,369,9,53370.26,0.024390243902439025,0.03365567638905017,0.03646489463832684,0.03646489463832684,0.7246992638179264,-0.25409184857132716,0.855943392772207,17.118867855444144,LOW,False
381,341,3,54640.49,0.008797653958944282,0.03401265385122986,0.03632439249315904,0.03632439249315904,0.2586582628166831,-0.6941616407496509,0.8445531681819133,16.891063363638267,LOW,False
382,365,10,49717.55,0.0273972602739726,0.03241513746876724,0.03656434776637723,0.03656434776637723,0.8451995707366818,-0.137234150239891,0.8543700741953996,17.087401483907993,LOW,False
383,305,5,40129.258,0.01639344262295082,0.032149032322525105,0.036577191483210404,0.036577191483210404,0.5099202507400141,-0.43074902857991126,0.828453937761515,16.5690787552303,LOW,False
384,288,5,35528.7,0.017361111111111112,0.031990341590063885,0.036639486106014627,0.036639486106014627,0.5426985223722471,-0.39927499082885015,0.8201806069420335,16.40361213884067,LOW,False
385,251,0,30895.928,0.0,0.03164534515131744,0.036740712342479484,0.036740712342479484,0.0,-0.8613155035301046,0.8003510421395341,16.007020842790684,LOW,False
386,221,1,22096.242,0.004524886877828055,0.02976564590319714,0.03717321163343864,0.03717321163343864,0.15201709018993723,-0.6790039901385361,0.7820045079683347,15.640090159366693,LOW,False
387,162,1,20083.576,0.006172839506172839,0.029596529065309796,0.03728283819103535,0.03728283819103535,0.20856633196924595,-0.6282700216951073,0.7372891879239116,14.745783758478234,LOW,False
388,116,0,10377.959,0.0,0.028792159586134933,0.037582608624496715,0.037582608624496715,0.0,-0.7661032759542913,0.6892955513569078,13.785911027138157,LOW,False
389,70,4,8428.482,0.05714285714285714,0.022051963507703564,0.025145983673104576,0.025145983673104576,2.591282047192534,1.395487012611314,0.6169968414284669,10.226348944054168,LOW,False
390,47,0,5557.38,0.0,0.020303786759526814,0.020605121956182932,0.020605121956182932,0.0,-0.9853757139949517,0.5603326698608914,3.9223286890262394,LOW,False
391,33,0,3707.487,0.0,0.018365802263402783,0.02021663991182824,0.02021663991182824,0.0,-0.9084497890600218,0.5104191185326289,3.5729338297284023,LOW,False
392,26,0,1893.515,0.0,0.01489358004118056,0.015075979919219435,0.015075979919219435,0.0,-0.9879012920542336,0.47705222884332926,3.339365601903305,LOW,False
393,11,1,895.948,0.09090909090909091,0.01489358004118056,0.015075979919219435,0.015075979919219435,6.103911259598325,5.0421605278873365,0.35967503973766723,30.51772527816367,MEDIUM,False
394,8,1,581.95,0.125,0.01868145882905935,0.021304975404876195,0.021304975404876195,6.691126273584171,4.9903151329903395,0.31803481922888616,30.18387244143494,MEDIUM,False
395,24,0,2928.68,0.0,0.023889792162392686,0.030031388721978466,0.030031388721978466,0.0,-0.7954940873216744,0.46591258883663084,3.2613881218564154,LOW,False
396,52,6,4697.693,0.11538461538461539,0.02294282246542299,0.030425381121317707,0.030425381121317707,5.029224959505787,3.0383117486874323,0.5746754719734962,23.44034220432199,LOW,False
397,111,0,13498.398,0.0,0.026971698573738347,0.03577042477794908,0.03577042477794908,0.0,-0.7540223170725451,0.682973853033872,13.65947706067744,LOW,False
398,182,1,20533.242,0.005494505494505495,0.026490003005337576,0.03606361550656488,0.03606361550656488,0.20741807743088536,-0.5821794963128458,0.7540412591337875,15.08082518267575,LOW,False
399,252,1,32676.395,0.003968253968253968,0.02533517689663693,0.03628215604702355,0.03628215604702355,0.15663020567978456,-0.588909956196934,0.8009242859935429,16.01848571987086,LOW,False
400,309,5,42837.457,0.016181229773462782,0.024869207680667717,0.03648984901378078,0.03648984901378078,0.6506532086280092,-0.23809300783688714,0.8303337548836532,16.606675097673065,LOW,False
401,317,6,42642.2,0.01892744479495268,0.023807314476784216,0.03635033184682612,0.03635033184682612,0.7950264534628567,-0.13424553322908972,0.8340216966495514,16.68043393299103,LOW,False
402,329,8,42420.812,0.0243161094224924,0.023415599180823202,0.0363501455055978,0.0363501455055978,1.038457706536363,0.0247732224766617,0.8393831941789253,17.07609668260123,LOW,False
403,357,4,35631.234,0.011204481792717087,0.02367119464918463,0.036333306889136566,0.036333306889136566,0.4733382475524121,-0.3431207870648023,0.8511711841339323,17.023423682678647,LOW,False
404,343,12,35412.836,0.03498542274052478,0.02389858445568194,0.036233192277180755,0.036233192277180755,1.4639119235452007,0.3059856884822485,0.8453971582346869,20.387282591282744,LOW,False
405,279,7,31687.514,0.025089605734767026,0.024340050240602183,0.0363039199972825,0.0363039199972825,1.030795149835578,0.020646682072375404,0.8156013323905754,16.542990271578343,LOW,False
406,265,4,28585.4,0.01509433962264151,0.025018881564594794,0.036152666766125205,0.036152666766125205,0.6033179214534555,-0.2745175620419933,0.808176941740451,16.16353883480902,LOW,False
407,272,3,30303.965,0.011029411764705883,0.024506259870789332,0.036204663002824884,0.036204663002824884,0.4500650781824355,-0.3722406725628661,0.8119367345298883,16.238734690597767,LOW,False
408,274,7,28414.656,0.025547445255474453,0.024282758585029127,0.03627341468431752,0.03627341468431752,1.0520816721056163,0.03486538781781967,0.8129932639211856,16.650477819215837,LOW,False
409,211,0,20369.654,0.0,0.024623855841044266,0.03624397520446216,0.03624397520446216,0.0,-0.6793916975755108,0.7753331020967204,15.506662041934408,LOW,False
410,187,6,20368.871,0.03208556149732621,0.024623855841044266,0.03624397520446216,0.03624397520446216,1.3030275073266309,0.2058743726147152,0.7579429477664821,17.431565260279374,LOW,False
411,127,10,11324.448,0.07874015748031496,0.025772217283523358,0.03601536560375143,0.03601536560375143,3.055234115640293,1.470703942854723,0.7023017054312845,35.34408926161192,MEDIUM,False
412,91,7,6476.346,0.07692307692307693,0.028795855532445944,0.03732087691274645,0.03732087691274645,2.671324588234695,1.289552265964945,0.6545012410322124,10.235526894938195,LOW,False
413,52,3,4805.348,0.057692307692307696,0.03200098373757415,0.03803658447771752,0.03803658447771752,1.8028291931715812,0.6754371957288636,0.5746754719734962,6.130154935889874,LOW,False
414,56,8,5669.557,0.14285714285714285,0.032023877510467924,0.03805253702335995,0.03805253702335995,4.460957072123633,2.9126380004212558,0.5852069435058582,21.549252170708534,LOW,False
415,23,0,2235.231,0.0,0.037976258462848876,0.043594994746890645,0.043594994746890645,0.0,-0.871115105835802,0.46000385479927935,3.2200269835949555,LOW,False
416,19,3,2230.293,0.15789473684210525,0.037976258462848876,0.043594994746890645,0.043594994746890645,4.157722304227767,2.7507395992474435,0.4336139245415396,18.983804267096232,LOW,False
417,13,0,815.673,0.0,0.04455520583126993,0.04917206087549457,0.04917206087549457,0.0,-0.9061081646361197,0.3819874078490358,2.673911854943251,LOW,False
418,18,2,3598.3,0.1111111111111111,0.040767327043391144,0.048947015370605196,0.048947015370605196,2.725494143701126,1.4371414382492553,0.4261895338914151,9.425242656795852,LOW,False
419,14,0,1806.239,0.0,0.04018862333968744,0.04798038749095331,0.04798038749095331,0.0,-0.8376052266619354,0.3919737040327585,2.7438159282293095,LOW,False
420,33,5,3987.796,0.15151515151515152,0.04018862333968743,0.04798038749095331,0.04798038749095331,3.7701005638958005,2.320250710698297,0.5104191185326289,16.620544669259928,LOW,False
421,79,0,9208.502,0.0,0.04169406234512644,0.05091914766038832,0.05091914766038832,0.0,-0.8188287561922727,0.6342715546647637,4.439900882653346,LOW,False
422,121,4,15292.247,0.03305785123966942,0.04169406234512644,0.05091914766038832,0.05091914766038832,0.7928671225660386,-0.169606356395777,0.6953526645809566,13.907053291619132,LOW,False
423,161,1,16794.695,0.006211180124223602,0.042842535084508276,0.050375110848717,0.050375110848717,0.144976951339874,-0.727171699339648,0.7363984535193844,14.727969070387688,LOW,False
424,262,2,27022.795,0.007633587786259542,0.04293599034100701,0.05030188347245306,0.05030188347245306,0.17778995489872065,-0.701810749772028,0.8065352165719889,16.13070433143978,LOW,False
425,277,10,30682.455,0.036101083032490974,0.04257983859154021,0.05052929680355354,0.05052929680355354,0.8478445251707357,-0.1282178056868111,0.8145637373814031,16.291274747628062,LOW,False
426,283,5,28738.402,0.0176678445229682,0.04329540685143763,0.05030086689825718,0.05030086689825718,0.4080766484905208,-0.5094855001267856,0.817654471551691,16.353089431033823,LOW,False
427,294,13,33056.555,0.04421768707482993,0.043018395813957465,0.050428077248138956,0.050428077248138956,1.0278785677192397,0.023782212733814423,0.8231549009912174,16.67218727771865,LOW,False
428,302,5,30335.59,0.016556291390728478,0.0443939460340455,0.04997072807332749,0.04997072807332749,0.37294029636454346,-0.5570792285128966,0.8270278781085497,16.540557562170996,LOW,False
429,319,17,32724.854,0.05329153605015674,0.043626065561137316,0.05026233684228304,0.05026233684228304,1.2215526512578654,0.1923004598721398,0.8349291847879878,18.36022858019375,LOW,False
430,306,7,33464.727,0.02287581699346405,0.04480114599094522,0.05013964805029304,0.05013964805029304,0.5106078536046263,-0.4372852592720389,0.8289261857626431,16.578523715252864,LOW,False
431,283,11,32617.805,0.038869257950530034,0.0451253742147295,0.049964048720456906,0.049964048720456906,0.8613614541027476,-0.1252123561723694,0.817654471551691,16.353089431033823,LOW,False
432,295,6,30421.291,0.020338983050847456,0.04628536780580549,0.04945865734063854,0.04945865734063854,0.43942576272012196,-0.5246075439585124,0.8236447284771157,16.472894569542316,LOW,False
433,315,12,30625.842,0.0380952380952381,0.04606834854727937,0.04956492237465715,0.04956492237465715,0.8269286678714223,-0.16086195781309184,0.8331084829960353,16.662169659920707,LOW,False
434,266,1,26096.959,0.0037593984962406013,0.04765565013458095,0.04862656471636572,0.04862656471636572,0.07888673191161909,-0.9027216274557569,0.8087200713981695,16.174401427963392,LOW,False
435,210,3,18629.633,0.014285714285714285,0.04647539334286906,0.04935915641768314,0.04935915641768314,0.3073823212279753,-0.6521521313039029,0.7746487325761663,15.492974651523328,LOW,False
436,182,12,14901.618,0.06593406593406594,0.04378979154309403,0.04928072507778129,0.04928072507778129,1.5056949030958386,0.4493496058757438,0.7540412591337875,18.87353695589454,LOW,False
437,133,5,11136.488,0.03759398496240601,0.04333191608521857,0.04900979918263281,0.04900979918263281,0.8675818740272626,-0.11707722166806721,0.708932355598294,14.17864711196588,LOW,False
438,70,0,6971.276,0.0,0.04249448597147267,0.048925392016814874,0.048925392016814874,0.0,-0.8685568826279,0.6169968414284669,4.3189778899992675,LOW,False
439,36,5,3006.841,0.1388888888888889,0.03654210501909172,0.04469108457766872,0.04469108457766872,3.8007905898230345,2.2900939826584095,0.5226582832922795,16.654844455461962,LOW,False
440,14,0,1546.654,0.0,0.042329142056128755,0.04857693294146187,0.04857693294146187,0.0,-0.8713835866734921,0.3919737040327585,2.7438159282293095,LOW,False
441,13,0,959.55,0.0,0.0357501946877077,0.042565086697249295,0.042565086697249295,0.0,-0.839894793166673,0.3819874078490358,2.673911854943251,LOW,False
442,27,0,2407.466,0.0,0.0357501946877077,0.042565086697249295,0.042565086697249295,0.0,-0.839894793166673,0.4823162229106479,3.3762135603745356,LOW,False
443,40,0,3936.357,0.0,0.031120565058078073,0.03997580645045242,0.03997580645045242,0.0,-0.7784849843279614,0.5375168442542968,3.762617909780078,LOW,False
444,75,0,8900.359,0.0,0.031120565058078073,0.03997580645045242,0.03997580645045242,0.0,-0.7784849843279614,0.6268471640146392,4.387930148102475,LOW,False
445,175,1,23801.928,0.005714285714285714,0.02480743374494676,0.031118703592431463,0.031118703592431463,0.23034570093126647,-0.6135585942373508,0.748395935331003,14.967918706620061,LOW,False
446,260,10,32264.264,0.038461538461538464,0.025045528983042003,0.030942003528190046,0.030942003528190046,1.5356648481084294,0.4335856747696916,0.8054302960618666,20.12609228205055,LOW,False
447,328,5,51911.387,0.01524390243902439,0.025270682617286544,0.03102239705393285,0.03102239705393285,0.6032247988662055,-0.3232110065779399,0.8389439104306816,16.778878208613634,LOW,False
448,404,13,61129.27,0.03217821782178218,0.02564704604706991,0.030835342395898118,0.030835342395898118,1.254655907067256,0.2118079861367481,0.8690259328760876,19.290437960526173,LOW,False
449,408,14,57703.293,0.03431372549019608,0.026669738965216683,0.0306181899206446,0.0306181899206446,1.286616473260157,0.2496550757830844,0.8704484886405054,19.558593322261288,LOW,False
450,388,9,61140.188,0.023195876288659795,0.026595265734287735,0.030596418454205156,0.030596418454205156,0.8721806550236757,-0.11110416242724415,0.863191636425333,17.26383272850666,LOW,False
451,423,8,62541.066,0.018912529550827423,0.026825600391191546,0.030547057506475097,0.030547057506475097,0.7050179408859584,-0.2590452726481685,0.8756619171583324,17.51323834316665,LOW,False
452,374,9,53088.11,0.02406417112299465,0.02577121882769144,0.03035677227811905,0.03035677227811905,0.9337614679340447,-0.05623284613585939,0.8578862928693893,17.15772585738779,LOW,False
453,406,25,68912.516,0.06157635467980296,0.0260840471498692,0.030296307551686125,0.030296307551686125,2.3606902075436453,1.1715060480351656,0.8697389583768341,29.74378132455359,LOW,False
454,387,13,66344.27,0.03359173126614987,0.026429247926104456,0.030664751251902538,0.030664751251902538,1.271005946142378,0.2335738281784051,0.862819065089775,19.288925897863336,LOW,False
455,356,10,50973.008,0.028089887640449437,0.026875744354133035,0.03068876722246864,0.03068876722246864,1.0451761733672573,0.03956311693835237,0.8507663058728835,17.354147417712102,LOW,False
456,373,7,41697.805,0.01876675603217158,0.026426603924546346,0.030584308493169236,0.030584308493169236,0.7101463391117041,-0.2504502560221537,0.8574997936171835,17.14999587234367,LOW,False
457,355,3,40809.164,0.008450704225352112,0.02636109446543485,0.03059959465788206,0.03059959465788206,0.32057486218688036,-0.5853146239461461,0.8503602919069505,17.00720583813901,LOW,False
458,279,2,32231.902,0.007168458781362007,0.0251259055541896,0.030703480043888683,0.030703480043888683,0.2853015094680521,-0.5848668211928603,0.8156013323905754,16.31202664781151,LOW,False
459,250,6,21854.402,0.024,0.025267949732736324,0.03060807142064467,0.03060807142064467,0.9498198410972137,-0.041425338934654714,0.7997755189799128,15.995510379598258,LOW,False
460,174,6,16255.083,0.034482758620689655,0.025672711637498232,0.03052063383182893,0.03052063383182893,1.3431677614577822,0.288658716320751,0.7475711816240547,17.52518184341446,LOW,False
461,105,6,8685.2,0.05714285714285714,0.024362240499440885,0.029370299480335198,0.029370299480335198,2.3455501617007917,1.1161144837955919,0.6750042870351083,25.043143000903,LOW,False
462,68,2,5434.922,0.029411764705882353,0.025176776840293014,0.030017168859027166,0.030017168859027166,1.1682100887041127,0.14108551960641474,0.6128610205234314,4.731578626512315,LOW,False
463,35,0,2679.841,0.0,0.026402267036371444,0.029541217341214752,0.029541217341214752,0.0,-0.8937433664771841,0.5186924493521103,3.630847145464772,LOW,False
464,21,0,2332.407,0.0,0.02061522999933441,0.017829879014996018,0.017829879014996018,0.0,-1.1562181651370567,0.4474094901461668,3.131866431023168,LOW,False
465,14,0,1397.15,0.0,0.02061522999933441,0.017829879014996018,0.017829879014996018,0.0,-1.1562181651370567,0.3919737040327585,2.7438159282293095,LOW,False
466,32,2,4549.2607,0.0625,0.02061522999933441,0.017829879014996018,0.017829879014996018,3.031739156052001,2.349133719047557,0.5060980846989978,14.778461898362547,LOW,False
467,41,3,5992.985,0.07317073170731707,0.023219396666001077,0.0191996278318466,0.0191996278318466,3.151276183435768,2.6016824637851186,0.541004817463479,16.44149448282314,LOW,False
468,90,1,10721.1875,0.011111111111111112,0.026268177153805954,0.021070590771975803,0.021070590771975803,0.42298752007240975,-0.7193469896845021,0.6529193249154452,4.5704352744081165,LOW,False
469,163,3,20225.463,0.018404907975460124,0.026731140116768918,0.0205847989325584,0.0205847989325584,0.6885193783378659,-0.40448450182039064,0.7381744743775209,14.76348948755042,LOW,False
470,238,4,34428.734,0.01680672268907563,0.02725991604431785,0.020180477286010405,0.020180477286010405,0.6165361133817168,-0.5179854374647832,0.7926846048043299,15.853692096086599,LOW,False
471,275,3,47081.355,0.01090909090909091,0.026357632053798565,0.020141933732619213,0.020141933732619213,0.4138873661649257,-0.7669840120509006,0.8135186506466554,16.27037301293311,LOW,False
472,367,8,53382.07,0.021798365122615803,0.026177014906718,0.020264985726627844,0.020264985726627844,0.8327292168451769,-0.21606971962229055,0.8551588711554365,17.103177423108733,LOW,False
473,400,5,56920.785,0.0125,0.025744521044252743,0.020242090011128294,0.020242090011128294,0.4855402040113123,-0.6543060048133089,0.8675892572207747,17.351785144415498,LOW,False
474,379,10,67503.54,0.026385224274406333,0.024835615815494566,0.020330134249783218,0.020330134249783218,1.06239460581223,0.07622224427407757,0.8598034584329547,17.664028712250822,LOW,False
475,392,9,59106.13,0.02295918367346939,0.024968505314900677,0.020329373648823056,0.020329373648823056,0.919525753901169,-0.0988383447587238,0.8646724051857825,17.29344810371565,LOW,False
476,352,3,67988.52,0.008522727272727272,0.025137115903344092,0.020293712005575438,0.020293712005575438,0.33904952761877744,-0.8186963836902893,0.8491353716153704,16.982707432307407,LOW,False
477,383,11,53724.375,0.028720626631853787,0.02448955574291628,0.020575441100871537,0.020575441100871537,1.172770422352858,0.20563694689190828,0.8613191150457277,18.52216046856099,LOW,False
478,358,8,55187.31,0.0223463687150838,0.023120567074251735,0.019036023111206318,0.019036023111206318,0.9665147331083361,-0.04067017331535873,0.8515749330259801,17.031498660519603,LOW,False
479,382,16,65207.78,0.041884816753926704,0.022652010301290645,0.01890502470388863,0.01890502470388863,1.8490551697983393,1.0173383401440361,0.8609416861905469,23.803476749098934,LOW,False
480,315,11,42133.375,0.03492063492063492,0.023226799014352196,0.019283469179577687,0.019283469179577687,1.5034630858542724,0.606417641835276,0.8331084829960353,20.438142803827752,LOW,False
481,308,8,37612.562,0.025974025974025976,0.0238998773013715,0.019402578506883435,0.019402578506883435,1.086784908830283,0.10690067157407102,0.82986608441558,17.248208504538724,LOW,False
482,297,18,43446.168,0.06060606060606061,0.024630015707566247,0.01912363880490808,0.01912363880490808,2.4606586258669196,1.8812342810648104,0.824619438449672,38.46275697630547,MEDIUM,False
483,218,11,29583.615,0.05045871559633028,0.026856582450262026,0.020088715581523132,0.020088715581523132,1.8788211675770377,1.1748950822807525,0.7800351730461409,24.378050746260005,LOW,False
484,187,5,17841.758,0.026737967914438502,0.02795902893344245,0.020643485827193653,0.020643485827193653,0.956326772939406,-0.05914994343617315,0.7579429477664821,15.158858955329643,LOW,False
485,117,4,11002.881,0.03418803418803419,0.027636329320681986,0.02059755511373976,0.02059755511373976,1.2370685625912397,0.31808167674142257,0.690527421634514,15.58856265212458,LOW,False
486,71,1,6487.821,0.014084507042253521,0.026679878364231035,0.019680378501838444,0.019680378501838444,0.5279074683165057,-0.6399963964514664,0.6190212644137224,4.333148850896056,LOW,False
487,35,0,4602.3257,0.0,0.0260412426282465,0.01983594617455405,0.01983594617455405,0.0,-1.312830877795622,0.5186924493521103,3.630847145464772,LOW,False
488,22,2,4956.989,0.09090909090909091,0.0260412426282465,0.01983594617455405,0.01983594617455405,3.4909659345703936,3.270216994441041,0.4538436109089882,19.647890205289755,LOW,False
489,17,1,1834.2,0.058823529411764705,0.029829121416125284,0.02306420933394336,0.02306420933394336,1.9720168284931574,1.2571169284770862,0.4183636342904982,6.604976176915279,LOW,False
490,29,0,2463.21,0.0,0.03228010180828215,0.022881312095599307,0.022881312095599307,0.0,-1.4107627077247236,0.4923025190943706,3.4461176336605943,LOW,False
491,64,0,10366.447,0.0,0.02967593514161548,0.02284898865932548,0.02284898865932548,0.0,-1.2987854991780428,0.6042170265463369,4.229519185824358,LOW,False
492,94,1,11783.021,0.010638297872340425,0.026627154653810603,0.021642888984276576,0.021642888984276576,0.3995281512671119,-0.738757972333822,0.6591458283097306,4.614020798168113,LOW,False
493,172,5,24634.37,0.029069767441860465,0.026607454102195158,0.021657836639474095,0.021657836639474095,1.09254223760785,0.11369156488960838,0.7459074405024058,15.61221559210699,LOW,False
494,283,9,45983.727,0.03180212014134275,0.0270518232466285,0.021591529650883193,0.021591529650883193,1.175599879217246,0.2200074275200758,0.817654471551691,17.670088525163166,LOW,False
495,335,8,43251.44,0.023880597014925373,0.027676631473806303,0.021498937788472297,0.021498937788472297,0.8628433354516581,-0.1765684656716556,0.8419912626483151,16.839825252966303,LOW,False
496,406,2,55803.61,0.0049261083743842365,0.02821711089488274,0.02122032262966525,0.02122032262966525,0.17457876508815795,-1.0975800381064196,0.8697389583768341,17.394779167536683,LOW,False
497,435,8,57910.332,0.01839080459770115,0.027514100197039756,0.021715910067919272,0.021715910067919272,0.6684138120453533,-0.42012034360081335,0.8797015435466702,17.594030870933405,LOW,False
498,451,6,73127.305,0.013303769401330377,0.027759550388610638,0.021571642688595655,0.021571642688595655,0.4792501757084917,-0.6701288907832059,0.8849181039304749,17.6983620786095,LOW,False
499,392,13,52820.848,0.03316326530612245,0.027214489768899137,0.021772213360677986,0.021772213360677986,1.2185885382286905,0.27322787254910813,0.8646724051857825,18.932862140430828,LOW,False
500,379,4,50148.73,0.010554089709762533,0.027639659836926348,0.02178513169339895,0.02178513169339895,0.38184586105731877,-0.7842766510491588,0.8598034584329547,17.196069168659093,LOW,False
501,375,4,57442.414,0.010666666666666666,0.027724299938469487,0.02171145040300972,0.02171145040300972,0.384740703654915,-0.7856514859752635,0.8582717628280941,17.165435256561885,LOW,False
502,360,7,52652.145,0.019444444444444445,0.02697205160658669,0.021986450306200687,0.021986450306200687,0.7209108423808602,-0.3423748289199411,0.8523790677828302,17.047581355656604,LOW,False
503,387,7,57755.344,0.01808785529715762,0.02685113809531005,0.022020947515514002,0.022020947515514002,0.6736345861003535,-0.3979521222680632,0.862819065089775,17.2563813017955,LOW,False
504,311,5,40065.4,0.01607717041800643,0.02585959803461134,0.021849681092932973,0.021849681092932973,0.6217099893234309,-0.44771489226764605,0.8312645869273009,16.625291738546018,LOW,False
505,272,8,36891.695,0.029411764705882353,0.02507445368033515,0.021848485799389694,0.021848485799389694,1.172977289190104,0.19851769433231659,0.8119367345298883,17.536064359523547,LOW,False
506,292,7,37150.316,0.023972602739726026,0.0252176927941625,0.021865901832357017,0.021865901832357017,0.9506263295139874,-0.056942085626397416,0.8221702449222077,16.443404898444154,LOW,False
507,208,3,22551.607,0.014423076923076924,0.023691298716398555,0.020525702686049807,0.020525702686049807,0.6087921601821521,-0.45154224121256187,0.7732702089759699,15.465404179519398,LOW,False
508,166,2,14268.847,0.012048192771084338,0.02218981377167967,0.01978723917649026,0.01978723917649026,0.54296051760746,-0.5125334014582923,0.7407983024292605,14.81596604858521,LOW,False
509,114,7,9129.568,0.06140350877192982,0.021577739807373247,0.01986747038529388,0.01986747038529388,2.845687700384072,2.0045717040069704,0.6867999053273037,40.135802159513744,MEDIUM,True
510,74,10,6596.966,0.13513513513513514,0.022711717915035564,0.021340599524631045,0.021340599524631045,5.950018208251577,5.268053368900996,0.6249299984510739,32.37450998915752,MEDIUM,False
511,35,2,6247.115,0.05714285714285714,0.0277554940855723,0.03122758745795932,0.03122758745795932,2.0587944486479457,0.9410705549011138,0.5186924493521103,6.4101825731656294,LOW,False
512,16,0,2179.839,0.0,0.030136446466524677,0.03119777462658764,0.03119777462658764,0.0,-0.96598064532595,0.41009030347101677,2.870632124297117,LOW,False
513,26,5,3864.162,0.19230769230769232,0.02634856767864589,0.02893505827071947,0.02893505827071947,7.298601375722881,5.7355725043411105,0.47705222884332926,31.339365601903307,MEDIUM,False
514,15,0,1101.35,0.0,0.03191040779930954,0.04423349855394,0.04423349855394,0.0,-0.7214081825428477,0.4013152602464483,2.8092068217251382,LOW,False
515,41,2,6199.83,0.04878048780487805,0.03191040779930954,0.04423349855394,0.04423349855394,1.5286701477357347,0.38138697044269515,0.541004817463479,5.1747928600506565,LOW,False
516,93,1,11677.022,0.010752688172043012,0.03394292812451279,0.04382228597709051,0.04382228597709051,0.3167872887276826,-0.529188275677659,0.6576141327048699,4.603298928934089,LOW,False
517,201,0,37119.254,0.0,0.0339476943870004,0.04381964722268859,0.04381964722268859,0.0,-0.7747140047586514,0.7683392835557189,15.36678567111438,LOW,False
518,309,4,41693.15,0.012944983818770227,0.032736454076922876,0.04435879179136437,0.04435879179136437,0.395430237751242,-0.44616792881192924,0.8303337548836532,16.606675097673065,LOW,False
519,337,0,44855.105,0.0,0.03195074006348236,0.04454268515078996,0.04454268515078996,0.0,-0.7173061066103176,0.8428502793176552,16.857005586353104,LOW,False
520,398,7,61918.855,0.017587939698492462,0.030955715187860472,0.04499523124678146,0.04499523124678146,0.5681645405947433,-0.2970931611852582,0.866865536293282,17.337310725865642,LOW,False
521,393,10,64489.184,0.02544529262086514,0.03148329149303165,0.04475032480443898,0.04475032480443898,0.8082157682431989,-0.13492636977614902,0.8650402424458747,17.300804848917494,LOW,False
522,457,5,77812.62,0.010940919037199124,0.03177722849399681,0.04468370812654843,0.04468370812654843,0.3443006063057395,-0.4663066323364954,0.8868268421478792,17.736536842957584,LOW,False
523,414,7,68512.12,0.016908212560386472,0.03167877639549135,0.044728760919443694,0.044728760919443694,0.5337394459084259,-0.3302251958579089,0.8725564465364056,17.451128930728114,LOW,False
524,449,4,63725.273,0.008908685968819599,0.031001482531085676,0.04482826342015287,0.04482826342015287,0.2873632239970046,-0.49283186268451573,0.8842762231271292,17.685524462542585,LOW,False
525,370,8,50799.14,0.021621621621621623,0.030932924041879722,0.044862139847726225,0.044862139847726225,0.69898408544722,-0.20755368450687112,0.8563340647609199,17.1266812952184,LOW,False
526,358,12,46325.715,0.0335195530726257,0.03138938049833618,0.044702419599105585,0.044702419599105585,1.0678628421609795,0.047652288028099024,0.8515749330259801,17.54046997672695,LOW,False
527,328,7,46538.695,0.021341463414634148,0.03197584335784373,0.04463116815183728,0.04463116815183728,0.6674245672209628,-0.2382724984260088,0.8389439104306816,16.778878208613634,LOW,False
528,356,8,41540.527,0.02247191011235955,0.03211141036273859,0.04459207361142707,0.04459207361142707,0.6998107482203736,-0.21617071083926542,0.8507663058728835,17.015326117457672,LOW,False
529,273,8,35252.656,0.029304029304029304,0.03237785785000329,0.044511131445275645,0.044511131445275645,0.9050638692586119,-0.06905752440270177,0.8124659632143479,16.24931926428696,LOW,False
530,286,8,41392.98,0.027972027972027972,0.03237336887492608,0.04451144901481105,0.04451144901481105,0.8640443964944579,-0.0988810968933763,0.8191754370417206,16.38350874083441,LOW,False
531,215,7,20612.896,0.03255813953488372,0.03254001159293867,0.04448610999790484,0.04448610999790484,1.0005570969725464,0.00040749667583664286,0.7780386740281655,15.564951707857407,LOW,False
532,171,7,16323.435,0.04093567251461988,0.033295639201763955,0.04431870507837119,0.04431870507837119,1.2294604787900023,0.17238845989172374,0.7450683431730747,16.62232045438651,LOW,False
533,131,6,15242.3955,0.04580152671755725,0.03449928419107793,0.04410833555990225,0.04410833555990225,1.3276080298907265,0.2562382457422379,0.7067557148222219,16.592174520624887,LOW,False
534,73,0,8579.728,0.0,0.03384920160547907,0.043808527025787046,0.043808527025787046,0.0,-0.7726623993898355,0.6229870983538917,4.360909688477242,LOW,False
535,41,1,4273.698,0.024390243902439025,0.02821857097484844,0.03859901666413491,0.03859901666413491,0.8643330636472821,-0.09918198449771871,0.541004817463479,3.787033722244353,LOW,False
536,30,3,2164.665,0.1,0.026853878756497692,0.038107786795570094,0.038107786795570094,3.7238568367261853,1.9194534081943933,0.49704864540372573,14.652073375082784,LOW,False
537,15,2,1912.475,0.13333333333333333,0.031020545423164358,0.04043956097605854,0.04043956097605854,4.298226595131615,2.530017276170265,0.4013152602464483,18.160877217190535,LOW,False
538,28,2,4899.859,0.07142857142857142,0.028563280465899402,0.030873291756053533,0.030873291756053533,2.500713162616151,1.3884263233533283,0.4873954768329804,9.05050555436907,LOW,False
539,66,2,7803.891,0.030303030303030304,0.03153947094208987,0.03143777183509655,0.03143777183509655,0.9607970393247935,-0.039329779653125035,0.608603540536682,4.260224783756773,LOW,False
540,121,2,14469.757,0.01652892561983471,0.030769576879512886,0.031222706962239593,0.031222706962239593,0.5371840400847391,-0.456099186944318,0.6953526645809566,13.907053291619132,LOW,False
541,243,2,33859.24,0.00823045267489712,0.031010253439837543,0.031083653610552937,0.031083653610552937,0.2654106871736756,-0.732854671794652,0.7956814796425686,15.913629592851375,LOW,False
542,378,1,71662.7,0.0026455026455026454,0.03135318896795825,0.030770477092012857,0.030770477092012857,0.084377466298763,-0.9329620153958325,0.8594220514034427,17.18844102806886,LOW,False
543,442,11,79055.02,0.024886877828054297,0.030924043919072105,0.031108338918824467,0.031108338918824467,0.8047743656419255,-0.1940690599640009,0.8820069556223439,17.640139112446878,LOW,False
544,535,4,85400.34,0.007476635514018692,0.0319609971619077,0.03044032337860875,0.03044032337860875,0.23392998272687257,-0.8043397352701858,0.9095899857215182,18.191799714430363,LOW,False
545,568,11,86384.08,0.01936619718309859,0.03153969282088796,0.030716618401247005,0.030716618401247005,0.614026182597214,-0.39631627019513205,0.9182378933349725,18.364757866699453,LOW,False
546,546,14,75750.98,0.02564102564102564,0.03128639717764769,0.030794026334901536,0.030794026334901536,0.819558273054996,-0.1833268399275109,0.9125304058116915,18.25060811623383,LOW,False
547,524,9,71974.88,0.01717557251908397,0.03189890161947379,0.03051669905682353,0.03051669905682353,0.5384377407088696,-0.482467945598385,0.9065885912384977,18.131771824769956,LOW,False
548,435,6,61116.492,0.013793103448275862,0.031910041617752856,0.030511037114468956,0.030511037114468956,0.4322496226580349,-0.5937830989326014,0.8797015435466702,17.594030870933405,LOW,False
549,479,6,69950.484,0.012526096033402923,0.0321135590127302,0.03036689050554187,0.03036689050554187,0.39005630078053416,-0.6450269570983114,0.8936177793408189,17.87235558681638,LOW,False
550,447,10,62318.71,0.02237136465324385,0.03173457877988775,0.030559667813312662,0.030559667813312662,0.7049523111181808,-0.30639122728176443,0.8836314831570962,17.672629663141926,LOW,False
551,449,17,55945.55,0.0378619153674833,0.03127007092908018,0.030616030933151583,0.030616030933151583,1.2108036292387463,0.21530695643717007,0.8842762231271292,19.26655168183318,LOW,False
552,392,4,42252.7,0.01020408163265306,0.031958423093782225,0.03056877799704731,0.03056877799704731,0.3192924007141751,-0.7116523095306738,0.8646724051857825,17.29344810371565,LOW,False
553,330,13,34301.95,0.03939393939393939,0.03144726357379445,0.030835708377236433,0.030835708377236433,1.2526984836533452,0.257710175583686,0.8398211487761266,18.691661602922622,LOW,False
554,230,2,26457.805,0.008695652173913044,0.031867676494207374,0.03087397611805906,0.03087397611805906,0.272867467306368,-0.750535798553668,0.7877566774864215,15.75513354972843,LOW,False
555,208,3,20745.18,0.014423076923076924,0.031064494169285917,0.0312284286732092,0.0312284286732092,0.4642946009189265,-0.5328931987053716,0.7732702089759699,15.465404179519398,LOW,False
556,192,2,16977.775,0.010416666666666666,0.03030886656046063,0.03140959549982085,0.03140959549982085,0.3436838077031791,-0.6333160162443805,0.7617422179553044,15.23484435910609,LOW,False
557,131,2,12589.447,0.015267175572519083,0.029037241316795918,0.03157799435436145,0.03157799435436145,0.5257791332845432,-0.43606524181846773,0.7067557148222219,14.135114296444437,LOW,False
558,72,0,8376.724,0.0,0.027764976685752663,0.03148818232553684,0.03148818232553684,0.0,-0.8817586356274156,0.6210177634316978,4.347124344021885,LOW,False
559,31,1,2673.633,0.03225806451612903,0.027764976685752663,0.03148818232553684,0.03148818232553684,1.1618257375552543,0.14269124155612137,0.5016440753080604,3.9363010882389657,LOW,False
560,43,2,8378.508,0.046511627906976744,0.028092802544656414,0.03149247608119457,0.03149247608119457,1.6556421465263818,0.5848643121878547,0.5477383052077789,5.555228771086204,LOW,False
561,15,2,3677.3,0.13333333333333333,0.025864120374113772,0.02786633362593721,0.02786633362593721,5.15514664348611,3.856596795324025,0.4013152602464483,25.806817801267748,LOW,False
562,13,0,4460.994,0.0,0.025864120374113772,0.02786633362593721,0.02786633362593721,0.0,-0.9281493834567518,0.3819874078490358,2.673911854943251,LOW,False
563,23,0,1966.85,0.0,0.022887929897923296,0.026572703494470367,0.026572703494470367,0.0,-0.8613323782687805,0.46000385479927935,3.2200269835949555,LOW,False
564,53,1,5482.519,0.018867924528301886,0.021625303635297036,0.026922682656090293,0.026922682656090293,0.8724929298798595,-0.10241843809615278,0.5773810439049414,4.041667307334589,LOW,False
565,152,3,17713.953,0.019736842105263157,0.02172276192314983,0.026907661320545246,0.026907661320545246,0.9085788526840001,-0.07380499532192092,0.7281251226999029,14.562502453998057,LOW,False
566,262,4,33451.676,0.015267175572519083,0.022202194816081752,0.02675890456842489,0.02675890456842489,0.6876426271811913,-0.2591667841196268,0.8065352165719889,16.13070433143978,LOW,False
567,337,5,38152.848,0.01483679525222552,0.022728097854707436,0.026480418443968676,0.026480418443968676,0.6527952909685545,-0.29800520785498696,0.8428502793176552,16.857005586353104,LOW,False
568,393,4,48909.535,0.010178117048346057,0.022309344414047902,0.026524224138462095,0.026524224138462095,0.4562266312916407,-0.45736407980773564,0.8650402424458747,17.300804848917494,LOW,False
569,439,11,60742.258,0.025056947608200455,0.02242190614464488,0.026464205573006737,0.026464205573006737,1.117520849768828,0.0995700194470713,0.8810234146877063,18.50187466702034,LOW,False
570,454,7,50072.594,0.015418502202643172,0.02265902074569079,0.026461130466730435,0.026461130466730435,0.680457570328824,-0.27362846618178754,0.8858756193337607,17.717512386675217,LOW,False
571,440,3,56267.7,0.006818181818181818,0.022233082269091525,0.026493298067866353,0.026493298067866353,0.30666831236712816,-0.5818415061583593,0.8813520048037337,17.627040096074676,LOW,False
572,456,7,50319.574,0.015350877192982455,0.021801524323220602,0.02666307682641429,0.02666307682641429,0.7041194443744642,-0.24193183600805176,0.8865104619477129,17.73020923895426,LOW,False
573,395,9,45411.98,0.02278481012658228,0.021866431562583374,0.0266446236091412,0.0266446236091412,1.0419994712612544,0.03446768764576686,0.865773124436665,17.63045852319271,LOW,False
574,413,9,45734.06,0.021791767554479417,0.022293877983132513,0.026570450854485995,0.026570450854485995,0.9774776542226977,-0.018897324377479367,0.8722072451994864,17.44414490398973,LOW,False
575,398,12,40796.277,0.03015075376884422,0.022269728104017325,0.026570640761974507,0.026570640761974507,1.3538896221820151,0.2966065340850005,0.866865536293282,19.991482892230753,LOW,False
576,362,6,36809.32,0.016574585635359115,0.02194842970407403,0.026420094904489266,0.026420094904489266,0.755160431011726,-0.20339987756068956,0.8531787597835525,17.063575195671053,LOW,False
577,319,0,32876.17,0.0,0.022213867370853454,0.02632881547250872,0.02632881547250872,0.0,-0.8437093341342341,0.8349291847879878,16.69858369575976,LOW,False
578,269,4,29301.713,0.01486988847583643,0.02057245322943931,0.026438928245650233,0.026438928245650233,0.7228057981221961,-0.2156881966099012,0.8103373383232568,16.206746766465137,LOW,False
579,218,1,23940.553,0.0045871559633027525,0.020829713075352783,0.026348221435137233,0.026348221435137233,0.220221754697649,-0.6164574391495519,0.7800351730461409,15.60070346092282,LOW,False
580,156,2,12953.802,0.01282051282051282,0.020419883035362196,0.02652808716055646,0.02652808716055646,0.6278445766957067,-0.28646506507821534,0.7318606560601462,14.637213121202924,LOW,False
581,137,9,13665.986,0.06569343065693431,0.02052004329177245,0.026493191671144587,0.026493191671144587,3.201427488375437,1.7050941964973987,0.7131898355850435,39.588180330734126,MEDIUM,False
582,69,0,5444.311,0.0,0.022621137253623084,0.028014393598526314,0.028014393598526314,0.0,-0.8074826668678297,0.6149437022673513,4.304605915871458,LOW,False
583,43,3,4117.825,0.06976744186046512,0.022621137253623084,0.028014393598526314,0.028014393598526314,3.0841703968393945,1.6829314702468572,0.5477383052077789,12.292940610487863,LOW,False
584,27,0,2220.578,0.0,0.024184027976303757,0.02957806497264324,0.02957806497264324,0.0,-0.8176338783037893,0.4823162229106479,3.3762135603745356,LOW,False
585,18,0,1557.026,0.0,0.022246043480179722,0.02957527684446637,0.02957527684446637,0.0,-0.7521837782675576,0.4261895338914151,2.9833267372399055,LOW,False
586,21,2,3196.001,0.09523809523809523,0.01669048792462417,0.018096109061342198,0.018096109061342198,5.7061300824876735,4.340579902962031,0.4474094901461668,28.24690350648205,LOW,False
587,37,5,5031.505,0.13513513513513514,0.020658741892878137,0.023815427983476436,0.023815427983476436,6.541305169300819,4.8068165443712685,0.5265183489530272,30.840450824295484,MEDIUM,False
588,64,0,5244.8228,0.0,0.02628937252350877,0.03294407711682521,0.03294407711682521,0.0,-0.7979999691684261,0.6042170265463369,4.229519185824358,LOW,False
589,134,3,14737.815,0.022388059701492536,0.02550320900149619,0.033351488420053754,0.033351488420053754,0.8778526537652223,-0.09340360648283877,0.7100085232616447,14.200170465232894,LOW,False
590,250,1,29427.092,0.004,0.02561367640133908,0.03333594562801646,0.03333594562801646,0.15616657044167548,-0.6483594808594343,0.7997755189799128,15.995510379598258,LOW,False
591,317,3,32474.562,0.00946372239747634,0.02514421075248412,0.03356652875249243,0.03356652875249243,0.3763777869441129,-0.46714655753146506,0.8340216966495514,16.68043393299103,LOW,False
592,403,4,38877.48,0.009925558312655087,0.024920332716869567,0.03365606386029789,0.03365606386029789,0.398291564780597,-0.4455296515497449,0.868668098617331,17.373361972346622,LOW,False
593,451,1,51811.945,0.0022172949002217295,0.02490980943621578,0.03366091287218553,0.03366091287218553,0.08901292103014072,-0.6741503007408092,0.8849181039304749,17.6983620786095,LOW,False
594,472,3,50812.574,0.006355932203389831,0.02395815724005,0.033977937493134616,0.033977937493134616,0.2652930331705497,-0.5180486614355793,0.8914913881344053,17.829827762688108,LOW,False
595,487,5,55171.125,0.01026694045174538,0.023580550156747777,0.0341269980858379,0.0341269980858379,0.4353986816888327,-0.39011956667021674,0.8960102947041807,17.920205894083615,LOW,False
596,493,8,54283.38,0.016227180527383367,0.02372424843314626,0.03406054429883456,0.03406054429883456,0.6839913421540306,-0.22011004404352447,0.8977790810810489,17.95558162162098,LOW,False
597,480,2,47905.047,0.004166666666666667,0.02376076107207963,0.034051646373762526,0.034051646373762526,0.17535914165488406,-0.5754228206865969,0.893919015420301,17.878380308406022,LOW,False
598,404,3,44536.17,0.007425742574257425,0.022985005094583146,0.03428611659499469,0.03428611659499469,0.32306899840572334,-0.4538064985346624,0.8690259328760876,17.380518657521755,LOW,False
599,434,11,40316.973,0.02534562211981567,0.022386420720407228,0.0344329447610388,0.0344329447610388,1.1321873396541173,0.08594099110444965,0.8793691808657389,18.57878866472066,LOW,False
600,360,3,34756.094,0.008333333333333333,0.022186206901697706,0.03439978937281549,0.03439978937281549,0.37560874512062986,-0.4027022787328936,0.8523790677828302,17.047581355656604,LOW,False
601,300,0,26823.152,0.0,0.0218428213891133,0.03449923035737728,0.03449923035737728,0.0,-0.6331393820338503,0.8260693058372743,16.521386116745486,LOW,False
602,302,2,25569.998,0.006622516556291391,0.0218428213891133,0.03449923035737728,0.03449923035737728,0.30318961265654654,-0.441178098037402,0.8270278781085497,16.540557562170996,LOW,False
603,276,2,26334.049,0.007246376811594203,0.02149918089246559,0.034612595310899455,0.034612595310899455,0.3370536230119215,-0.41178085471051634,0.8140421372351528,16.280842744703058,LOW,False
604,264,4,27243.05,0.015151515151515152,0.021609981761144398,0.034560320008188684,0.034560320008188684,0.7011350272751352,-0.18687519699178087,0.8076317663918116,16.152635327836233,LOW,False
605,212,2,20434.877,0.009433962264150943,0.021707106858269497,0.034537813031160956,0.034537813031160956,0.4346024703221562,-0.3553538431355045,0.77601425104291,15.520285020858202,LOW,False
606,165,1,14197.317,0.006060606060606061,0.019362962341903524,0.033309970591802684,0.033309970591802684,0.3129999404838102,-0.39935058617467123,0.7399289671797024,14.798579343594048,LOW,False
607,100,1,9578.218,0.01,0.019615487594428774,0.03317951381757186,0.03317951381757186,0.5098012451569248,-0.2898019436721347,0.6680104684941067,13.360209369882133,LOW,False
608,65,0,4963.5,0.0,0.017125177516909396,0.03144950595943164,0.03144950595943164,0.0,-0.544529301636727,0.6064268997606098,4.244988298324269,LOW,False
609,28,0,2188.461,0.0,0.017125177516909396,0.03144950595943164,0.03144950595943164,0.0,-0.544529301636727,0.4873954768329804,3.411768337830863,LOW,False
610,24,0,2030.1,0.0,0.017125177516909396,0.03144950595943164,0.03144950595943164,0.0,-0.544529301636727,0.46591258883663084,3.2613881218564154,LOW,False
611,44,0,4151.22,0.0,0.013156923548655428,0.026834725732216017,0.026834725732216017,0.0,-0.4902946905419676,0.5509911136472015,3.8569377955304107,LOW,False
612,94,1,7489.31,0.010638297872340425,0.007526292918024796,0.006902684172614198,0.01,1.4134844322711193,0.31120049543156286,0.6591458283097306,5.699417432879802,LOW,False
613,214,0,18144.34,0.0,0.007969555329372314,0.0067379717444849855,0.01,0.0,-0.7969555329372313,0.777367007468166,15.54734014936332,LOW,False
614,346,1,31586.291,0.002890173410404624,0.007036719508476791,0.006181818411407453,0.01,0.41072738609560516,-0.41465460980721675,0.8466539871207631,16.933079742415263,LOW,False
615,357,2,34177.062,0.0056022408963585435,0.006990476733910318,0.006209610614959669,0.01,0.8014104201480939,-0.13882358375517742,0.8511711841339323,17.023423682678647,LOW,False
616,381,4,34983.23,0.010498687664041995,0.006829581671363743,0.006192744819114244,0.01,1.537237296401728,0.36691059926782515,0.8605632705921387,21.240545134855733,LOW,False
617,449,2,44231.453,0.004454342984409799,0.006853462061004865,0.006206292788099571,0.01,0.6499405621217806,-0.2399119076595065,0.8842762231271292,17.685524462542585,LOW,False
618,347,4,34713.543,0.011527377521613832,0.006946672397846034,0.006150181419532296,0.01,1.6594099824238357,0.4580705123767798,0.8470705165706477,21.88698519959172,LOW,False
619,333,4,29339.45,0.012012012012012012,0.0071621492861053656,0.006218794734516939,0.01,1.677151862125441,0.4849862725906646,0.8411271174908725,21.901181315758258,LOW,False
620,302,2,26621.97,0.006622516556291391,0.007234860601116476,0.006266692271814484,0.01,0.9153620119880971,-0.06123440448250854,0.8270278781085497,16.540557562170996,LOW,False
621,297,9,24554.443,0.030303030303030304,0.006834666268987644,0.005966982895651373,0.01,4.433724941410901,2.3468364034042657,0.824619438449672,59.080780872128514,MEDIUM,True
622,255,4,20936.852,0.01568627450980392,0.007923681420502796,0.007616045261333816,0.01,1.9796700141445807,0.7762593089301125,0.8026305204928966,23.40013551594229,LOW,False
623,227,15,21669.2,0.06607929515418502,0.008267870251150567,0.00777750957756542,0.01,7.992299485467777,5.781142490303445,0.7858645736290825,95.71729147258165,CRITICAL,True
624,204,6,18403.307,0.029411764705882353,0.009965106627582624,0.013788209580592176,0.013788209580592176,2.9514751627918283,1.4103831222345353,0.7704731386726122,35.17531552232265,MEDIUM,False
625,154,5,15228.451,0.032467532467532464,0.010843374601438832,0.014340026005371057,0.014340026005371057,2.9942276884194587,1.5079580649291922,0.7300049398220412,35.90628227120167,MEDIUM,False
626,146,3,12527.983,0.02054794520547945,0.012196188454252686,0.01479679585935733,0.01479679585935733,1.6847841670005184,0.5644300854461817,0.7223345951892906,19.582573156289698,LOW,False
627,113,2,9964.381,0.017699115044247787,0.012776414647968852,0.014841693594214972,0.014841693594214972,1.3852959168839694,0.3316805029715555,0.6855357585674703,16.600434547979177,LOW,False
628,108,5,8158.679,0.046296296296296294,0.013211945407662753,0.014825718184556363,0.014825718184556363,3.5041240988965225,2.2315513135206366,0.679043913423446,47.7562004292008,MEDIUM,True
629,80,3,5119.822,0.0375,0.014509644622028634,0.01629329008028757,0.01629329008028757,2.5844878339106434,1.411032103687041,0.6360696384577723,10.410033486850649,LOW,False
630,43,1,3651.632,0.023255813953488372,0.015679062861022344,0.01690872284575125,0.01690872284575125,1.4832400481856343,0.4480971840146922,0.5477383052077789,5.102673262941742,LOW,False
631,26,0,1616.976,0.0,0.016395529856559107,0.01684763631630751,0.01684763631630751,0.0,-0.9731649917376961,0.47705222884332926,3.339365601903305,LOW,False
632,15,1,1490.265,0.06666666666666667,0.01597886318989244,0.017133909256888277,0.017133909256888277,4.1721783254792,2.958332667508228,0.4013152602464483,19.703880346456536,LOW,False
633,15,5,1188.207,0.3333333333333333,0.01875664096767022,0.01965006210302066,0.01965006210302066,17.77148338595815,16.008941382292402,0.4013152602464483,30.809206821725137,MEDIUM,False
634,12,0,1689.9,0.0,0.03264552985655911,0.06687364067849233,0.06687364067849233,0.0,-0.4881673784370237,0.3712607321280216,2.598825124896151,LOW,False
635,23,0,1984.8309,0.0,0.03264552985655911,0.06687364067849233,0.06687364067849233,0.0,-0.4881673784370237,0.46000385479927935,3.2200269835949555,LOW,False
636,41,0,5529.917,0.0,0.03264552985655911,0.06687364067849233,0.06687364067849233,0.0,-0.4881673784370237,0.541004817463479,3.787033722244353,LOW,False
637,70,2,11874.593,0.02857142857142857,0.03220226744521159,0.06706084991718542,0.06706084991718542,0.8872489684162623,-0.05414245238864111,0.6169968414284669,4.3189778899992675,LOW,False
638,143,5,16167.494,0.03496503496503497,0.033392743635687776,0.06671705601758213,0.06671705601758213,1.0470848201783227,0.02356655738725704,0.7193500794753345,14.740137740844112,LOW,False
639,197,3,22840.777,0.015228426395939087,0.034729196200464045,0.06639997601581216,0.06639997601581216,0.4384906091127905,-0.29368639831859494,0.7654443093750529,15.30888618750106,LOW,False
640,249,2,37937.523,0.008032128514056224,0.03513028726294657,0.06624527752271721,0.06624527752271721,0.228638281660966,-0.40905797005073596,0.7991976983165583,15.983953966331166,LOW,False
641,245,2,29112.365,0.00816326530612245,0.03502751396503049,0.06628705273140938,0.06628705273140938,0.23305294558649514,-0.4052714301201495,0.7968630689303519,15.937261378607037,LOW,False
642,273,4,40092.99,0.014652014652014652,0.03518205239510185,0.06621696327290062,0.06621696327290062,0.4164627602582545,-0.3100419700383504,0.8124659632143479,16.24931926428696,LOW,False
643,307,5,44193.414,0.016286644951140065,0.03531224560886855,0.0661714884013532,0.0661714884013532,0.46121804689333407,-0.2875196118051867,0.8293968979952026,16.587937959904053,LOW,False
644,244,12,38451.414,0.04918032786885246,0.03549035531466556,0.06611177176565516,0.06611177176565516,1.3857378274409622,0.20707314580394884,0.796273479993163,18.81850330567048,LOW,False
645,271,3,32657.621,0.01107011070110701,0.03726359745268893,0.0658741304199671,0.0658741304199671,0.2970757376595746,-0.39762933619906143,0.8114055637174651,16.228111274349303,LOW,False
646,225,4,33398.676,0.017777777777777778,0.0364622258026088,0.06607915572288725,0.06607915572288725,0.48756699259170877,-0.2827585767467585,0.7845892888688628,15.691785777377257,LOW,False
647,254,9,34370.2,0.03543307086614173,0.03654937177210771,0.06605193841210902,0.06605193841210902,0.9694577265807378,-0.016900350433339133,0.8020640075037752,16.041280150075504,LOW,False
648,209,4,19752.998,0.019138755980861243,0.0352724457601059,0.06575178749619506,0.06575178749619506,0.5425979278847655,-0.24537264146892257,0.7739611118817943,15.479222237635886,LOW,False
649,195,2,24459.736,0.010256410256410256,0.03484440372989669,0.06582499688392893,0.06582499688392893,0.294348852570842,-0.37353580915230633,0.7639748156980716,15.279496313961433,LOW,False
650,189,3,17322.586,0.015873015873015872,0.03391894030443327,0.06601572910875839,0.06601572910875839,0.46796909722268765,-0.27335795082543785,0.7594746433713426,15.189492867426853,LOW,False
651,132,5,12487.808,0.03787878787878788,0.03372415158224728,0.06606377699835723,0.06606377699835723,1.1231946869414393,0.06288826472400921,0.7078481266788389,15.080922685637574,LOW,False
652,98,0,8542.006,0.0,0.034564971283686456,0.06597931568495503,0.06597931568495503,0.0,-0.5238758681392046,0.6651154943134409,4.655808460194086,LOW,False
653,73,8,6623.614,0.1095890410958904,0.03263595893800744,0.06629742580944037,0.06629742580944037,3.3579231210597076,1.1607250389942785,0.6229870983538917,11.253629926858942,LOW,False
654,54,1,5660.496,0.018518518518518517,0.03563966898366954,0.06813496924017255,0.06813496924017255,0.5196041109978853,-0.25128286775619985,0.5800369695028702,4.060258786520091,LOW,False
655,42,3,5220.191,0.07142857142857142,0.03544228167387913,0.06817925274537358,0.06817925274537358,2.0153491269500883,0.5278187763231859,0.5444107130498506,6.4761664495929345,LOW,False
656,27,0,2721.3,0.0,0.03841847215006961,0.06812383682266585,0.06812383682266585,0.0,-0.5639505045800238,0.4823162229106479,3.3762135603745356,LOW,False
657,14,0,1184.681,0.0,0.03564069437229183,0.06828092471001554,0.06828092471001554,0.0,-0.5219714660229844,0.3919737040327585,2.7438159282293095,LOW,False
658,17,0,2390.15,0.0,0.02175180548340294,0.025751546848415477,0.025751546848415477,0.0,-0.8446795686272087,0.4183636342904982,2.9285454400334876,LOW,False
659,32,1,1863.216,0.03125,0.02175180548340294,0.025751546848415477,0.025751546848415477,1.4366623508032181,0.36883976611220515,0.5060980846989978,4.688925263751432,LOW,False
660,55,0,6853.197,0.0,0.023053888816736274,0.0253914178843628,0.0253914178843628,0.0,-0.9079401915138389,0.5826450379722601,4.07851526580582,LOW,False
661,91,1,11244.955,0.01098901098901099,0.023053888816736274,0.0253914178843628,0.0253914178843628,0.4766662612267555,-0.4751557350074329,0.6545012410322124,4.581508687225487,LOW,False
662,134,2,21209.82,0.014925373134328358,0.02232128808413554,0.02547879893605778,0.02547879893605778,0.6686609248565858,-0.2902772210090496,0.7100085232616447,14.200170465232894,LOW,False
663,205,5,24289.717,0.024390243902439025,0.021486302174522767,0.025374579780326745,0.025374579780326745,1.1351531642964412,0.11444294853575167,0.7711774898627489,16.437198529478287,LOW,False
664,224,6,28219.06,0.026785714285714284,0.021868044570626934,0.02534524077765599,0.02534524077765599,1.2248792615729687,0.19402734257796828,0.783947408065517,17.365542623107604,LOW,False
665,283,9,46274.07,0.03180212014134275,0.022649443977779352,0.025188735537310818,0.025188735537310818,1.4041015829149184,0.3633638596112138,0.817654471551691,19.383851302895707,LOW,False
666,268,16,33647.934,0.05970149253731343,0.0236343962625802,0.0250594979977178,0.0250594979977178,2.5260426318499807,1.4392585309577193,0.8098002546497061,33.13205646884047,MEDIUM,False
667,289,16,34380.152,0.05536332179930796,0.025511457841134313,0.02602598678567413,0.02602598678567413,2.1701355580722996,1.1470021945375555,0.8206805863129079,27.02715584351985,LOW,False
668,269,1,44570.984,0.0037174721189591076,0.027139652709807973,0.026638895959022055,0.026638895959022055,0.136975670201397,-0.8792474217729824,0.8103373383232568,16.206746766465137,LOW,False
669,235,5,40369.625,0.02127659574468085,0.02524536705356242,0.02661986463125323,0.02661986463125323,0.8427920932794863,-0.14909058944732598,0.7908562366961261,15.817124733922524,LOW,False
670,231,8,37633.934,0.03463203463203463,0.025670637263711327,0.026464634463578225,0.026464634463578225,1.34909134807461,0.3386178403732108,0.7883819220178166,18.385823550915912,LOW,False
671,219,4,22783.37,0.0182648401826484,0.02637289796597203,0.026469705002678087,0.026469705002678087,0.6925609846219724,-0.30631462581480573,0.7806945996260943,15.61389199252189,LOW,False
672,203,13,29466.2,0.06403940886699508,0.025657555020826478,0.026446183420460824,0.026446183420460824,2.49592795630814,1.4513192030753828,0.769765343208684,32.25625657492701,MEDIUM,False
673,179,14,25566.633,0.0782122905027933,0.02752841555774872,0.027530918039998457,0.027530918039998457,2.841147553106377,1.8409801980234806,0.7516487437704258,39.35383399899985,MEDIUM,False
674,156,3,22063.969,0.019230769230769232,0.030359910568014677,0.029125664450981737,0.029125664450981737,0.6334264123633349,-0.3821077234469862,0.7318606560601462,14.637213121202924,LOW,False
675,139,2,12898.245,0.014388489208633094,0.03049981695792107,0.029061043310819927,0.029061043310819927,0.4717565757356546,-0.5543960544351638,0.7152725173289632,14.305450346579265,LOW,False
676,91,9,8939.438,0.0989010989010989,0.029521054513331285,0.029196971052737143,0.029196971052737143,3.350188552933859,2.3762754109818323,0.6545012410322124,16.771958561722386,LOW,False
677,87,13,11144.293,0.14942528735632185,0.03364193363421041,0.031719689506695244,0.031719689506695244,4.441637896948099,3.6502045109134005,0.648067120269391,25.165414056620623,LOW,False
678,40,1,3114.386,0.025,0.03530177722839505,0.036542345944776934,0.036542345944776934,0.7081796431453089,-0.2819134065438265,0.5375168442542968,3.762617909780078,LOW,False
679,21,5,2131.645,0.23809523809523808,0.03557183895679011,0.03643671614889465,0.03643671614889465,6.693363207464691,5.558223148070158,0.4474094901461668,31.131866431023166,MEDIUM,False
680,15,2,2125.3,0.13333333333333333,0.042516283401234554,0.054815184762697214,0.054815184762697214,3.1360533580755487,1.6567863508124399,0.4013152602464483,11.289787171477878,LOW,False
681,9,2,918.35,0.2222222222222222,0.048071838956790104,0.05703071808300484,0.05703071808300484,4.622711072525623,3.0536242417983677,0.33328510947992757,20.82721838960711,LOW,False
682,10,1,1618.85,0.1,0.05733109821604937,0.0661905699439252,0.0661905699439252,1.7442540455645035,0.6446371714293824,0.34708067508455476,4.383231595198705,LOW,False
683,22,0,2111.777,0.0,0.06149776488271604,0.06556925291120151,0.06556925291120151,0.0,-0.9379055296847844,0.4538436109089882,3.176905276362918,LOW,False
684,44,0,4114.502,0.0,0.06019568154938271,0.06649971462170365,0.06649971462170365,0.0,-0.9052021033746891,0.5509911136472015,3.8569377955304107,LOW,False
685,103,6,15379.199,0.05825242718446602,0.06019568154938271,0.06649971462170365,0.06649971462170365,0.9677177113889391,-0.02922199555248109,0.6722471773128578,13.444943546257157,LOW,False
686,130,2,17319.707,0.015384615384615385,0.06216499055752667,0.06567385839801068,0.06567385839801068,0.24748037837114548,-0.7123134884112169,0.7056549955713393,14.113099911426785,LOW,False
687,161,2,22392.387,0.012422360248447204,0.06218412565128862,0.06565956131826788,0.06565956131826788,0.19976738626363205,-0.7578753863680877,0.7363984535193844,14.727969070387688,LOW,False
688,204,13,32624.396,0.06372549019607843,0.0616854638323723,0.06600361706142541,0.06600361706142541,1.033071427804285,0.030907796489510628,0.7704731386726122,15.657498481984383,LOW,False
689,253,12,46953.016,0.04743083003952569,0.0632246211619708,0.06558376481287403,0.06558376481287403,0.7501955593852576,-0.24081861063494195,0.801495268524697,16.029905370493942,LOW,False
690,266,12,39511.848,0.045112781954887216,0.06387581740772842,0.06533531825767043,0.06533531825767043,0.7062576071148478,-0.28718059317998973,0.8087200713981695,16.174401427963392,LOW,False
691,247,5,36734.215,0.020242914979757085,0.063267954466794,0.06544361869674592,0.06544361869674592,0.3199552625078391,-0.6574367424027587,0.798035090588562,15.96070181177124,LOW,False
692,250,14,35490.895,0.056,0.06180460418264604,0.06601818708403179,0.06601818708403179,0.9060813630406535,-0.08792431963115867,0.7997755189799128,15.995510379598258,LOW,False
693,274,8,43087.938,0.029197080291970802,0.06398304284435609,0.06487074366806393,0.06487074366806393,0.45632528548220275,-0.536234989541372,0.8129932639211856,16.259865278423714,LOW,False
694,200,4,23264.193,0.02,0.0643130630338265,0.06466385203500104,0.06466385203500104,0.3109788129587402,-0.6852833791875076,0.7676209501511251,15.352419003022503,LOW,False
695,228,7,31168.879,0.03070175438596491,0.06370339492415839,0.06502383506258398,0.06502383506258398,0.48194848049333416,-0.507531438378406,0.7864980270862671,15.729960541725344,LOW,False
696,192,4,31040.541,0.020833333333333332,0.0642215996826299,0.06469469471453387,0.06469469471453387,0.3243976082235172,-0.670661891840557,0.7617422179553044,15.23484435910609,LOW,False
697,183,10,19008.863,0.0546448087431694,0.062421346535393996,0.06529831466185218,0.06529831466185218,0.8754186152037722,-0.11909247325134589,0.7548300560938245,15.09660112187649,LOW,False
698,130,7,15386.6,0.05384615384615385,0.06143936812874301,0.06522769001137652,0.06522769001137652,0.8764112569211654,-0.116410902812361,0.7056549955713393,14.113099911426785,LOW,False
699,144,4,13322.466,0.027777777777777776,0.0628816758210507,0.06463380141521509,0.06463380141521509,0.4417467794088067,-0.5431198115326898,0.7203517712512958,14.407035425025915,LOW,False
700,93,5,8000.998,0.053763440860215055,0.06343956284476505,0.06425370074384476,0.06425370074384476,0.8474749580442852,-0.1505924463888087,0.6576141327048699,4.603298928934089,LOW,False
701,96,5,11556.445,0.052083333333333336,0.06155882709306157,0.06382979750984147,0.06382979750984147,0.8460741666600688,-0.1484493783372456,0.6621614349665509,4.635130044765857,LOW,False
702,69,4,10839.706,0.057971014492753624,0.05750291234210372,0.061035289018793494,0.061035289018793494,1.0081404946564274,0.0076693689531931765,0.6149437022673513,4.325974714344581,LOW,False
703,49,0,4121.124,0.0,0.05887670461263511,0.06064168967511552,0.06064168967511552,0.0,-0.9708948567901684,0.566241403898243,3.9636898272877006,LOW,False
704,32,3,2155.2651,0.09375,0.0489560696920002,0.04825911122892095,0.04825911122892095,1.9149821582862785,0.9281963377965295,0.5060980846989978,5.944514758394465,LOW,False
705,23,1,3104.412,0.043478260869565216,0.04730676413644464,0.04586717607405303,0.04586717607405303,0.9190707008444489,-0.08346934768118855,0.46000385479927935,3.2200269835949555,LOW,False
706,36,1,4583.55,0.027777777777777776,0.03985909908008393,0.026764159314840403,0.026764159314840403,0.6968992882144011,-0.4513992447955279,0.5226582832922795,3.6586079830459566,LOW,False
707,61,2,7381.902,0.03278688524590164,0.036849839820824674,0.02357878571024085,0.02357878571024085,0.8897429515385039,-0.17231398702429326,0.5973774604653378,4.181642223257365,LOW,False
708,124,3,19751.396,0.024193548387096774,0.038215960039403904,0.022264092944075865,0.022264092944075865,0.6330744631863537,-0.6298218251032894,0.6988688832549463,13.977377665098928,LOW,False
709,123,2,18318.945,0.016260162601626018,0.03922402455553294,0.02096855406003857,0.02096855406003857,0.4145460030141746,-1.0951571523794752,0.6977062755269499,13.954125510538997,LOW,False
710,220,1,33105.543,0.004545454545454545,0.03747434686458127,0.021063498084908438,0.021063498084908438,0.12129509720023067,-1.5633154657592034,0.7813510355990383,15.627020711980766,LOW,False
711,250,5,41313.363,0.02,0.03702271516294957,0.021665332245449333,0.021665332245449333,0.5402088937014261,-0.7857121677201642,0.7997755189799128,15.995510379598258,LOW,False
712,327,5,58727.066,0.01529051987767584,0.0373384501525976,0.021344070690375503,0.021344070690375503,0.4095113700538021,-1.0329768203430683,0.8385032894391331,16.770065788782663,LOW,False
713,307,6,44332.367,0.019543973941368076,0.03532032638933083,0.02102812062991203,0.02102812062991203,0.5533350322400107,-0.7502502351789464,0.8293968979952026,16.587937959904053,LOW,False
714,305,10,48551.75,0.03278688524590164,0.034158374051907595,0.021100183923034532,0.021100183923034532,0.959849119167036,-0.06499890290097113,0.828453937761515,16.5690787552303,LOW,False
715,321,13,49067.684,0.040498442367601244,0.03364479502236653,0.020971575093181084,0.020971575093181084,1.203706021709406,0.32680651380654663,0.8358310187580241,18.24441553798103,LOW,False
716,316,5,53117.656,0.015822784810126583,0.03448877533019337,0.02081578304876189,0.02081578304876189,0.4587807093363053,-0.8967229566305952,0.83356581002403,16.6713162004806,LOW,False
717,335,9,50143.156,0.026865671641791045,0.03281472469728198,0.020625284897368222,0.020625284897368222,0.818707817591909,-0.2884349518124732,0.8419912626483151,16.839825252966303,LOW,False
718,305,13,49185.133,0.04262295081967213,0.032717582670191155,0.020648541454644998,0.020648541454644998,1.3027536676328386,0.47971272795409525,0.828453937761515,18.83973126247659,LOW,False
719,261,11,33586.04,0.0421455938697318,0.033660205621010825,0.02055891488978227,0.02055891488978227,1.2520896141948807,0.4127352194515964,0.8059838106329514,18.010348319120634,LOW,False
720,266,17,50590.82,0.06390977443609022,0.03413703226616778,0.020619934661975075,0.020619934661975075,1.8721537929185876,1.443881499044026,0.8087200713981695,28.264073612903122,LOW,False
721,224,11,33779.66,0.049107142857142856,0.03593188397878264,0.021275921451060813,0.021275921451060813,1.3666731999396426,0.619256792645439,0.783947408065517,18.42899716085766,LOW,False
722,164,18,21336.342,0.10975609756097561,0.03570114790019821,0.02109340235463344,0.02109340235463344,3.0743016406026054,3.510811030659085,0.7390543791173132,61.72348777010437,HIGH,True
723,120,8,16159.399,0.06666666666666667,0.03803072888831578,0.025756446987898012,0.025756446987898012,1.7529684183136636,1.1117968946495547,0.6941613501691095,20.9279513238541,LOW,False
724,96,19,12703.104,0.19791666666666666,0.03965109925868615,0.026300896360826494,0.026300896360826494,4.991454722993843,6.0174970935099745,0.6621614349665509,32.61269869262469,MEDIUM,False
725,80,8,7619.39,0.1,0.04565748366728831,0.04164703987046886,0.04164703987046886,2.190221448223303,1.3048350255319097,0.6360696384577723,8.910472007492682,LOW,False
726,56,8,5285.006,0.14285714285714285,0.047654011445066084,0.04309196281906247,0.04309196281906247,2.99779889510086,2.2093013449357666,0.5852069435058582,14.631364088274744,LOW,False
727,18,3,1070.91,0.16666666666666666,0.05119093346024897,0.0472578758254947,0.0472578758254947,3.2557848705003094,2.443523564893723,0.4261895338914151,15.220177618713253,LOW,False
728,15,2,1275.37,0.13333333333333333,0.05813537790469341,0.051466655696332776,0.051466655696332776,2.293497318481678,1.461100481685234,0.4013152602464483,8.221951890112441,LOW,False
729,16,4,1783.658,0.25,0.05978468346024896,0.053260569107913866,0.053260569107913866,4.181673056213902,3.571409763841359,0.41009030347101677,22.472441613664557,LOW,False
730,10,1,881.672,0.1,0.06838975592401708,0.06573420187031383,0.06573420187031383,1.462207294775299,0.4808797121831094,0.34708067508455476,3.642858874377043,LOW,False
731,10,0,1263.996,0.0,0.07139901518327633,0.06544669293394467,0.06544669293394467,0.0,-1.0909491676735956,0.34708067508455476,2.429564725591883,LOW,False
732,21,1,3352.902,0.047619047619047616,0.0700328949646971,0.0666194034705562,0.0666194034705562,0.6799525800418776,-0.3364462330491407,0.4474094901461668,3.131866431023168,LOW,False
733,76,0,17213.537,0.0,0.07100895743269506,0.06608808457997609,0.06608808457997609,0.0,-1.0744593050924938,0.6287392678719785,4.40117487510385,LOW,False
734,115,7,17747.854,0.06086956521739131,0.07033145065762732,0.06675374223974888,0.06675374223974888,0.8654672219645183,-0.14174314611835917,0.6880531069562045,13.761062139124089,LOW,False
735,178,11,28005.615,0.06179775280898876,0.07267828860229134,0.06531494762028664,0.06531494762028664,0.8502917996206154,-0.16658569270479073,0.7508423690723203,15.016847381446407,LOW,False
736,203,2,23336.402,0.009852216748768473,0.0744198616359992,0.06440009618230039,0.06440009618230039,0.13238692644925115,-1.0026016840791052,0.769765343208684,15.39530686417368,LOW,False
737,239,3,37495.496,0.012552301255230125,0.07419326567229473,0.0646263623496574,0.0646263623496574,0.16918383550701974,-0.9538052611341411,0.7932889642792068,15.865779285584136,LOW,False
738,244,3,31896.168,0.012295081967213115,0.07390194597703899,0.0648986035015056,0.0648986035015056,0.16637020588108928,-0.9492787315276613,0.796273479993163,15.925469599863263,LOW,False
739,290,2,44234.2,0.006896551724137931,0.07304812084042696,0.065594114925481,0.065594114925481,0.09441107649029594,-1.0084985397156638,0.821178844580994,16.42357689161988,LOW,False
740,243,9,39534.43,0.037037037037037035,0.071648042063616,0.06666888500173924,0.06666888500173924,0.516930204514898,-0.5191478007420709,0.7956814796425686,15.913629592851375,LOW,False
741,252,3,33693.027,0.011904761904761904,0.07253196923973726,0.06603415970313993,0.06603415970313993,0.16413123798436427,-0.9181188585957356,0.8009242859935429,16.01848571987086,LOW,False
742,213,10,23354.188,0.046948356807511735,0.07190859800069438,0.06655258039919136,0.06655258039919136,0.6528893360854898,-0.3750454308979118,0.776692209584216,15.53384419168432,LOW,False
743,222,8,22493.703,0.036036036036036036,0.0720888232501877,0.06647563855553673,0.06647563855553673,0.4998838157056782,-0.5423458577841497,0.7826550433732524,15.65310086746505,LOW,False
744,208,10,18268.559,0.04807692307692308,0.07183425834045037,0.0666068586338381,0.0666068586338381,0.6692756936261236,-0.35668001390262116,0.7732702089759699,15.465404179519398,LOW,False
745,186,10,21293.15,0.053763440860215055,0.07117455620048507,0.06676697366353854,0.06676697366353854,0.7553744446087413,-0.2607743676987749,0.7571709785555715,15.14341957111143,LOW,False
746,134,4,12409.759,0.029850746268656716,0.07136856861727975,0.06670679992272911,0.06670679992272911,0.4182618041386535,-0.6223926555720836,0.7100085232616447,14.200170465232894,LOW,False
747,125,15,15149.352,0.12,0.0680391789800998,0.06670161517242429,0.06670161517242429,1.7636897122920572,0.7790039399432982,0.7000222270779219,19.72811738374887,LOW,False
748,86,12,8935.548,0.13953488372093023,0.07026140120232202,0.0675370913693477,0.0675370913693477,1.9859393825513239,1.0257101855299706,0.6464128864474235,7.22546314602281,LOW,False
749,69,3,6255.134,0.043478260869565216,0.06782882691291632,0.06368054815276673,0.06368054815276673,0.6409997466915628,-0.3823862505852683,0.6149437022673513,4.304605915871458,LOW,False
750,44,13,6643.3022,0.29545454545454547,0.06547375444914823,0.06348390203249733,0.06348390203249733,4.51256458317229,3.622663126278381,0.5509911136472015,24.55157100382559,LOW,False
751,31,4,2163.9219,0.12903225806451613,0.07183197955737332,0.07763556462886191,0.07763556462886191,1.7963065873947697,0.736779319897906,0.5016440753080604,5.601813319067693,LOW,False
752,17,3,1638.696,0.17647058823529413,0.07026387919895039,0.07599962815788026,0.07599962815788026,2.511540641467035,1.3974635351598277,0.4183636342904982,8.635242590208701,LOW,False
753,21,7,3572.604,0.3333333333333333,0.07206126481986543,0.07803880716918835,0.07803880716918835,4.625693625647297,3.3479761927553473,0.4474094901461668,22.921708041651964,LOW,False
754,15,1,1092.915,0.06666666666666667,0.07553348704208764,0.08757178998247862,0.08757178998247862,0.8826107370035713,-0.1012520170844406,0.4013152602464483,2.8092068217251382,LOW,False
755,19,2,1515.266,0.10526315789473684,0.07414459815319875,0.0874311001198551,0.0874311001198551,1.4197009696814382,0.35592094459384754,0.4336139245415396,4.137012517204552,LOW,False
756,22,3,4272.885,0.13636363636363635,0.07853056306547945,0.08618125489109088,0.08618125489109088,1.736440323876644,0.6710632535026533,0.4538436109089882,5.110061126539107,LOW,False
757,47,0,5734.305,0.0,0.08222825426317065,0.08669957937592777,0.08669957937592777,0.0,-0.9484273724862086,0.5603326698608914,3.9223286890262394,LOW,False
758,80,1,8298.882,0.0125,0.08222825426317065,0.08669957937592777,0.08669957937592777,0.1520158747380661,-0.8042513558321919,0.6360696384577723,4.452487469204406,LOW,False
759,129,3,15207.338,0.023255813953488372,0.08021285571244602,0.08777321181028468,0.08777321181028468,0.28992626863775833,-0.6489114455793881,0.7045458416079491,14.090916832158982,LOW,False
760,169,5,16292.697,0.029585798816568046,0.07860694159346683,0.08847456964809204,0.08847456964809204,0.3763764143067357,-0.5540704291852515,0.7433754129509443,14.867508259018889,LOW,False
761,195,10,22145.322,0.05128205128205128,0.07942917417962515,0.08789763625649322,0.08789763625649322,0.6456324368434129,-0.3202261641648478,0.7639748156980716,15.279496313961433,LOW,False
762,228,4,22920.457,0.017543859649122806,0.08104291376407603,0.0869670395416171,0.0869670395416171,0.2164761708863865,-0.7301508071292512,0.7864980270862671,15.729960541725344,LOW,False
763,249,4,29573.67,0.01606425702811245,0.08126161283415559,0.08679306594886417,0.08679306594886417,0.1976856779953102,-0.7511816190991044,0.7991976983165583,15.983953966331166,LOW,False
764,217,3,26564.559,0.013824884792626729,0.08164360055515453,0.08647112253982392,0.08647112253982392,0.16933213011946105,-0.7842932272712683,0.7793727284850581,15.587454569701165,LOW,False
765,229,14,34257.484,0.0611353711790393,0.08067642754497077,0.08711912092258713,0.08711912092258713,0.7577848082695671,-0.224302726645915,0.7871287203889158,15.742574407778317,LOW,False
766,260,17,29548.297,0.06538461538461539,0.082727702931399,0.08600186389521244,0.08600186389521244,0.7903593725893107,-0.20165943807816783,0.8054302960618666,16.10860592123733,LOW,False
767,202,1,26158.969,0.0049504950495049506,0.08349588037211164,0.08575035363294739,0.08575035363294739,0.059290291059179726,-0.9159773924527306,0.7690540696204041,15.381081392408083,LOW,False
768,156,0,18163.018,0.0,0.08220064949767285,0.08672758705246213,0.08672758705246213,0.0,-0.9478027959886524,0.7318606560601462,14.637213121202924,LOW,False
769,149,3,13081.216,0.020134228187919462,0.08019744436946773,0.0880944947993273,0.0880944947993273,0.25105822693253854,-0.6818044228344552,0.725258813512686,14.50517627025372,LOW,False
770,105,5,9873.626,0.047619047619047616,0.07879622717478874,0.08879787303718006,0.08879787303718006,0.6043315692440104,-0.3511027740798149,0.6750042870351083,13.500085740702167,LOW,False
771,78,1,12715.283,0.01282051282051282,0.07953657306438837,0.0884454225279446,0.0884454225279446,0.1611901585215904,-0.7543189725030305,0.6324508528728112,4.427155970109678,LOW,False
772,62,0,6455.609,0.0,0.0750707610985764,0.08901752000494989,0.08901752000494989,0.0,-0.8433256857122287,0.5996934120163099,4.19785388411417,LOW,False
773,37,0,6938.191,0.0,0.06925680761020431,0.08918068632365048,0.08918068632365048,0.0,-0.7765897579982807,0.5265183489530272,3.68562844267119,LOW,False
774,31,3,5402.812,0.0967741935483871,0.06744521340730575,0.09016330297216822,0.09016330297216822,1.4348563620662278,0.3252873305909686,0.5016440753080604,4.653006477580272,LOW,False
775,19,7,3332.302,0.3684210526315789,0.059166865411215824,0.07638685185861097,0.07638685185861097,6.22681377610618,4.048526411230828,0.4336139245415396,26.872600520925648,LOW,False
776,15,2,1380.297,0.13333333333333333,0.06914139851817676,0.09837220001294077,0.09837220001294077,1.9284153371338155,0.6525414172572351,0.4013152602464483,5.246297081701403,LOW,False
777,13,0,972.372,0.0,0.06734401289726173,0.09670586942354646,0.09670586942354646,0.0,-0.6963797885143097,0.3819874078490358,2.673911854943251,LOW,False
778,9,0,675.287,0.0,0.053455124008372844,0.07919481949998403,0.07919481949998403,0.0,-0.6749825852988228,0.33328510947992757,2.3329957663594927,LOW,False
779,20,1,2111.514,0.05,0.05067734623059506,0.07987750601845726,0.07987750601845726,0.9866341416633586,-0.008479811956554392,0.44067600240186683,3.084732016813068,LOW,False
780,18,0,2029.324,0.0,0.0483747146516477,0.07902755835456106,0.07902755835456106,0.0,-0.6121246266348271,0.4261895338914151,2.9833267372399055,LOW,False
781,38,0,4313.248,0.0,0.042692896469829524,0.07730977603215967,0.07730977603215967,0.0,-0.5522315373423141,0.5302781417424646,3.7119469921972517,LOW,False
782,62,0,6821.8433,0.0,0.042692896469829524,0.07730977603215967,0.07730977603215967,0.0,-0.5522315373423141,0.5996934120163099,4.19785388411417,LOW,False
783,97,0,8891.834,0.0,0.042172063136496185,0.07756371737183199,0.07756371737183199,0.0,-0.5437086380778776,0.6636460006364596,4.645522004455216,LOW,False
784,126,5,16500.117,0.03968253968253968,0.041203070888434175,0.07795459088774824,0.07795459088774824,0.9630966534020814,-0.019505345209033343,0.7011664534630849,14.0233290692617,LOW,False
785,176,3,17816.068,0.017045454545454544,0.04162376842451632,0.07791640527756938,0.07791640527756938,0.4095125259109121,-0.31544465881740824,0.7492160161873449,14.9843203237469,LOW,False
786,199,6,21000.746,0.03015075376884422,0.04019724356049146,0.07804519164382216,0.07804519164382216,0.7500701813912036,-0.12872656956877998,0.7668990340214671,15.337980680429341,LOW,False
787,176,4,17662.72,0.022727272727272728,0.04072253081547985,0.07792843107461489,0.07792843107461489,0.5581006944350672,-0.23092031804126825,0.7492160161873449,14.9843203237469,LOW,False
788,204,7,19640.568,0.03431372549019608,0.04100015646961153,0.07784859260621377,0.07784859260621377,0.8369169399543317,-0.08589019731208024,0.7704731386726122,15.409462773452246,LOW,False
789,228,4,26320.33,0.017543859649122806,0.041853858165343594,0.07764971489579145,0.07764971489579145,0.4191694724967963,-0.3130726049521963,0.7864980270862671,15.729960541725344,LOW,False
790,175,0,17544.287,0.0,0.040037545184930405,0.0776889065422165,0.0776889065422165,0.0,-0.5153573008930667,0.748395935331003,14.967918706620061,LOW,False
791,194,0,17922.139,0.0,0.03731318621057143,0.07790753228268926,0.07790753228268926,0.0,-0.4789419600043251,0.76323443616078,15.264688723215603,LOW,False
792,169,9,17560.684,0.05325443786982249,0.037106915583508725,0.07800343677795905,0.07800343677795905,1.435162072416769,0.2070103953532015,0.7433754129509443,18.131223802144657,LOW,False
793,175,6,14485.742,0.03428571428571429,0.039325850494751326,0.07765866859742779,0.07765866859742779,0.8718365618129549,-0.06490114110975086,0.748395935331003,14.967918706620061,LOW,False
794,151,10,12332.536,0.06622516556291391,0.039915495748826114,0.07756027749605592,0.07756027749605592,1.6591342364791135,0.339215777244037,0.7271759790762514,19.48702635511838,LOW,False
795,112,6,13129.031,0.05357142857142857,0.04069075066315387,0.07773342193482302,0.07773342193482302,1.3165505108250155,0.16570321475201147,0.6842604738072507,16.05933830733263,LOW,False
796,110,17,10517.593,0.15454545454545454,0.0423887054861087,0.07754300934574489,0.07754300934574489,3.645911163673092,1.4463811761453174,0.6816756929067226,39.05761228749911,MEDIUM,False
797,52,2,3980.7,0.038461538461538464,0.04882809942550264,0.0802399325410659,0.0802399325410659,0.7876927202587414,-0.12919453737898753,0.5746754719734962,4.022728303814474,LOW,False
798,33,2,2300.602,0.06060606060606061,0.05043066352806674,0.07960388919336671,0.07960388919336671,1.2017700416004014,0.12782537613553904,0.5104191185326289,4.102580188929456,LOW,False
799,24,0,1551.6069,0.0,0.04892365798880313,0.0790286770660381,0.0790286770660381,0.0,-0.619062089928716,0.46591258883663084,3.2613881218564154,LOW,False
800,16,0,1848.278,0.0,0.03357278079582068,0.04081058268860205,0.04081058268860205,0.0,-0.8226488960471812,0.41009030347101677,2.870632124297117,LOW,False
801,10,5,688.853,0.5,0.02801722524026512,0.03534968617587028,0.03534968617587028,17.846164126254088,13.35182361765663,0.34708067508455476,30.42956472559188,MEDIUM,False
802,5,0,1598.9,0.0,0.048850558573598456,0.10221607873305241,0.10221607873305241,0.0,-0.47791462144792907,0.25934622467605517,1.815423572732386,LOW,False
803,21,0,2676.89,0.0,0.048850558573598456,0.10221607873305241,0.10221607873305241,0.0,-0.47791462144792907,0.4474094901461668,3.131866431023168,LOW,False
804,53,0,6819.171,0.0,0.046767225240265116,0.10270002846547364,0.10270002846547364,0.0,-0.45537694525554706,0.5773810439049414,4.041667307334589,LOW,False
805,116,2,13703.984,0.017241379310344827,0.046767225240265116,0.10270002846547364,0.10270002846547364,0.36866372169329686,-0.28749598584431235,0.6892955513569078,13.785911027138157,LOW,False
806,133,3,18084.402,0.022556390977443608,0.047485616044862816,0.10241858286069877,0.10241858286069877,0.47501523316309274,-0.24340529199984992,0.708932355598294,14.17864711196588,LOW,False
807,174,6,25640.082,0.034482758620689655,0.04842546566892297,0.10206677344740707,0.10206677344740707,0.7120790299972056,-0.13660377983259864,0.7475711816240547,14.951423632481095,LOW,False
808,236,7,39807.062,0.029661016949152543,0.04986224727811837,0.10159707988065227,0.10159707988065227,0.5948592084851545,-0.19883672200713381,0.7914682624872543,15.829365249745086,LOW,False
809,241,5,29162.035,0.02074688796680498,0.04944468383089392,0.10166131138861831,0.10166131138861831,0.4195979498576944,-0.2822882714387438,0.7944901652307216,15.889803304614434,LOW,False
810,243,2,30151.748,0.00823045267489712,0.04959891022345018,0.10161281884539784,0.10161281884539784,0.1659401917868307,-0.4071184917278445,0.7956814796425686,15.913629592851375,LOW,False
811,281,9,41977.906,0.03202846975088968,0.04868556434453571,0.10189335678500396,0.10189335678500396,0.6578637873894634,-0.1634757664210894,0.8166315423193131,16.332630846386266,LOW,False
812,285,9,54628.586,0.031578947368421054,0.04907311422051975,0.10180798482991152,0.10180798482991152,0.6435081178364757,-0.17183491924848365,0.8186702222741883,16.373404445483768,LOW,False
813,281,6,38512.645,0.021352313167259787,0.048959165132112466,0.10182675131567827,0.10182675131567827,0.43612494432129806,-0.271115906263839,0.8166315423193131,16.332630846386266,LOW,False
814,234,6,39680.105,0.02564102564102564,0.04911785069536817,0.10177862166205605,0.10177862166205605,0.5220306930784249,-0.23066558252571517,0.7902416120615733,15.804832241231468,LOW,False
815,248,11,32535.379,0.04435483870967742,0.050186226763744235,0.10137438657518347,0.10137438657518347,0.8838050112530167,-0.057523288190178226,0.7986175617325333,15.972351234650667,LOW,False
816,231,6,29035.744,0.025974025974025976,0.05203434504331413,0.10082248683184578,0.10082248683184578,0.49917080636654165,-0.2584772493536308,0.7883819220178166,15.767638440356336,LOW,False
817,215,4,28777.137,0.018604651162790697,0.050897661214322605,0.10096181821824161,0.10096181821824161,0.3655305709323113,-0.3198536894583903,0.7780386740281655,15.560773480563311,LOW,False
818,184,8,22346.02,0.043478260869565216,0.05024428358420079,0.10112460609565535,0.10112460609565535,0.8653374626529029,-0.06690777819431494,0.7556145777105949,15.112291554211899,LOW,False
819,128,2,14953.856,0.015625,0.0492964958886446,0.10107489867553675,0.10107489867553675,0.3169596483144597,-0.33313410480612377,0.7034281226642937,14.068562453285875,LOW,False
820,111,13,10882.602,0.11711711711711711,0.047715394698168406,0.10130166008227252,0.10130166008227252,2.4544933109735494,0.6850995567356334,0.682973853033872,24.56817689297906,LOW,False
821,67,6,6935.755,0.08955223880597014,0.046155880638654355,0.0998634226209361,0.0998634226209361,1.9402129818962324,0.4345570883549695,0.610747933594241,6.743294612637297,LOW,False
822,84,15,6599.399,0.17857142857142858,0.04828465981967234,0.10023612411081874,0.10023612411081874,3.6983056158692094,1.2997985497495315,0.6430465978893322,12.895997082036198,LOW,False
823,67,10,8189.968,0.14925373134328357,0.053199883484895995,0.10369907389037682,0.10369907389037682,2.8055274103308565,0.9262748861183542,0.610747933594241,9.014744987278185,LOW,False
824,25,1,2647.315,0.04,0.05941878895753281,0.10483908405173091,0.10483908405173091,0.6731877357612992,-0.18522471016582867,0.47158954718963364,3.3011268303274357,LOW,False
825,34,4,4585.276,0.11764705882352941,0.06108545562419948,0.10416921888410523,0.10416921888410523,1.925942233242877,0.542978087051399,0.5146148872057391,6.032902572702726,LOW,False
826,43,2,7665.6777,0.046511627906976744,0.045154083075179874,0.048472328407234616,0.048472328407234616,1.0300647192754775,0.028006594203431184,0.5477383052077789,3.9130880245525805,LOW,False
827,45,0,4542.07,0.0,0.04709206757130391,0.04750873841079792,0.04750873841079792,0.0,-0.9912295957873866,0.5541724259706003,3.8792069817942023,LOW,False
828,90,2,10024.102,0.022222222222222223,0.04709206757130391,0.04750873841079792,0.04750873841079792,0.47188886299321436,-0.5234793888660533,0.6529193249154452,4.5704352744081165,LOW,False
829,156,5,21375.803,0.03205128205128205,0.04801799349722983,0.04676170647745733,0.04676170647745733,0.6674848263522526,-0.3414484339583488,0.7318606560601462,14.637213121202924,LOW,False
830,207,3,25715.54,0.014492753623188406,0.04863507277810222,0.04643448514290146,0.04643448514290146,0.29798975914586723,-0.7352793737206587,0.7725759923744698,15.451519847489397,LOW,False
831,285,6,42075.53,0.021052631578947368,0.04829908788834158,0.04666001150491583,0.04666001150491583,0.43588052071743255,-0.583935910657109,0.8186702222741883,16.373404445483768,LOW,False
832,266,10,35840.49,0.03759398496240601,0.04773949926160232,0.04691276204149919,0.04691276204149919,0.7874817613062709,-0.21626341868810775,0.8087200713981695,16.174401427963392,LOW,False
833,289,7,44036.227,0.02422145328719723,0.04807003959548788,0.046807675116704195,0.046807675116704195,0.5038783718720047,-0.509501620168694,0.8206805863129079,16.41361172625816,LOW,False
834,300,10,49616.777,0.03333333333333333,0.04821481315050422,0.046724791750492156,0.046724791750492156,0.6913504617197659,-0.3184921592938751,0.8260693058372743,16.521386116745486,LOW,False
835,290,6,39876.586,0.020689655172413793,0.049260766511272404,0.04606715074636613,0.04606715074636613,0.42000270474230955,-0.6202057404453727,0.821178844580994,16.42357689161988,LOW,False
836,288,16,37605.758,0.05555555555555555,0.048788315903835915,0.04630907226972404,0.04630907226972404,1.1387061538475358,0.14613204972676436,0.8201806069420335,17.44390829269719,LOW,False
837,303,7,49153.055,0.0231023102310231,0.049787341244966504,0.04618011709413329,0.04618011709413329,0.46401976191807076,-0.5778467594516659,0.8275047941378635,16.550095882757272,LOW,False
838,285,7,47275.785,0.02456140350877193,0.049860257789289986,0.04613462643542715,0.04613462643542715,0.4926048239174514,-0.5483701990288765,0.8186702222741883,16.373404445483768,LOW,False
839,271,9,35687.758,0.033210332103321034,0.04981527353377941,0.04615978800145116,0.04615978800145116,0.6666696727219881,-0.3597274196739455,0.8114055637174651,16.228111274349303,LOW,False
840,302,12,40501.6,0.039735099337748346,0.04935091909184789,0.04627302312132327,0.04627302312132327,0.8051541910252296,-0.20780617097110385,0.8270278781085497,16.540557562170996,LOW,False
841,275,12,34752.992,0.04363636363636364,0.04992429714866966,0.04605550806991121,0.04605550806991121,0.8740506352331577,-0.13652945707951109,0.8135186506466554,16.27037301293311,LOW,False
842,192,2,18202.203,0.010416666666666666,0.05096728516840187,0.04559654642205929,0.04559654642205929,0.2043794687562577,-0.889335304616779,0.7617422179553044,15.23484435910609,LOW,False
843,138,4,15076.382,0.028985507246376812,0.0495897187432811,0.04632623385016641,0.04632623385016641,0.5845063852132465,-0.4447633615878377,0.714234922319791,14.284698446395822,LOW,False
844,90,14,6798.519,0.15555555555555556,0.05014640654521346,0.04597932071273965,0.04597932071273965,3.1020279671545783,2.292533847311407,0.6529193249154452,15.74309427017629,LOW,False
845,73,8,6288.737,0.1095890410958904,0.051748008146815065,0.04898478114135443,0.04898478114135443,2.1177441416677074,1.1807959860464536,0.6229870983538917,8.085970499308207,LOW,False
846,30,1,3636.918,0.03333333333333333,0.05258287490889507,0.04982072172184296,0.04982072172184296,0.6339199481026202,-0.3863762087397088,0.49704864540372573,3.4793405178260803,LOW,False
847,21,1,1666.3151,0.047619047619047616,0.04653128760730777,0.04206976988620774,0.04206976988620774,1.023376959196139,0.02585609606808093,0.4474094901461668,3.1932309489130324,LOW,False
848,18,1,1873.802,0.05555555555555555,0.04229650911879795,0.03595032187243909,0.03595032187243909,1.3134785047985167,0.36881579207563386,0.4261895338914151,3.8062078123360115,LOW,False
849,14,0,1476.46,0.0,0.04294465726694608,0.036047212903531405,0.036047212903531405,0.0,-1.1913447339707908,0.3919737040327585,2.7438159282293095,LOW,False
850,14,0,1089.157,0.0,0.03804269648263236,0.03334492292838572,0.03334492292838572,0.0,-1.1408842228946205,0.3919737040327585,2.7438159282293095,LOW,False
851,29,0,3269.537,0.0,0.03610471198650833,0.034172652745144826,0.034172652745144826,0.0,-1.0565381697397784,0.4923025190943706,3.4461176336605943,LOW,False
852,64,6,11784.39,0.09375,0.03610471198650833,0.034172652745144826,0.034172652745144826,2.5966139831009496,1.686883615486415,0.6042170265463369,11.425746709217417,LOW,False
853,122,1,16527.193,0.00819672131147541,0.03908503606058241,0.03598054682726827,0.03598054682726827,0.20971507609127865,-0.8584726323752794,0.6965342538687398,13.930685077374797,LOW,False
854,163,1,17038.393,0.006134969325153374,0.038091096029757125,0.036508902154127526,0.036508902154127526,0.16106045676293163,-0.8752968404718503,0.7381744743775209,14.76348948755042,LOW,False
855,191,1,29810.709,0.005235602094240838,0.037742855017339004,0.0367826165735047,0.0367826165735047,0.13871770145198636,-0.8837667341619692,0.7609902999841155,15.219805999682311,LOW,False
856,257,5,38013.266,0.019455252918287938,0.037083812122142894,0.03723359523166017,0.03723359523166017,0.5246292601798381,-0.47345842092802204,0.8037569377259057,16.075138754518115,LOW,False
857,280,5,45525.926,0.017857142857142856,0.036328031620304645,0.03740648109526367,0.03740648109526367,0.4915527228059902,-0.4937884618476057,0.816117353913755,16.3223470782751,LOW,False
858,267,8,43776.82,0.0299625468164794,0.036062852019052384,0.03751842900777341,0.03751842900777341,0.8308424081559016,-0.16259489973071808,0.8092611706599061,16.185223413198123,LOW,False
859,261,8,35750.387,0.03065134099616858,0.03592240258085013,0.03753539655595648,0.03753539655595648,0.8532653384522921,-0.14042909009429627,0.8059838106329514,16.11967621265903,LOW,False
860,244,4,29244.38,0.01639344262295082,0.036337472823506585,0.03741451158444847,0.03741451158444847,0.45114426923894274,-0.533056008376322,0.796273479993163,15.925469599863263,LOW,False
861,288,7,39591.562,0.024305555555555556,0.03470571811798138,0.03739389467026715,0.03739389467026715,0.7003328809658776,-0.27812461510448816,0.8201806069420335,16.40361213884067,LOW,False
862,255,3,33591.074,0.011764705882352941,0.034755853339836905,0.037378464637912334,0.037378464637912334,0.3384956705657496,-0.6150907395528611,0.8026305204928966,16.052610409857934,LOW,False
863,242,16,29144.545,0.06611570247933884,0.03422265760540278,0.03762069512526124,0.03762069512526124,1.9319277667348973,0.8477526735682451,0.7950870480722153,22.891199211956035,LOW,False
864,215,11,26223.89,0.05116279069767442,0.03559371470440352,0.03817767985869556,0.03817767985869556,1.4374108216174681,0.4078057139903644,0.7780386740281655,18.841354642694323,LOW,False
865,151,1,17467.244,0.006622516556291391,0.0360698685110671,0.038302635979162086,0.038302635979162086,0.18360245905136702,-0.7688074515497069,0.7271759790762514,14.54351958152503,LOW,False
866,150,5,18523.877,0.03333333333333333,0.03452762488273076,0.03872754583472039,0.03872754583472039,0.9654105501477814,-0.03083829671248398,0.7262205704328422,14.524411408656842,LOW,False
867,105,7,8415.286,0.06666666666666667,0.03548248599384187,0.03838825133856789,0.03838825133856789,1.8788612127751403,0.812336576568537,0.6750042870351083,20.091544836515716,LOW,False
868,85,3,7699.455,0.03529411764705882,0.037052534303020614,0.038878412189081626,0.038878412189081626,0.9525426077044765,-0.04522861292302502,0.6447395281114626,4.513176696780238,LOW,False
869,50,2,6125.527,0.04,0.032041641056833256,0.029578723438720898,0.029578723438720898,1.2483755101385337,0.2690568766314175,0.5691077130854598,4.63573970571187,LOW,False
870,32,4,2724.634,0.125,0.02914209767783782,0.024645909817611448,0.024645909817611448,4.2893274664665215,3.8894040849595313,0.5060980846989978,24.818314064065554,LOW,False
871,24,4,2740.18,0.16666666666666666,0.032961542122282264,0.031479279083725505,0.031479279083725505,5.056397727034703,4.247401097997466,0.46591258883663084,27.96876792559533,LOW,False
872,23,8,1982.132,0.34782608695652173,0.03792185958259973,0.04163163468272515,0.04163163468272515,9.172179075208646,7.443960097548494,0.46000385479927935,31.220026983594956,MEDIUM,False
873,17,3,2102.474,0.17647058823529413,0.05009979839097332,0.07576676723880833,0.07576676723880833,3.5223812051724654,1.6678920646833761,0.4183636342904982,12.471823886600982,LOW,False
874,24,4,4070.575,0.16666666666666666,0.0574527395674439,0.07917945448329068,0.07917945448329068,2.900935062827009,1.3793215400627732,0.46591258883663084,9.910874399551949,LOW,False
875,36,0,6062.026,0.0,0.06439718401188835,0.08120434114104205,0.08120434114104205,0.0,-0.7930263715832419,0.5226582832922795,3.6586079830459566,LOW,False
876,56,2,8423.207,0.03571428571428571,0.06439718401188835,0.08120434114104205,0.08120434114104205,0.554593904411915,-0.35321877986527755,0.5852069435058582,4.096448604541007,LOW,False
877,94,1,10882.309,0.010638297872340425,0.06197902924998359,0.08115634856168867,0.08115634856168867,0.171643505893459,-0.6326150977408499,0.6591458283097306,4.614020798168113,LOW,False
878,152,7,24279.188,0.046052631578947366,0.0620807616066863,0.08108750041367986,0.08108750041367986,0.7418180832044972,-0.19766462088446501,0.7281251226999029,14.562502453998057,LOW,False
879,205,6,30813.418,0.02926829268292683,0.06374399753392772,0.08029558963062176,0.08029558963062176,0.4591537056857596,-0.4293598815277039,0.7711774898627489,15.42354979725498,LOW,False
880,227,7,27599.652,0.030837004405286344,0.06474535964178962,0.07968171900082635,0.07968171900082635,0.4762813053459777,-0.42554748644606455,0.7858645736290825,15.717291472581651,LOW,False
881,294,10,44753.15,0.034013605442176874,0.06521959928708122,0.07943393234997348,0.07943393234997348,0.5215242935249731,-0.39285470228787894,0.8231549009912174,16.463098019824347,LOW,False
882,271,10,41534.36,0.03690036900369004,0.06589278522812432,0.07908277899348497,0.07908277899348497,0.5600062112405629,-0.3666084651226375,0.8114055637174651,16.228111274349303,LOW,False
883,290,8,44310.137,0.027586206896551724,0.06618186115259142,0.07895831290747961,0.07895831290747961,0.4168242841183918,-0.4888105233614178,0.821178844580994,16.42357689161988,LOW,False
884,278,14,42627.727,0.050359712230215826,0.06605414723177405,0.07902073593575948,0.07902073593575948,0.7624004599364698,-0.1986116025838729,0.8150834646326118,16.30166929265224,LOW,False
885,283,3,45199.11,0.01060070671378092,0.0674694084654101,0.07839432733559638,0.07839432733559638,0.1571187143165134,-0.7254185817320853,0.817654471551691,16.353089431033823,LOW,False
886,259,7,39648.02,0.02702702702702703,0.06689837309700282,0.0787714161164247,0.0787714161164247,0.4040012600581148,-0.5061651552772095,0.8048746566695612,16.097493133391225,LOW,False
887,250,8,34100.484,0.032,0.06753430314469756,0.07836753574163609,0.07836753574163609,0.4738332744981092,-0.45343142167756656,0.7997755189799128,15.995510379598258,LOW,False
888,216,5,28837.791,0.023148148148148147,0.06611281554139178,0.07870307556085365,0.07870307556085365,0.3501310291898792,-0.5459083661860599,0.7787072381911495,15.574144763822991,LOW,False
889,210,6,25763.008,0.02857142857142857,0.06494553876849486,0.07914097573394946,0.07914097573394946,0.4399290407501954,-0.4596115963915609,0.7746487325761663,15.492974651523328,LOW,False
890,156,15,19269.4,0.09615384615384616,0.06586007676912557,0.0785624068693299,0.0785624068693299,1.459971668282688,0.38560134028361875,0.7318606560601462,18.087000633323083,LOW,False
891,130,8,10432.335,0.06153846153846154,0.06847759813664694,0.0784780446094762,0.0784780446094762,0.898665595946599,-0.08842137482803061,0.7056549955713393,14.113099911426785,LOW,False
892,83,4,9644.676,0.04819277108433735,0.06826392292297173,0.07849017012542905,0.07849017012542905,0.7059771695030997,-0.25571548394608173,0.6413336325250909,4.489335427675637,LOW,False
893,62,4,7013.654,0.06451612903225806,0.06880136681619167,0.07829852775533261,0.07829852775533261,0.9377158044638566,-0.05472948095938827,0.5996934120163099,4.19785388411417,LOW,False
894,28,2,2728.898,0.07142857142857142,0.06982287219253576,0.07806601679341939,0.07806601679341939,1.0229967514313643,0.020568479115371217,0.4873954768329804,3.4721348103381944,LOW,False
895,31,1,2375.628,0.03225806451612903,0.0675907293353929,0.07718060475249588,0.07718060475249588,0.47725575435147094,-0.45779201824822796,0.5016440753080604,3.5115085271564226,LOW,False
896,22,0,2977.498,0.0,0.06199037091245383,0.07450913913803475,0.07450913913803475,0.0,-0.8319834537023868,0.4538436109089882,3.176905276362918,LOW,False
897,9,0,1276.75,0.0,0.047497617289265416,0.04412771163465223,0.04412771163465223,0.0,-1.0763671065137876,0.33328510947992757,2.3329957663594927,LOW,False
898,9,0,440.49298,0.0,0.04014467611279483,0.03557678899128193,0.03557678899128193,0.0,-1.128395148944787,0.33328510947992757,2.3329957663594927,LOW,False
899,8,0,884.291,0.0,0.03320023166835039,0.024278864992519147,0.024278864992519147,0.0,-1.367454025490076,0.31803481922888616,2.226243734602203,LOW,False
900,28,0,2423.826,0.0,0.03320023166835039,0.024278864992519147,0.024278864992519147,0.0,-1.367454025490076,0.4873954768329804,3.411768337830863,LOW,False
901,62,1,7211.212,0.016129032258064516,0.03171213643025515,0.025195275798603683,0.025195275798603683,0.5086075576628927,-0.6184930975454632,0.5996934120163099,4.19785388411417,LOW,False
902,97,2,13830.929,0.020618556701030927,0.03194091702966032,0.025019917726231074,0.025019917726231074,0.6455217513600046,-0.45253387531162603,0.6636460006364596,4.645522004455216,LOW,False
903,148,7,21171.582,0.0472972972972973,0.03088116390974714,0.024934711291444037,0.024934711291444037,1.531590500783187,0.6583646867081675,0.7242906233880599,18.472741223635104,LOW,False
904,192,7,27125.697,0.036458333333333336,0.03163237243534591,0.02515461800903045,0.02515461800903045,1.1525639882955763,0.1918518856559426,0.7617422179553044,16.37907427132291,LOW,False
905,222,7,30475.21,0.03153153153153153,0.031866594474014534,0.025173054274198074,0.025173054274198074,0.9894854486959305,-0.013310380966621077,0.7826550433732524,15.65310086746505,LOW,False
906,207,5,23228.98,0.024154589371980676,0.031763174727737646,0.02516894837236994,0.02516894837236994,0.7604589144197648,-0.3023004872189873,0.7725759923744698,15.451519847489397,LOW,False
907,237,13,29287.111,0.05485232067510549,0.031232100576416424,0.025190300049924036,0.025190300049924036,1.7562802265219668,0.9376712485312494,0.7920777113200527,21.513655925315806,LOW,False
908,250,10,34002.336,0.04,0.03236818865052283,0.025629741158012247,0.025629741158012247,1.2357812305123814,0.2977716904133209,0.7997755189799128,17.76386960844112,LOW,False
909,218,16,32848.08,0.07339449541284404,0.03193653397426383,0.02539976149968543,0.02539976149968543,2.2981359051670807,1.6322185324099858,0.7800351730461409,33.23945440480075,MEDIUM,False
910,229,8,27492.525,0.034934497816593885,0.0345529418367248,0.02632378013758038,0.02632378013758038,1.0110426481679065,0.01449472598064934,0.7871287203889158,15.825394269037615,LOW,False
911,176,5,19466.18,0.028409090909090908,0.03488241978629008,0.026274928594458378,0.026274928594458378,0.8144243169809166,-0.24636903784257877,0.7492160161873449,14.9843203237469,LOW,False
912,208,4,22262.904,0.019230769230769232,0.03473279857416887,0.026302265927818407,0.026302265927818407,0.5536775042674318,-0.589379994329843,0.7732702089759699,15.465404179519398,LOW,False
913,144,8,14095.722,0.05555555555555555,0.03456957445261142,0.026389293625408428,0.026389293625408428,1.6070650690743122,0.7952460342757406,0.7203517712512958,18.96002344308326,LOW,False
914,140,10,14273.086,0.07142857142857142,0.035693913076950044,0.02669568860137252,0.02669568860137252,2.0011415188517856,1.3385928673809948,0.7163027272577009,26.06702677880485,LOW,False
915,84,2,8594.743,0.023809523809523808,0.034663693296730254,0.024660534392887727,0.024660534392887727,0.6868721000300827,-0.44014332026547104,0.6430465978893322,4.5013261852253255,LOW,False
916,75,5,7255.886,0.06666666666666667,0.03309165422469119,0.024068302683457547,0.024068302683457547,2.0146066501844335,1.3949887901755538,0.6268471640146392,8.779348561854661,LOW,False
917,32,3,3472.941,0.09375,0.03386139987395491,0.024854822813218196,0.024854822813218196,2.7686392278220446,2.4095363936449132,0.5060980846989978,14.352086288122344,LOW,False
918,21,3,2963.097,0.14285714285714285,0.03507947783094415,0.02704252196258135,0.02704252196258135,4.07238510064498,3.9854886750329834,0.4474094901461668,24.258390273485542,LOW,False
919,11,0,1199.726,0.0,0.03805566830713463,0.034200201692350087,0.034200201692350087,0.0,-1.112732277121247,0.35967503973766723,2.5177252781636708,LOW,False
920,9,0,594.643,0.0,0.036711582285629256,0.03506100358836011,0.03506100358836011,0.0,-1.0470773374501214,0.33328510947992757,2.3329957663594927,LOW,False
921,5,1,223.836,0.2,0.036711582285629256,0.03506100358836011,0.03506100358836011,5.447871967051935,4.6572659365797735,0.25934622467605517,28.315962045268893,LOW,False
922,13,8,457.136,0.6153846153846154,0.04504491561896259,0.04751292812140741,0.04751292812140741,13.661577714790003,12.003884465051119,0.3819874078490358,30.673911854943253,MEDIUM,False
923,6,0,895.75,0.0,0.07068594125998823,0.1250045630111325,0.1250045630111325,0.0,-0.5654668882262576,0.2816585927874237,1.971610149511966,LOW,False
924,17,0,1407.4141,0.0,0.07068594125998823,0.1250045630111325,0.1250045630111325,0.0,-0.5654668882262576,0.4183636342904982,2.9285454400334876,LOW,False
925,44,0,4562.633,0.0,0.07068594125998823,0.1250045630111325,0.1250045630111325,0.0,-0.5654668882262576,0.5509911136472015,3.8569377955304107,LOW,False
926,87,2,11060.273,0.022988505747126436,0.07001389824923554,0.12535349050159394,0.12535349050159394,0.32834203382436916,-0.37514226619410446,0.648067120269391,4.536469841885736,LOW,False
927,122,4,14122.678,0.03278688524590164,0.0701126461261562,0.12531381444846174,0.12531381444846174,0.46763154805064727,-0.2978583091140814,0.6965342538687398,13.930685077374797,LOW,False
928,156,9,14392.1045,0.057692307692307696,0.0695080456240147,0.1254635920493056,0.1254635920493056,0.8300090611722691,-0.09417662716896846,0.7318606560601462,14.637213121202924,LOW,False
929,150,4,18606.412,0.02666666666666667,0.07039279455563864,0.1252951539422157,0.1252951539422157,0.37882665171915103,-0.3489849887501461,0.7262205704328422,14.524411408656842,LOW,False
930,203,5,20562.365,0.024630541871921183,0.07019009185293594,0.12536467313356325,0.12536467313356325,0.3509119481354679,-0.3634161749257362,0.769765343208684,15.39530686417368,LOW,False
931,204,9,22633.426,0.04411764705882353,0.07020992320710012,0.125357111602496,0.125357111602496,0.6283676871243472,-0.20814356532890205,0.7704731386726122,15.409462773452246,LOW,False
932,211,13,20145.297,0.061611374407582936,0.06976264513975504,0.12543341805764888,0.12543341805764888,0.8831570862050497,-0.06498484102877432,0.7753331020967204,15.506662041934408,LOW,False
933,213,12,24021.922,0.056338028169014086,0.07066311907340433,0.1252879539125913,0.1252879539125913,0.7972762723718797,-0.11433733616868169,0.776692209584216,15.53384419168432,LOW,False
934,203,5,15668.5625,0.024630541871921183,0.06995243293824475,0.1253201583626321,0.1253201583626321,0.35210414902460163,-0.36164884930306335,0.769765343208684,15.39530686417368,LOW,False
935,186,3,18994.586,0.016129032258064516,0.06952310144055006,0.1254629102188848,0.1254629102188848,0.23199529255547702,-0.42557652368603044,0.7571709785555715,15.14341957111143,LOW,False
936,202,12,17765.164,0.0594059405940594,0.06901143233009062,0.1256627549831227,0.1256627549831227,0.8608130361635316,-0.07643865310227596,0.7690540696204041,15.381081392408083,LOW,False
937,180,3,16637.807,0.016666666666666666,0.07068539780356103,0.12523765980551807,0.12523765980551807,0.23578655825046546,-0.4313297710990465,0.7524506509957629,15.049013019915257,LOW,False
938,137,14,11593.77,0.10218978102189781,0.06906502743319068,0.12569267900160985,0.12569267900160985,1.4796168888914147,0.26353765272425195,0.7131898355850435,17.860923378386477,LOW,False
939,100,4,9368.787,0.04,0.07034674449957927,0.125874536491287,0.125874536491287,0.5686119561686217,-0.24108723928989295,0.6680104684941067,13.360209369882133,LOW,False
940,86,6,8649.633,0.06976744186046512,0.07102134767418244,0.12565748224130463,0.12565748224130463,0.9823446631924003,-0.009978759651648983,0.6464128864474235,4.524890205131964,LOW,False
941,53,1,4192.0527,0.018867924528301886,0.07115054664059071,0.12565440420494786,0.12565440420494786,0.26518312815797696,-0.41608268681942556,0.5773810439049414,4.041667307334589,LOW,False
942,33,0,2828.864,0.0,0.06803046016260329,0.1259980628805509,0.1259980628805509,0.0,-0.5399325879088931,0.5104191185326289,3.5729338297284023,LOW,False
943,25,1,2738.157,0.04,0.06207807921022235,0.1256834435280871,0.1256834435280871,0.6443498334499569,-0.17566418129917366,0.47158954718963364,3.3011268303274357,LOW,False
944,9,0,1501.453,0.0,0.06374474587688901,0.12508825240593074,0.12508825240593074,0.0,-0.5095981808909397,0.33328510947992757,2.3329957663594927,LOW,False
945,10,1,740.79,0.1,0.06374474587688901,0.12508825240593074,0.12508825240593074,1.56875674417357,0.2898374022003048,0.34708067508455476,3.922551179047504,LOW,False
946,10,1,1128.78,0.1,0.059578079210222346,0.12197913452682718,0.12197913452682718,1.6784696876035257,0.3313838956685462,0.34708067508455476,4.210547655551138,LOW,False
947,18,1,1418.214,0.05555555555555555,0.038103720235863364,0.03220881918353399,0.03220881918353399,1.45800869866944,0.5418340616663784,0.4261895338914151,4.185599571247186,LOW,False
948,48,3,6591.351,0.0625,0.04041853505067818,0.03133580879879172,0.03133580879879172,1.5463202691942026,0.7046719327114754,0.5633171855748474,5.377311005658714,LOW,False
949,82,1,11489.854,0.012195121951219513,0.04302270171734485,0.030414262745934142,0.030414262745934142,0.28345783654732637,-1.0135895787987315,0.6396001521180903,4.477201064826632,LOW,False
950,138,7,27846.809,0.050724637681159424,0.04353083179864566,0.02975904671040618,0.02975904671040618,1.1652577170082372,0.24173509160151366,0.714234922319791,15.5241313239576,LOW,False
951,181,2,27675.867,0.011049723756906077,0.044686503962563705,0.02946370620259602,0.02946370620259602,0.24727205704350974,-1.1416343882323237,0.7532481399770573,15.06496279954115,LOW,False
952,204,6,34543.242,0.029411764705882353,0.04378078890052222,0.030171015457447815,0.030171015457447815,0.6717961335212835,-0.47625258801466114,0.7704731386726122,15.409462773452246,LOW,False
953,208,12,33308.637,0.057692307692307696,0.0426024329427545,0.03015632311715705,0.03015632311715705,1.35420218300278,0.5003884157537761,0.7732702089759699,18.12192055204025,LOW,False
954,210,18,27043.34,0.08571428571428572,0.043895167985489536,0.03010845301683543,0.03010845301683543,1.9527043555823813,1.3889493992073463,0.7746487325761663,27.50012480848302,LOW,False
955,220,7,29368.516,0.031818181818181815,0.046440323978921394,0.030978380134285215,0.030978380134285215,0.6851412542389592,-0.472011192882115,0.7813510355990383,15.627020711980766,LOW,False
956,198,3,33120.684,0.015151515151515152,0.045927846260561324,0.03111988727592787,0.03111988727592787,0.32989822918227935,-0.9889602374251706,0.7661734992494772,15.323469984989547,LOW,False
957,210,1,33264.547,0.004761904761904762,0.0439920187915585,0.03154400726050612,0.03154400726050612,0.1082447428581866,-1.2436629786974087,0.7746487325761663,15.492974651523328,LOW,False
958,207,8,35364.72,0.03864734299516908,0.04184301364959561,0.03241128467464278,0.03241128467464278,0.9236271392594253,-0.09859746956980972,0.7725759923744698,15.451519847489397,LOW,False
959,248,5,31952.498,0.020161290322580645,0.04242704702973094,0.0322133232323768,0.0322133232323768,0.4751990000259158,-0.6911971343823212,0.7986175617325333,15.972351234650667,LOW,False
960,216,4,26622.771,0.018518518518518517,0.042595057782419114,0.03208044191701425,0.03208044191701425,0.43475744564342245,-0.7505052245284475,0.7787072381911495,15.574144763822991,LOW,False
961,193,14,23571.41,0.07253886010362694,0.040891415195938245,0.0322341809811663,0.0322341809811663,1.7739386068211267,0.981797704932524,0.762490250028163,21.05434455172171,LOW,False
962,167,3,20648.16,0.017964071856287425,0.043219423255811594,0.03242558514261747,0.03242558514261747,0.41564811612500746,-0.7788711071347992,0.7416624475867031,14.833248951734063,LOW,False
963,114,7,12161.279,0.06140350877192982,0.039710018707244485,0.030250673542445643,0.030250673542445643,1.5462976541163826,0.7171242000362914,0.6867999053273037,17.833230512418943,LOW,False
964,85,7,9713.455,0.08235294117647059,0.04060183157274156,0.030573368805215845,0.030573368805215845,2.028306063703763,1.3656038322020387,0.6447395281114626,8.811996879886534,LOW,False
965,34,1,3095.33,0.029411764705882353,0.041126227377575125,0.03119694298634035,0.03119694298634035,0.7151583449621175,-0.37550033914611364,0.5146148872057391,3.6023042104401735,LOW,False
966,20,1,2394.02,0.05,0.04156555405164098,0.030943073389875255,0.030943073389875255,1.202919127166694,0.27257945072511186,0.44067600240186683,3.6173947256256396,LOW,False
967,17,2,2076.09,0.11764705882352941,0.04364888738497431,0.02968030756669052,0.02968030756669052,2.695304871941094,2.4931740101508058,0.4183636342904982,13.911357023288634,LOW,False
968,16,0,1791.4259,0.0,0.046884181502621365,0.03327904356985833,0.03327904356985833,0.0,-1.408819980183732,0.41009030347101677,2.870632124297117,LOW,False
969,11,1,938.781,0.09090909090909091,0.046884181502621365,0.03327904356985833,0.03327904356985833,1.9390141407077364,1.3229018831041173,0.35967503973766723,6.395333136101991,LOW,False
970,11,0,1966.68,0.0,0.04650539362383349,0.03269479282346559,0.03269479282346559,0.0,-1.422409797026021,0.35967503973766723,2.5177252781636708,LOW,False
971,18,0,1221.712,0.0,0.04233872695716682,0.031944415070689104,0.031944415070689104,0.0,-1.325387453909435,0.4261895338914151,2.9833267372399055,LOW,False
972,48,3,4017.641,0.0625,0.04002391214235201,0.032942329361096354,0.032942329361096354,1.561566489994978,0.6822859310061845,0.5633171855748474,5.41733233526075,LOW,False
973,67,1,9592.194,0.014925373134328358,0.04002391214235201,0.032942329361096354,0.032942329361096354,0.3729114005958156,-0.7618932690796321,0.610747933594241,4.275235535159687,LOW,False
974,118,1,12885.887,0.00847457627118644,0.04013767260831488,0.03284662444975348,0.03284662444975348,0.21113770979911917,-0.9639680444352653,0.6917488962584405,13.83497792516881,LOW,False
975,155,2,23618.28,0.012903225806451613,0.03837725338289934,0.03338237427921966,0.03338237427921966,0.336220668991419,-0.7630981356621229,0.7309357718656888,14.618715437313776,LOW,False
976,146,11,27735.89,0.07534246575342465,0.03845448263496373,0.03331848687051845,0.03331848687051845,1.9592635394064952,1.1071326036447624,0.7223345951892906,22.980325994894056,LOW,False
977,208,8,34212.98,0.038461538461538464,0.040368261845277996,0.03408674827239153,0.03408674827239153,0.9527667703145716,-0.05593737978473815,0.7732702089759699,15.465404179519398,LOW,False
978,208,13,36557.97,0.0625,0.03956697979399595,0.0338872498392762,0.0338872498392762,1.5795999675841825,0.6767448026845805,0.7732702089759699,19.81240393640077,LOW,False
979,243,3,35146.17,0.012345679012345678,0.03859971788923404,0.03282751127269134,0.03282751127269134,0.3198385814055146,-0.7997572115291195,0.7956814796425686,15.913629592851375,LOW,False
980,189,3,37520.285,0.015873015873015872,0.037788363605657536,0.03324044985016604,0.03324044985016604,0.42005036361615355,-0.6592975676149639,0.7594746433713426,15.189492867426853,LOW,False
981,200,7,31262.838,0.035,0.03781842613572007,0.0332194066589173,0.0332194066589173,0.9254747903679148,-0.0848427596753447,0.7676209501511251,15.352419003022503,LOW,False
982,209,6,41870.668,0.028708133971291867,0.0390783467706407,0.032476264799225,0.032476264799225,0.7346302068453955,-0.3193166721437836,0.7739611118817943,15.479222237635886,LOW,False
983,221,11,35917.324,0.049773755656108594,0.03866421306131248,0.03254529834464454,0.03254529834464454,1.287333989629608,0.3413562990619883,0.7820045079683347,17.795095081588755,LOW,False
984,199,2,31316.688,0.010050251256281407,0.03989806578354282,0.0323742010716871,0.0323742010716871,0.25189820756741904,-0.921962968635691,0.7668990340214671,15.337980680429341,LOW,False
985,174,5,27655.096,0.028735632183908046,0.03954522131428293,0.032662212973310345,0.032662212973310345,0.7266524558184561,-0.3309509107422651,0.7475711816240547,14.951423632481095,LOW,False
986,148,3,21082.115,0.02027027027027027,0.03772008681762798,0.031954576340612,0.031954576340612,0.5373866281982477,-0.5460819245843115,0.7242906233880599,14.4858124677612,LOW,False
987,113,5,23597.107,0.04424778761061947,0.0378161784182106,0.03189599824536456,0.03189599824536456,1.1700755988953049,0.2016431385195344,0.6855357585674703,14.98628216306419,LOW,False
988,79,3,8156.514,0.0379746835443038,0.037101356703156,0.031534589949241,0.031534589949241,1.0235389462475777,0.02769425074350199,0.6342715546647637,4.501690616553237,LOW,False
989,62,0,6020.916,0.0,0.03525226263514905,0.03003106767030608,0.03003106767030608,0.0,-1.1738597848788956,0.5996934120163099,4.19785388411417,LOW,False
990,37,0,4995.96,0.0,0.03402677243907062,0.030868206776105203,0.030868206776105203,0.0,-1.1023242356083487,0.5265183489530272,3.68562844267119,LOW,False
991,22,0,1974.65,0.0,0.03194343910573729,0.031425531670231974,0.031425531670231974,0.0,-1.0164804669317944,0.4538436109089882,3.176905276362918,LOW,False
992,12,3,661.514,0.25,0.027041478321423562,0.0262202581304514,0.0262202581304514,9.24505668767147,8.503292399689967,0.3712607321280216,30.59882512489615,MEDIUM,False
993,10,0,699.87,0.0,0.037458144988090226,0.051998176686451174,0.051998176686451174,0.0,-0.7203742010794477,0.34708067508455476,2.429564725591883,LOW,False
994,11,0,1029.59,0.0,0.033670266200211435,0.05124086136951779,0.05124086136951779,0.0,-0.6570979741617152,0.35967503973766723,2.5177252781636708,LOW,False
995,27,1,4512.329,0.037037037037037035,0.033670266200211435,0.05124086136951779,0.05124086136951779,1.0999924032915562,0.06570480563444289,0.4823162229106479,3.638693619014871,LOW,False
996,53,2,6476.362,0.03773584905660377,0.035213476076754645,0.050737983155574956,0.050737983155574956,1.07163089989614,0.04971370210193259,0.5773810439049414,4.229698419561957,LOW,False
997,102,5,13013.535,0.049019607843137254,0.03418163645411314,0.050409688011016966,0.050409688011016966,1.4340918963591234,0.2943476140098566,0.6708486748011367,16.67266271871616,LOW,False
998,126,3,15712.74,0.023809523809523808,0.03560222956698018,0.05032376503435155,0.05032376503435155,0.6687649649786627,-0.23433671446098162,0.7011664534630849,14.0233290692617,LOW,False
999,174,1,28824.555,0.005747126436781609,0.036241185714410894,0.05006101950667429,0.05006101950667429,0.15857997809647628,-0.6091377997917865,0.7475711816240547,14.951423632481095,LOW,False
1000,194,6,32189.598,0.030927835051546393,0.035943014907341315,0.05022710338908617,0.05022710338908617,0.8604685814831138,-0.09985007132393522,0.76323443616078,15.264688723215603,LOW,False
1001,208,2,36168.05,0.009615384615384616,0.034092405294763053,0.04952564781361091,0.04952564781361091,0.28203890374556934,-0.49422918750093625,0.7732702089759699,15.465404179519398,LOW,False
1002,197,13,32533.326,0.06598984771573604,0.032890482217839974,0.049764458052060416,0.049764458052060416,2.006350873139306,0.6651205859263978,0.7654443093750529,22.856517736045852,LOW,False
1003,209,20,40465.316,0.09569377990430622,0.03303589253932898,0.049859745265723135,0.049859745265723135,2.896660951127126,1.256682861716351,0.7739611118817943,32.91271514254372,MEDIUM,False
1004,212,5,30412.848,0.02358490566037736,0.036508730076494,0.051239564389488935,0.051239564389488935,0.6460072867766607,-0.25222354190754553,0.77601425104291,15.520285020858202,LOW,False
1005,222,24,40781.99,0.10810810810810811,0.036830058817634063,0.05112859003573806,0.05112859003573806,2.9353227113595173,1.3940937788554668,0.7826550433732524,35.094193438354765,MEDIUM,False
1006,169,7,19621.82,0.04142011834319527,0.03987622998880524,0.05315259571642707,0.05315259571642707,1.0387170089756093,0.029046339761594847,0.7433754129509443,15.157885826335956,LOW,False
1007,202,11,36447.59,0.054455445544554455,0.040405896004301216,0.05309977812061387,0.05309977812061387,1.347710382137242,0.26458772592872776,0.7690540696204041,17.9889092584374,LOW,False
1008,186,7,22408.152,0.03763440860215054,0.040600966416319786,0.05314426952918955,0.05314426952918955,0.9269338127632148,-0.055820840900632995,0.7571709785555715,15.14341957111143,LOW,False
1009,116,2,16603.168,0.017241379310344827,0.041750306305731004,0.052751657102889,0.052751657102889,0.41296413933083237,-0.4646096130702199,0.6892955513569078,13.785911027138157,LOW,False
1010,107,0,12631.07,0.0,0.041271379102665866,0.05292684014295246,0.05292684014295246,0.0,-0.7797816569285859,0.6777098589665534,13.554197179331071,LOW,False
1011,114,1,14781.534,0.008771929824561403,0.04042678450807127,0.05343582879331319,0.05343582879331319,0.21698311976333595,-0.5923900760658001,0.6867999053273037,13.735998106546074,LOW,False
1012,74,0,7911.632,0.0,0.038948623766985525,0.05381486384017417,0.05381486384017417,0.0,-0.7237521567026503,0.6249299984510739,4.374509989157517,LOW,False
1013,49,5,5663.04,0.10204081632653061,0.03736634528597286,0.05439983628585044,0.05439983628585044,2.730821426221639,1.1888725308053876,0.566241403898243,9.333413393393073,LOW,False
1014,28,5,2432.692,0.17857142857142858,0.04161804596624497,0.055332028133128694,0.055332028133128694,4.290721114495908,2.4751195144279583,0.4873954768329804,18.503559139004935,LOW,False
1015,18,1,1811.97,0.05555555555555555,0.04905852215672116,0.061188616997967564,0.061188616997967564,1.1324343480645245,0.10618042566724789,0.4261895338914151,3.3309669009092824,LOW,False
1016,12,2,1038.85,0.16666666666666666,0.051373336971535975,0.060296351312420796,0.060296351312420796,3.2442250492509443,1.9121112171074393,0.3712607321280216,12.480402454024924,LOW,False
1017,11,2,1317.3,0.18181818181818182,0.04790111474931375,0.049856576179165404,0.049856576179165404,3.795698341671404,2.6860462015606834,0.35967503973766723,17.232885556879094,LOW,False
1018,18,0,3045.7,0.0,0.055476872325071334,0.055729334996651225,0.055729334996651225,0.0,-0.9954698423802283,0.4261895338914151,2.9833267372399055,LOW,False
1019,29,0,6181.084,0.0,0.055476872325071334,0.055729334996651225,0.055729334996651225,0.0,-0.9954698423802283,0.4923025190943706,3.4461176336605943,LOW,False
1020,56,1,5489.02,0.017857142857142856,0.053933662448528125,0.056765326157655595,0.056765326157655595,0.3310945714874252,-0.6355379601129949,0.5852069435058582,4.096448604541007,LOW,False
1021,85,0,11705.642,0.0,0.053105383023550584,0.057155635281093305,0.057155635281093305,0.0,-0.9291364318212291,0.6447395281114626,4.513176696780238,LOW,False
1022,131,3,19586.896,0.022900763358778626,0.051062899363419866,0.05817477386218291,0.05817477386218291,0.44848145413349044,-0.4840953240550251,0.7067557148222219,14.135114296444437,LOW,False
1023,148,6,31494.963,0.04054054054054054,0.051025034344638814,0.05819357660470688,0.05819357660470688,0.794522552728083,-0.1801658261240168,0.7242906233880599,14.4858124677612,LOW,False
1024,181,2,37503.64,0.011049723756906077,0.05247475993229544,0.05744514169422823,0.05744514169422823,0.21057216404920714,-0.721123404932806,0.7532481399770573,15.06496279954115,LOW,False
1025,214,4,34401.527,0.018691588785046728,0.05164650529501876,0.05791073284568715,0.05791073284568715,0.36191391224392305,-0.5690640558423934,0.777367007468166,15.54734014936332,LOW,False
1026,203,10,36292.277,0.04926108374384237,0.05202468046875467,0.05765338616405169,0.05765338616405169,0.946879121601293,-0.047934681877115394,0.769765343208684,15.39530686417368,LOW,False
1027,214,2,32263.193,0.009345794392523364,0.05132764863659245,0.057578282674372906,0.057578282674372906,0.18208109353874766,-0.7291265437959038,0.777367007468166,15.54734014936332,LOW,False
1028,190,8,22753.922,0.042105263157894736,0.04772981590693482,0.05738292637129959,0.05738292637129959,0.882158507378134,-0.09801787926684126,0.7602344555305266,15.204689110610534,LOW,False
1029,231,8,36314.344,0.03463203463203463,0.04850149746933138,0.057168238589913135,0.057168238589913135,0.7140405232628801,-0.2426078392372211,0.7883819220178166,15.767638440356336,LOW,False
1030,253,6,39085.64,0.023715415019762844,0.04543999440782832,0.05578812376480771,0.05578812376480771,0.5219062046292241,-0.3894122605673608,0.801495268524697,16.029905370493942,LOW,False
1031,213,10,28246.861,0.046948356807511735,0.04470229843601863,0.05596038062043544,0.05596038062043544,1.050244807315844,0.040136581391887347,0.776692209584216,15.910680246553149,LOW,False
1032,198,2,24371.123,0.010101010101010102,0.04438950307197518,0.05592446353491511,0.05592446353491511,0.2275540252079835,-0.6131215357936848,0.7661734992494772,15.323469984989547,LOW,False
1033,182,7,20312.484,0.038461538461538464,0.043242278134427665,0.056349851180665676,0.056349851180665676,0.8894429276360678,-0.08484032473415888,0.7540412591337875,15.08082518267575,LOW,False
1034,129,7,12377.706,0.05426356589147287,0.044126451432394076,0.056090020107421784,0.056090020107421784,1.2297287484041135,0.1807293782327858,0.7045458416079491,15.813882445189833,LOW,False
1035,110,18,15057.293,0.16363636363636364,0.04638743334453877,0.05532237797576346,0.05532237797576346,3.5276011591537793,2.119376183416975,0.6816756929067226,46.58272484449998,MEDIUM,True
1036,87,12,9617.3,0.13793103448275862,0.052840118086697196,0.059609636218702744,0.059609636218702744,2.6103468250477575,1.4274691441476006,0.648067120269391,10.633807763281853,LOW,False
1037,57,4,7111.305,0.07017543859649122,0.058587244523478806,0.060928247062274773,0.060928247062274773,1.1977938059259376,0.19019411573039552,0.5877242918945924,4.633278783817733,LOW,False
1038,29,5,3716.046,0.1724137931034483,0.057259520451393826,0.060283945725797,0.060283945725797,3.0110939062056246,1.9101980015680542,0.4923025190943706,12.707355394310595,LOW,False
1039,16,1,941.395,0.0625,0.057002952306894665,0.059755986488320076,0.059755986488320076,1.09643443840435,0.09199158136532128,0.41009030347101677,3.1237725251085364,LOW,False
1040,11,0,2030.0751,0.0,0.05729230415874651,0.05976548566855037,0.05976548566855037,0.0,-0.9586185658471895,0.35967503973766723,2.5177252781636708,LOW,False
1041,12,0,1240.92,0.0,0.050347859714302064,0.05607303269919085,0.05607303269919085,0.0,-0.8978979250934753,0.3712607321280216,2.598825124896151,LOW,False
1042,13,0,1718.8201,0.0,0.04277210213854449,0.04942684793463786,0.04942684793463786,0.0,-0.865361719911947,0.3819874078490358,2.673911854943251,LOW,False
1043,22,0,2372.841,0.0,0.04277210213854449,0.04942684793463786,0.04942684793463786,0.0,-0.865361719911947,0.4538436109089882,3.176905276362918,LOW,False
1044,58,3,7756.759,0.05172413793103448,0.04277210213854449,0.04942684793463786,0.04942684793463786,1.2092961380175604,0.18111686596580426,0.5901986065729019,4.680792608306409,LOW,False
1045,120,1,21829.941,0.008333333333333333,0.04418322693328997,0.04916737121378345,0.04916737121378345,0.1886085266229063,-0.7291399298953485,0.6941613501691095,13.88322700338219,LOW,False
1046,167,2,33175.32,0.011976047904191617,0.04453044915551219,0.048870308772110495,0.048870308772110495,0.2689406491807003,-0.6661386446958332,0.7416624475867031,14.833248951734063,LOW,False
1047,218,15,39485.605,0.06880733944954129,0.04407525267823773,0.049130719898994334,0.049130719898994334,1.5611331817393095,0.5033935350865845,0.7800351730461409,19.80920232396764,LOW,False
1048,278,9,44697.37,0.03237410071942446,0.04525303596611277,0.04938047732175454,0.04938047732175454,0.7154017410824645,-0.2608102623790253,0.8150834646326118,16.30166929265224,LOW,False
1049,254,27,36946.64,0.1062992125984252,0.04614155167288437,0.0489280655635521,0.0489280655635521,2.303763283732246,1.2295123510943375,0.8020640075037752,28.68840916674657,LOW,False
1050,276,8,47641.87,0.028985507246376812,0.04979186933177513,0.05004633802545139,0.05004633802545139,0.5821333409525047,-0.4157419484881613,0.8140421372351528,16.280842744703058,LOW,False
1051,309,10,48571.336,0.032362459546925564,0.048947053644380734,0.05022649599097394,0.05022649599097394,0.6611727803281346,-0.3301961200007968,0.8303337548836532,16.606675097673065,LOW,False
1052,263,5,41180.055,0.019011406844106463,0.0499060813591475,0.049653948613282,0.049653948613282,0.3809436911564242,-0.6221997520410085,0.807084529883834,16.141690597676682,LOW,False
1053,259,6,45204.613,0.023166023166023165,0.04894383734607299,0.05003400683547529,0.05003400683547529,0.4733184895622389,-0.515205873173698,0.8048746566695612,16.097493133391225,LOW,False
1054,301,2,48195.03,0.006644518272425249,0.04846608686832251,0.0502309589426268,0.0502309589426268,0.13709623990229988,-0.8325855105347552,0.8265493854944543,16.53098770988909,LOW,False
1055,237,16,37496.812,0.06751054852320675,0.04775479950385011,0.0507152056627366,0.0507152056627366,1.4136913823240715,0.38954291442166683,0.7920777113200527,18.94423959383159,LOW,False
1056,229,1,31559.953,0.004366812227074236,0.04861155749200407,0.05087442357840374,0.05087442357840374,0.08983074092601365,-0.8696854362731647,0.7871287203889158,15.742574407778317,LOW,False
1057,188,16,25310.729,0.0851063829787234,0.048372632580590075,0.05107621142553924,0.05107621142553924,1.7593911771689072,0.7191948927473826,0.758710821630753,20.869650261381867,LOW,False
1058,145,8,17582.672,0.05517241379310345,0.050316167768806104,0.051567772345464696,0.051567772345464696,1.0965146242180235,0.0941721118330302,0.7213465784933099,15.150791251501373,LOW,False
1059,68,1,6851.585,0.014705882352941176,0.050354036431374045,0.05157113073607957,0.05157113073607957,0.2920497222299818,-0.6912424367979417,0.6128610205234314,4.29002714366402,LOW,False
1060,72,1,5273.461,0.013888888888888888,0.04414859971123145,0.046007608840970604,0.046007608840970604,0.31459409765505064,-0.6577110087798292,0.6210177634316978,4.347124344021885,LOW,False
1061,47,1,4184.418,0.02127659574468085,0.03898017697815354,0.04178802846109176,0.04178802846109176,0.5458311735373939,-0.4236519856388115,0.5603326698608914,3.9223286890262394,LOW,False
1062,25,1,1515.328,0.04,0.036942725192661445,0.041391107965291746,0.041391107965291746,1.0827571542541716,0.07386308213595573,0.47158954718963364,3.5183643602446355,LOW,False
1063,16,0,1591.48,0.0,0.0314254838133511,0.02973105948588832,0.02973105948588832,0.0,-1.056991723697806,0.41009030347101677,2.870632124297117,LOW,False
1064,20,3,1105.55,0.15,0.02882131714668443,0.029627910400081645,0.029627910400081645,5.2044810872655,4.090017865484757,0.44067600240186683,27.103560178308882,LOW,False
1065,8,0,727.9,0.0,0.03507131714668443,0.03793919939881256,0.03793919939881256,0.0,-0.924408466768598,0.31803481922888616,2.226243734602203,LOW,False
1066,12,0,1998.8501,0.0,0.03507131714668443,0.03793919939881256,0.03793919939881256,0.0,-0.924408466768598,0.3712607321280216,2.598825124896151,LOW,False
1067,25,0,3128.557,0.0,0.03507131714668443,0.03793919939881256,0.03793919939881256,0.0,-0.924408466768598,0.47158954718963364,3.3011268303274357,LOW,False
1068,34,8,4099.991,0.23529411764705882,0.03507131714668443,0.03793919939881256,0.03793919939881256,6.709018559609559,5.277465093442142,0.5146148872057391,31.602304210440174,MEDIUM,False
1069,55,3,6881.654,0.05454545454545454,0.04272006630151878,0.055760972110567755,0.055760972110567755,1.2768110929527126,0.21207284945619923,0.5826450379722601,4.805144384806691,LOW,False
1070,117,3,18019.152,0.02564102564102564,0.04464557135202383,0.055318048386054475,0.055318048386054475,0.5743240564411168,-0.3435505457164534,0.690527421634514,13.81054843269028,LOW,False
1071,131,1,14695.486,0.007633587786259542,0.04521494542439192,0.05503677959483213,0.05503677959483213,0.16882886210764908,-0.6828407823785753,0.7067557148222219,14.135114296444437,LOW,False
1072,162,8,19464.777,0.04938271604938271,0.04266603910508851,0.05531251714293432,0.05531251714293432,1.1574244313551278,0.12143140994537434,0.7372891879239116,15.926466993641695,LOW,False
1073,207,16,27612.975,0.07729468599033816,0.043374731410503437,0.055283872398832826,0.055283872398832826,1.78202108639734,0.6135596713473143,0.7725759923744698,21.316677995469448,LOW,False
1074,181,14,23146.123,0.07734806629834254,0.042166209468499805,0.054153995785587765,0.054153995785587765,1.834361382569265,0.6496631747939425,0.7532481399770573,21.322673168810635,LOW,False
1075,194,9,21128.95,0.04639175257731959,0.04418131609566505,0.054540630006732836,0.054540630006732836,1.0500310239031432,0.04052825354935703,0.76323443616078,15.639921402489176,LOW,False
1076,220,4,30337.266,0.01818181818181818,0.044765869971931466,0.05448360231056284,0.05448360231056284,0.4061535762226517,-0.487927572016643,0.7813510355990383,15.627020711980766,LOW,False
1077,242,6,31069.383,0.024793388429752067,0.04473130377766946,0.05450091261293031,0.05450091261293031,0.5542737710705696,-0.36582718328990205,0.7950870480722153,15.901740961444307,LOW,False
1078,194,6,18882.738,0.030927835051546393,0.04479911066365815,0.05447392145659477,0.05447392145659477,0.6903671656284822,-0.2546406655001788,0.76323443616078,15.264688723215603,LOW,False
1079,194,9,27318.996,0.04639175257731959,0.045810915529454876,0.053957493786777944,0.053957493786777944,1.0126790098200777,0.010764715095181916,0.76323443616078,15.359781296866185,LOW,False
1080,123,7,14311.639,0.056910569105691054,0.04493096569837624,0.05376006920485227,0.05376006920485227,1.2666224333510763,0.22283459795534563,0.6977062755269499,15.953793760672069,LOW,False
1081,150,6,13576.154,0.04,0.04712028890165194,0.053102182476139986,0.053102182476139986,0.8488912299219304,-0.1340865585863866,0.7262205704328422,14.524411408656842,LOW,False
1082,140,1,16467.271,0.007142857142857143,0.04524085627753847,0.05249403352798591,0.05249403352798591,0.15788510056127042,-0.7257586543501235,0.7163027272577009,14.326054545154019,LOW,False
1083,95,2,9421.099,0.021052631578947368,0.04323962475044488,0.05301191220899175,0.05301191220899175,0.4868828464736102,-0.41852844477725154,0.6606614849225034,4.624630394457523,LOW,False
1084,58,5,6003.139,0.08620689655172414,0.043504072634861786,0.05287904781735708,0.05287904781735708,1.9815822135843588,0.8075565971678773,0.5901986065729019,6.708043556669255,LOW,False
1085,41,0,3465.609,0.0,0.046517322954146595,0.053177722884887924,0.053177722884887924,0.0,-0.8747520659137873,0.541004817463479,3.787033722244353,LOW,False
1086,18,0,2336.732,0.0,0.045630798131451565,0.05379062454780696,0.05379062454780696,0.0,-0.8483039287059538,0.4261895338914151,2.9833267372399055,LOW,False
1087,19,3,2709.8071,0.15789473684210525,0.043964131464784895,0.05458647580412981,0.05458647580412981,3.591444470330964,2.0871581046215995,0.4336139245415396,14.594155914129056,LOW,False
1088,9,0,1451.751,0.0,0.05054307883320595,0.058436615107160784,0.058436615107160784,0.0,-0.8649213980056903,0.33328510947992757,2.3329957663594927,LOW,False
1089,2,0,93.9,0.0,0.044293078833205955,0.0552727219887926,0.0552727219887926,0.0,-0.801355121287261,0.15901740961444308,1.1131218673011014,LOW,False
1090,2,0,137.95,0.0,0.044293078833205955,0.0552727219887926,0.0552727219887926,0.0,-0.801355121287261,0.15901740961444308,1.1131218673011014,LOW,False
1091,13,7,590.269,0.5384615384615384,0.044293078833205955,0.0552727219887926,0.0552727219887926,12.156787305059966,8.940548644022504,0.3819874078490358,30.673911854943253,MEDIUM,False
1092,14,2,1411.01,0.14285714285714285,0.06672897626910339,0.11428918681362904,0.11428918681362904,2.140856204372613,0.6661012184134391,0.3919737040327585,5.738563464707418,LOW,False
1093,53,3,5668.623,0.05660377358490566,0.06287743565285689,0.10983222090304944,0.10983222090304944,0.9002239515207364,-0.05712041526947802,0.5773810439049414,4.041667307334589,LOW,False
1094,83,0,7481.633,0.0,0.06296319894616735,0.1098262354048753,0.1098262354048753,0.0,-0.5732983445535852,0.6413336325250909,4.489335427675637,LOW,False
1095,90,2,11522.561,0.022222222222222223,0.06189482287779128,0.11032865352858744,0.11032865352858744,0.35903200282354897,-0.3595856505698171,0.6529193249154452,4.5704352744081165,LOW,False
1096,138,3,18698.098,0.021739130434782608,0.06250268264595639,0.11005655402368815,0.11005655402368815,0.34781115808937235,-0.3703873210713102,0.714234922319791,14.284698446395822,LOW,False
1097,153,5,14745.689,0.032679738562091505,0.061350866578681384,0.11034411200804206,0.11034411200804206,0.5326695511330769,-0.2598337826534893,0.7290680829335906,14.581361658671813,LOW,False
1098,184,7,18333.38,0.03804347826086957,0.05949191043583777,0.11043960010382313,0.11043960010382313,0.6394731314251471,-0.19420961462016118,0.7556145777105949,15.112291554211899,LOW,False
1099,191,7,19558.166,0.03664921465968586,0.05785421926760973,0.11045472127587194,0.11045472127587194,0.6334752265891227,-0.19197915999409573,0.7609902999841155,15.219805999682311,LOW,False
1100,170,12,15574.307,0.07058823529411765,0.05744828018770833,0.1105165646840408,0.1105165646840408,1.2287266923130755,0.11889579760260859,0.7442243531203013,16.599937254754092,LOW,False
1101,182,13,22556.504,0.07142857142857142,0.05963188090072081,0.11022434105276746,0.11022434105276746,1.197825229552805,0.1070243688025607,0.7540412591337875,16.564514404321788,LOW,False
1102,196,6,26542.807,0.030612244897959183,0.06157501352567162,0.10999429753916513,0.10999429753916513,0.4971536853206933,-0.2814943076179715,0.7647114273842626,15.29422854768525,LOW,False
1103,176,9,14569.936,0.05113636363636364,0.061561863935938814,0.1099981394385888,0.1099981394385888,0.8306500220587223,-0.0947788785590838,0.7492160161873449,14.9843203237469,LOW,False
1104,162,3,15523.012,0.018518518518518517,0.06175955606339898,0.10997395075840688,0.10997395075840688,0.29984863394271194,-0.3931934539650512,0.7372891879239116,14.745783758478234,LOW,False
1105,165,1,15822.321,0.006060606060606061,0.060159887288933456,0.1103262092975856,0.1103262092975856,0.10074164586609727,-0.4903574732854645,0.7399289671797024,14.798579343594048,LOW,False
1106,129,4,10476.829,0.031007751937984496,0.05874574587479204,0.11081229381741937,0.11081229381741937,0.5278297428391322,-0.25031513184367643,0.7045458416079491,14.090916832158982,LOW,False
1107,85,1,7702.22,0.011764705882352941,0.059740116491255685,0.11043553898616792,0.11043553898616792,0.19693141850627244,-0.43442003406993535,0.6447395281114626,4.513176696780238,LOW,False
1108,61,1,4660.699,0.01639344262295082,0.05935311958723092,0.11059316638464246,0.11059316638464246,0.2762018700442102,-0.38844784328596366,0.5973774604653378,4.181642223257365,LOW,False
1109,62,1,5764.257,0.016129032258064516,0.05644422567353203,0.11077412249786514,0.11077412249786514,0.2857516790353948,-0.36394053508520885,0.5996934120163099,4.19785388411417,LOW,False
1110,38,1,4510.918,0.02631578947368421,0.05711626868428472,0.11046529412755363,0.11046529412755363,0.4607406975260777,-0.2788249418413296,0.5302781417424646,3.7119469921972517,LOW,False
1111,24,0,2031.641,0.0,0.058212759912354896,0.11000334265527315,0.11000334265527315,0.0,-0.5291908273622301,0.46591258883663084,3.2613881218564154,LOW,False
1112,15,0,1722.25,0.0,0.051633812543933844,0.10849371086185121,0.10849371086185121,0.0,-0.4759152593617243,0.4013152602464483,2.8092068217251382,LOW,False
1113,5,2,638.482,0.4,0.051633812543933844,0.10849371086185121,0.10849371086185121,7.746861606619706,3.210934391392077,0.25934622467605517,21.98826153507272,LOW,False
1114,21,5,3145.712,0.23809523809523808,0.0683004792106005,0.1290022994603636,0.1290022994603636,3.485996596906523,1.3162149790733584,0.4474094901461668,11.041048031348733,LOW,False
1115,13,0,1295.353,0.0,0.07822111413123543,0.13262564082051806,0.13262564082051806,0.0,-0.5897887742317631,0.3819874078490358,2.673911854943251,LOW,False
1116,40,2,4489.235,0.05,0.055785216695338,0.09011497982126872,0.09011497982126872,0.8962948064371062,-0.0641981689039072,0.5375168442542968,3.762617909780078,LOW,False
1117,67,4,7254.342,0.05970149253731343,0.051916169076290375,0.08818680770597366,0.08818680770597366,1.1499595135685492,0.0882821780665918,0.610747933594241,4.668879258277128,LOW,False
1118,94,0,13165.819,0.0,0.05204524069930736,0.08819623328870717,0.08819623328870717,0.0,-0.5901072955002415,0.6591458283097306,4.614020798168113,LOW,False
1119,152,0,28729.016,0.0,0.05204524069930736,0.08819623328870717,0.08819623328870717,0.0,-0.5901072955002415,0.7281251226999029,14.562502453998057,LOW,False
1120,174,5,21480.004,0.028735632183908046,0.05111931477338144,0.0886384832858452,0.0886384832858452,0.5621286652862393,-0.2525278159068847,0.7475711816240547,14.951423632481095,LOW,False
1121,189,17,28769.207,0.08994708994708994,0.051410835679595,0.0885491145783225,0.0885491145783225,1.749574554820746,0.4351963817030522,0.7594746433713426,20.81130202858245,LOW,False
1122,224,16,25408.213,0.07142857142857142,0.0537969753206366,0.08879367680346018,0.08879367680346018,1.3277432607102602,0.19856814970013434,0.783947408065517,18.137022616637292,LOW,False
1123,216,11,28861.16,0.05092592592592592,0.055188020869290845,0.08879765768866285,0.08879765768866285,0.9227713754501288,-0.04799783073454966,0.7787072381911495,15.574144763822991,LOW,False
1124,192,7,33010.363,0.036458333333333336,0.05578288383871751,0.08871584772980413,0.08871584772980413,0.6535756279425,-0.21782523641367496,0.7617422179553044,15.23484435910609,LOW,False
1125,216,11,27520.674,0.05092592592592592,0.054360804590351496,0.0887417459918776,0.0887417459918776,0.9368133218352837,-0.03870645800387972,0.7787072381911495,15.574144763822991,LOW,False
1126,232,14,34252.742,0.0603448275862069,0.05350652769440794,0.08866895365420756,0.08866895365420756,1.1278030959298009,0.07712169378322721,0.7890044773171113,16.738612765815734,LOW,False
1127,210,11,24525.084,0.05238095238095238,0.05474538530641826,0.08854279156904242,0.08854279156904242,0.9568103701849611,-0.026703844362329362,0.7746487325761663,15.492974651523328,LOW,False
1128,191,4,21277.184,0.020942408376963352,0.05479724317077612,0.08854095037773403,0.08854095037773403,0.38217996317252934,-0.38236358034763607,0.7609902999841155,15.219805999682311,LOW,False
1129,176,3,23074.36,0.017045454545454544,0.05489823858154466,0.08849914190986467,0.08849914190986467,0.3104918297175526,-0.42771922099134846,0.7492160161873449,14.9843203237469,LOW,False
1130,155,4,15283.316,0.025806451612903226,0.05535594060174668,0.08826367312568875,0.08826367312568875,0.4661911862100838,-0.3347865315639488,0.7309357718656888,14.618715437313776,LOW,False
1131,93,0,8082.85,0.0,0.05513921975486829,0.08833241529973906,0.08833241529973906,0.0,-0.6242240695871832,0.6576141327048699,4.603298928934089,LOW,False
1132,82,3,8804.341,0.036585365853658534,0.05464902367643692,0.08861577460921059,0.08861577460921059,0.6694605574341319,-0.2038424637423513,0.6396001521180903,4.477201064826632,LOW,False
1133,62,5,5695.569,0.08064516129032258,0.05549035381104974,0.08833217811915091,0.08833217811915091,1.453318563527771,0.28477512968537494,0.5996934120163099,5.387815113374568,LOW,False
1134,36,0,3119.277,0.0,0.05817852585406049,0.08806351836818455,0.08806351836818455,0.0,-0.6606427602724437,0.5226582832922795,3.6586079830459566,LOW,False
1135,26,4,2564.657,0.15384615384615385,0.05708203462599032,0.08863944234893915,0.08863944234893915,2.695176422041995,1.091659837380753,0.47705222884332926,8.190215498304335,LOW,False
1136,13,0,2053.822,0.0,0.06349229103624672,0.08988606551966738,0.08988606551966738,0.0,-0.7063641140500736,0.3819874078490358,2.673911854943251,LOW,False
1137,6,0,970.45,0.0,0.06349229103624672,0.08988606551966738,0.08988606551966738,0.0,-0.7063641140500736,0.2816585927874237,1.971610149511966,LOW,False
1138,13,1,844.55,0.07692307692307693,0.046825624369580064,0.055150298977575535,0.055150298977575535,1.6427560328068889,0.5457350750851719,0.3819874078490358,4.361146441061334,LOW,False
1139,20,1,1693.73,0.05,0.040110117654073345,0.037990396248096886,0.037990396248096886,1.246568270659817,0.2603258539695302,0.44067600240186683,3.7319737272950873,LOW,False
1140,46,1,5633.82,0.021739130434782608,0.04219345098740668,0.03705462262480627,0.03705462262480627,0.5152252287036442,-0.5520045571569495,0.5572853176432578,3.900997223502805,LOW,False
1141,76,3,10934.7705,0.039473684210526314,0.041015914755522624,0.037244313925438685,0.037244313925438685,0.9623992161533187,-0.041408483133392696,0.6287392678719785,4.40117487510385,LOW,False
1142,129,7,20513.137,0.05426356589147287,0.04017308940857316,0.03703134647677378,0.03703134647677378,1.3507441595938778,0.3805013272130766,0.7045458416079491,16.721498029113064,LOW,False
1143,137,3,19387.393,0.021897810218978103,0.04243407132071786,0.03611717029771342,0.03611717029771342,0.5160431119954025,-0.5686010540820222,0.7131898355850435,14.263796711700868,LOW,False
1144,203,4,32197.078,0.019704433497536946,0.04334648007984195,0.03526511864161204,0.03526511864161204,0.4545797827468899,-0.6704088201877741,0.769765343208684,15.39530686417368,LOW,False
1145,181,7,38428.566,0.03867403314917127,0.042970180134576486,0.03547536112838267,0.03547536112838267,0.9000202705236446,-0.12110227630545557,0.7532481399770573,15.06496279954115,LOW,False
1146,217,4,41787.914,0.018433179723502304,0.040833802767996544,0.034038096885618645,0.034038096885618645,0.4514196198731041,-0.6581044504270941,0.7793727284850581,15.587454569701165,LOW,False
1147,235,7,36014.336,0.029787234042553193,0.038625661446951995,0.033684174867641165,0.033684174867641165,0.7711773190852048,-0.26239109133973393,0.7908562366961261,15.817124733922524,LOW,False
1148,225,4,32048.87,0.017777777777777778,0.03774488261847813,0.033624878483876554,0.033624878483876554,0.47099835910139004,-0.5938193903146674,0.7845892888688628,15.691785777377257,LOW,False
1149,230,13,26909.896,0.05652173913043478,0.03696652613699665,0.03387126289698133,0.03387126289698133,1.5289978539224163,0.5773393526221584,0.7877566774864215,19.72261745414655,LOW,False
1150,210,2,29912.303,0.009523809523809525,0.037199685020517854,0.0339905825542197,0.0339905825542197,0.2560185528064706,-0.8142218643226095,0.7746487325761663,15.492974651523328,LOW,False
1151,209,11,22550.822,0.05263157894736842,0.035082142601251295,0.0340689288209857,0.0340689288209857,1.5002384416934438,0.5151155892904699,0.7739611118817943,19.231010550336713,LOW,False
1152,185,7,29663.936,0.03783783783783784,0.035092585374851964,0.03407449972981301,0.03407449972981301,1.0782288461696863,0.08056618541002247,0.7563948700797809,15.714613747868267,LOW,False
1153,178,6,25000.963,0.033707865168539325,0.0357965616023884,0.033943725906507884,0.033943725906507884,0.9416509200786001,-0.06153409438910827,0.7508423690723203,15.016847381446407,LOW,False
1154,152,3,15755.386,0.019736842105263157,0.0364908287116836,0.03371314453163187,0.03371314453163187,0.5408713038885805,-0.4969571020199779,0.7281251226999029,14.562502453998057,LOW,False
1155,129,4,14482.6,0.031007751937984496,0.03623792831553193,0.03381937685732988,0.03381937685732988,0.8556712091263305,-0.15465028819458765,0.7045458416079491,14.090916832158982,LOW,False
1156,72,1,8973.046,0.013888888888888888,0.037529917979614615,0.03295607179970266,0.03295607179970266,0.37007511970671003,-0.7173497264603915,0.6210177634316978,4.347124344021885,LOW,False
1157,47,3,6371.509,0.06382978723404255,0.03658423143941588,0.033308116062604864,0.033308116062604864,1.744734950623352,0.817985494688946,0.5603326698608914,5.877257934412539,LOW,False
1158,29,2,3719.001,0.06896551724137931,0.035883590853737546,0.032508244397398904,0.032508244397398904,1.9219235199310059,1.0176472768947424,0.4923025190943706,5.943373709893983,LOW,False
1159,23,4,3392.95,0.17391304347826086,0.038757154072128354,0.03224544586968507,0.03224544586968507,4.4872500998035845,4.1914721834625555,0.46000385479927935,26.336749298228046,LOW,False
1160,7,2,896.06396,0.2857142857142857,0.039593274473466146,0.03545943190958688,0.03545943190958688,7.216232794934911,6.9409180572427,0.3009864451848362,30.106905116293852,MEDIUM,False
1161,8,0,799.33997,0.0,0.05149803637822805,0.060622174307081916,0.060622174307081916,0.0,-0.8494917407179178,0.31803481922888616,2.226243734602203,LOW,False
1162,8,0,657.86,0.0,0.05149803637822805,0.060622174307081916,0.060622174307081916,0.0,-0.8494917407179178,0.31803481922888616,2.226243734602203,LOW,False
1163,36,3,3350.938,0.08333333333333333,0.04829290817309984,0.06124972800229005,0.06124972800229005,1.725581177149976,0.5720911145748006,0.5226582832922795,5.563258573064643,LOW,False
1164,48,3,7576.908,0.0625,0.049681797061988726,0.06166663254064304,0.06166663254064304,1.2580060242591025,0.2078628653763945,0.5633171855748474,4.620486112704077,LOW,False
1165,79,1,12391.929,0.012658227848101266,0.05138016662720612,0.061424424674894625,0.061424424674894625,0.24636408713783065,-0.6303996982316267,0.6342715546647637,4.439900882653346,LOW,False
1166,148,4,23914.516,0.02702702702702703,0.05026285594543841,0.061892523182707375,0.061892523182707375,0.5377137155987624,-0.37542222749295534,0.7242906233880599,14.4858124677612,LOW,False
1167,188,8,24007.469,0.0425531914893617,0.049128000159419837,0.0620654389292103,0.0620654389292103,0.8661698288405196,-0.10593349186746484,0.758710821630753,15.174216432615061,LOW,False
1168,201,9,28652.143,0.04477611940298507,0.04998864104568582,0.061814131744726004,0.061814131744726004,0.895725878246282,-0.08432572771913889,0.7683392835557189,15.36678567111438,LOW,False
1169,202,0,25054.816,0.0,0.05103329462507949,0.06149108957924526,0.06149108957924526,0.0,-0.8299299130048993,0.7690540696204041,15.381081392408083,LOW,False
1170,247,5,38375.984,0.020242914979757085,0.04942187657719735,0.06233007161277805,0.06233007161277805,0.4095942198418447,-0.46813617957497095,0.798035090588562,15.96070181177124,LOW,False
1171,208,4,28387.137,0.019230769230769232,0.04949728221287464,0.06229203523300907,0.06229203523300907,0.3885217202040066,-0.4858809455958653,0.7732702089759699,15.465404179519398,LOW,False
1172,235,16,31694.332,0.06808510638297872,0.04905742951238364,0.06247426550170553,0.06247426550170553,1.3878653459776547,0.30456823650172615,0.7908562366961261,18.726114828754934,LOW,False
1173,226,13,41648.08,0.05752212389380531,0.05115356820426701,0.0622225889661511,0.0622225889661511,1.1244987576254175,0.10235118459957966,0.78522833575215,16.638307397233632,LOW,False
1174,214,14,27565.342,0.06542056074766354,0.05119525090274079,0.06222667638131935,0.06222667638131935,1.2778638563945623,0.22860468648126672,0.777367007468166,17.631319072322537,LOW,False
1175,192,3,32316.523,0.015625,0.053524282203734695,0.061642492388197745,0.061642492388197745,0.29192357854562234,-0.614823975076501,0.7617422179553044,15.23484435910609,LOW,False
1176,207,10,30311.33,0.04830917874396135,0.05198234141426101,0.06212673746287537,0.06212673746287537,0.9293382604483462,-0.059123701328990634,0.7725759923744698,15.451519847489397,LOW,False
1177,180,2,18837.393,0.011111111111111112,0.052418647285349486,0.06205981725723333,0.06205981725723333,0.21196867310646075,-0.6656084081430937,0.7524506509957629,15.049013019915257,LOW,False
1178,148,3,15161.086,0.02027027027027027,0.051477115866289995,0.06252569028093727,0.06252569028093727,0.3937724545975262,-0.49910437543036634,0.7242906233880599,14.4858124677612,LOW,False
1179,137,6,16175.048,0.043795620437956206,0.05149934203983195,0.0625140106435415,0.0625140106435415,0.850411261644521,-0.12323192069379144,0.7131898355850435,14.263796711700868,LOW,False
1180,79,1,8695.574,0.012658227848101266,0.05203216989399744,0.062386127026741164,0.062386127026741164,0.24327695488943177,-0.6311329765513244,0.6342715546647637,4.439900882653346,LOW,False
1181,60,7,6535.744,0.11666666666666667,0.05198089235063128,0.0624193384767921,0.0624193384767921,2.244414464447912,1.0363098343326078,0.5950238495193444,7.590610441016338,LOW,False
1182,9,1,660.75,0.1111111111111111,0.05418242899365729,0.06377253345254272,0.06377253345254272,2.0506853084072327,0.892683402013786,0.33328510947992757,5.091044700928479,LOW,False
1183,21,4,1725.9609,0.19047619047619047,0.05593849540489612,0.06476977731053489,0.06476977731053489,3.4051003534771276,2.0771677880913697,0.4474094901461668,14.157863931800371,LOW,False
1184,13,1,1611.75,0.07692307692307693,0.05662862652980985,0.06615489724368125,0.06615489724368125,1.3583779377482144,0.30677170154935873,0.3819874078490358,3.614653941532313,LOW,False
1185,15,1,1684.12,0.06666666666666667,0.047928992830176154,0.04509605126403665,0.04509605126403665,1.3909465384111566,0.41550586606312234,0.4013152602464483,3.835441485054424,LOW,False
1186,15,0,3288.606,0.0,0.05070677060795393,0.04405666568177492,0.04405666568177492,0.0,-1.1509443536697326,0.4013152602464483,2.8092068217251382,LOW,False
1187,24,6,2467.7,0.25,0.05070677060795393,0.04405666568177492,0.04405666568177492,4.930308063451879,4.5235658738125615,0.46591258883663084,28.994047486347554,LOW,False
1188,46,1,5840.67,0.021739130434782608,0.057651215052398376,0.0597599023890896,0.0597599023890896,0.377080178015749,-0.6009394791811484,0.5572853176432578,3.900997223502805,LOW,False
1189,87,1,11029.274,0.011494252873563218,0.05595284548718099,0.06019374391785977,0.06019374391785977,0.2054274947678326,-0.7385915831101295,0.648067120269391,4.536469841885736,LOW,False
1190,118,7,18200.605,0.059322033898305086,0.05590434652990856,0.06023060129586779,0.06023060129586779,1.0611345553707183,0.05674337122433808,0.6917488962584405,14.293487090449197,LOW,False
1191,170,2,26088.627,0.011764705882352941,0.057249971816211824,0.059917336779074015,0.059917336779074015,0.2054971471448211,-0.7591336394267861,0.7442243531203013,14.884487062406027,LOW,False
1192,186,9,27074.473,0.04838709677419355,0.05596711824925312,0.06057170512510679,0.06057170512510679,0.864562948528072,-0.1251412926118482,0.7571709785555715,15.14341957111143,LOW,False
1193,210,15,31468.105,0.07142857142857142,0.05611757563972014,0.06054717836842796,0.06054717836842796,1.2728377983958046,0.2528771150272979,0.7746487325761663,17.53925813949186,LOW,False
1194,225,7,31036.285,0.03111111111111111,0.05909376611591061,0.05941371451069855,0.05941371451069855,0.5264702718403091,-0.47097972640240665,0.7845892888688628,15.691785777377257,LOW,False
1195,201,14,26718.701,0.06965174129353234,0.059546607621383696,0.05914553775364791,0.05914553775364791,1.169701248749556,0.17085200432597963,0.7683392835557189,16.63954503673605,LOW,False
1196,244,10,41533.094,0.040983606557377046,0.06164748145733217,0.05854366465270489,0.05854366465270489,0.66480585400302,-0.3529651760363517,0.796273479993163,15.925469599863263,LOW,False
1197,213,5,29591.66,0.023474178403755867,0.06051825229793209,0.05867532046914341,0.05867532046914341,0.3878859271776753,-0.631339950050332,0.776692209584216,15.53384419168432,LOW,False
1198,217,3,41178.58,0.013824884792626729,0.05909958790251337,0.059160514283586034,0.059160514283586034,0.23392523168573207,-0.7652858271796331,0.7793727284850581,15.587454569701165,LOW,False
1199,228,5,32333.303,0.021929824561403508,0.0569497680710535,0.059854225448695966,0.059854225448695966,0.3850731145040435,-0.5850872389897908,0.7864980270862671,15.729960541725344,LOW,False
1200,208,5,26326.379,0.02403846153846154,0.05721246909444532,0.05967854275266729,0.05967854275266729,0.42016123266379707,-0.5558783111288536,0.7732702089759699,15.465404179519398,LOW,False
1201,160,2,19277.91,0.0125,0.056201189210882824,0.06004051400551728,0.06004051400551728,0.22241522244478584,-0.7278616769814298,0.735502203696412,14.710044073928238,LOW,False
1202,132,13,12749.199,0.09848484848484848,0.056259059581253185,0.059995816820465626,0.059995816820465626,1.7505598070406763,0.7038122179410238,0.7078481266788389,19.78616108638185,LOW,False
1203,125,14,14952.611,0.112,0.05951800034019395,0.060080157486382395,0.060080157486382395,1.88178365132949,0.8735329908497906,0.7000222270779219,20.613821926529617,LOW,False
1204,98,15,14266.765,0.15306122448979592,0.062359849488612444,0.06091145496005211,0.06091145496005211,2.4544835458229657,1.4890692573452504,0.6651154943134409,10.61350576886484,LOW,False
1205,42,1,5282.294,0.023809523809523808,0.06820997434868305,0.0626480285665695,0.0626480285665695,0.34906220148701034,-0.7087286153303217,0.5444107130498506,3.810874991348954,LOW,False
1206,38,4,4108.246,0.10526315789473684,0.06434092672963543,0.06239213871383397,0.06239213871383397,1.6360217865225841,0.655887616752395,0.5302781417424646,5.381504181819035,LOW,False
1207,16,3,2024.4861,0.1875,0.06409726201228651,0.06221270326806608,0.06221270326806608,2.9252419543920456,1.9835617406944668,0.41009030347101677,12.22747487011453,LOW,False
1208,15,1,1858.85,0.06666666666666667,0.06397325407577857,0.06195226192105682,0.06195226192105682,1.0421021664412702,0.043475613437975805,0.4013152602464483,2.9197250086334723,LOW,False
1209,7,2,2439.1108,0.2857142857142857,0.06354590364842815,0.06189439705358334,0.06189439705358334,4.496187312010206,3.589474857853797,0.3009864451848362,22.613349313431005,LOW,False
1210,19,0,1839.967,0.0,0.07267288777541227,0.07674375306067077,0.07674375306067077,0.0,-0.9469550924615293,0.4336139245415396,3.0352974717907775,LOW,False
1211,28,2,2881.176,0.07142857142857142,0.07267288777541227,0.07674375306067077,0.07674375306067077,0.9828778464028254,-0.016213910542753004,0.4873954768329804,3.411768337830863,LOW,False
1212,75,1,17001.24,0.013333333333333334,0.06523241158493608,0.06681866138350821,0.06681866138350821,0.20439736948821252,-0.7767153243870906,0.6268471640146392,4.387930148102475,LOW,False
1213,103,2,12974.948,0.019417475728155338,0.06488217003904236,0.06707807763044847,0.06707807763044847,0.29927290835788967,-0.6777876754513522,0.6722471773128578,13.444943546257157,LOW,False
1214,146,4,22262.686,0.0273972602739726,0.06521230432465036,0.06682290952819815,0.06682290952819815,0.4201240940295433,-0.5658993946487835,0.7223345951892906,14.44669190378581,LOW,False
1215,216,8,36333.992,0.037037037037037035,0.06388210542363651,0.06726157390037707,0.06726157390037707,0.5797717027550137,-0.39911448439134695,0.7787072381911495,15.574144763822991,LOW,False
1216,236,5,32124.502,0.0211864406779661,0.06493511922174834,0.06660479375948605,0.06660479375948605,0.3262709136733247,-0.6568397869643042,0.7914682624872543,15.829365249745086,LOW,False
1217,243,24,32672.76,0.09876543209876543,0.0638017585510722,0.0671279920760304,0.0671279920760304,1.5480048566326805,0.5208508770542805,0.7956814796425686,20.02366601759648,LOW,False
1218,225,13,41508.76,0.057777777777777775,0.06494079441233029,0.06749396136992539,0.06749396136992539,0.8896992760964366,-0.10612825931631095,0.7845892888688628,15.691785777377257,LOW,False
1219,216,7,33457.906,0.032407407407407406,0.0660519055234414,0.06713135488426403,0.06713135488426403,0.4906354654054034,-0.5011741260702672,0.7787072381911495,15.574144763822991,LOW,False
1220,223,10,37987.676,0.04484304932735426,0.06450005827818618,0.06747412660861574,0.06747412660861574,0.6952404466666987,-0.2913266156797046,0.7833026680954841,15.666053361909682,LOW,False
1221,235,17,33060.453,0.07234042553191489,0.06466086839360191,0.06742022093092383,0.06742022093092383,1.118766687319542,0.11390584356258868,0.7908562366961261,16.70787488881909,LOW,False
1222,294,17,45806.86,0.05782312925170068,0.06669696202394186,0.0668578369409171,0.0668578369409171,0.8669529690264486,-0.1327268900440657,0.8231549009912174,16.463098019824347,LOW,False
1223,236,5,35934.688,0.0211864406779661,0.06853022220973662,0.06594198583904406,0.06594198583904406,0.30915470568773346,-0.7179611127776865,0.7914682624872543,15.829365249745086,LOW,False
1224,218,6,22017.35,0.027522935779816515,0.06849924788126005,0.06596499729930969,0.06596499729930969,0.4017990946050403,-0.621182654120602,0.7800351730461409,15.60070346092282,LOW,False
1225,217,5,24659.814,0.02304147465437788,0.06864443430798318,0.0658666474658237,0.0658666474658237,0.3356641348517634,-0.6923528281482273,0.7793727284850581,15.587454569701165,LOW,False
1226,147,0,15425.268,0.0,0.06908366241858226,0.06551015620773185,0.06551015620773185,0.0,-1.0545488885649863,0.7233159134155036,14.466318268310072,LOW,False
1227,103,4,11512.949,0.038834951456310676,0.0649801270650469,0.06666279179892899,0.06666279179892899,0.5976435136458846,-0.39220043000293714,0.6722471773128578,13.444943546257157,LOW,False
1228,71,5,8712.77,0.07042253521126761,0.06193158337572652,0.06608952904948578,0.06608952904948578,1.1371021274238733,0.12847650690903442,0.6190212644137224,4.693041935383725,LOW,False
1229,29,7,1979.061,0.2413793103448276,0.05848830465578783,0.06322593416809931,0.06322593416809931,4.126967122151683,2.892658022304359,0.4923025190943706,19.934785176890337,LOW,False
1230,34,3,3780.322,0.08823529411764706,0.06755371242809216,0.07289571901605399,0.07289571901605399,1.3061501869578154,0.28371462643780426,0.5146148872057391,4.40594845120444,LOW,False
1231,21,3,2392.187,0.14285714285714285,0.06684421810404675,0.07259498094431688,0.07259498094431688,2.137165291316262,1.0470823707688677,0.4474094901461668,6.322910692842152,LOW,False
1232,12,1,1296.794,0.08333333333333333,0.0649840990564277,0.06989054328538873,0.06989054328538873,1.2823649868712101,0.26254244729475024,0.3712607321280216,3.340033215433077,LOW,False
1233,11,1,1325.99,0.09090909090909091,0.06567854350087214,0.06999071808878535,0.06999071808878535,1.38415205428366,0.36048419129252335,0.35967503973766723,3.526124420658278,LOW,False
1234,15,11,831.51904,0.7333333333333333,0.05756166038398903,0.05246520830688167,0.05246520830688167,12.739961433379925,12.880377201527393,0.4013152602464483,30.809206821725137,MEDIUM,False
1235,10,0,656.89,0.0,0.08811721593954458,0.1465926562175267,0.1465926562175267,0.0,-0.601102525960023,0.34708067508455476,2.429564725591883,LOW,False
1236,18,0,3279.508,0.0,0.08514102546335411,0.14766735613537058,0.14766735613537058,0.0,-0.5765731011348445,0.4261895338914151,2.9833267372399055,LOW,False
1237,60,6,9576.365,0.1,0.08458546990779854,0.1479740205936197,0.1479740205936197,1.1822361465746292,0.10417051608359221,0.5950238495193444,4.643536831393812,LOW,False
1238,115,0,16991.195,0.0,0.08794307508579208,0.14734392238931235,0.14734392238931235,0.0,-0.596855802802838,0.6880531069562045,13.761062139124089,LOW,False
1239,123,3,14720.693,0.024390243902439025,0.08680152257437655,0.14793832984368616,0.14793832984368616,0.2809886644734838,-0.4218736194864591,0.6977062755269499,13.954125510538997,LOW,False
1240,162,15,18196.486,0.09259259259259259,0.08627457286043498,0.14814567397611353,0.14814567397611353,1.073231538826372,0.042647345430932404,0.7372891879239116,15.295020299676024,LOW,False
1241,218,20,27075.95,0.09174311926605505,0.08924982919021107,0.14749727150418362,0.14749727150418362,1.0279360767238022,0.016903974225538534,0.7800351730461409,15.810224036351334,LOW,False
1242,200,6,28428.984,0.03,0.08895723282218149,0.14748453897163957,0.14748453897163957,0.3372407059914694,-0.39975195524405865,0.7676209501511251,15.352419003022503,LOW,False
1243,234,9,29407.867,0.038461538461538464,0.08779982541477406,0.1478484093075822,0.1478484093075822,0.43805939567468144,-0.3337086085964765,0.7902416120615733,15.804832241231468,LOW,False
1244,205,5,22517.543,0.024390243902439025,0.08805208087536286,0.14775492612977537,0.14775492612977537,0.27699792736259415,-0.430861011814988,0.7711774898627489,15.42354979725498,LOW,False
1245,207,9,26579.502,0.043478260869565216,0.08719988064932473,0.14807361531305355,0.14807361531305355,0.49860459149495306,-0.2952694825970471,0.7725759923744698,15.451519847489397,LOW,False
1246,213,4,23742.361,0.018779342723004695,0.08599729045506016,0.14831654822310303,0.14831654822310303,0.21837133034811448,-0.4532059877158403,0.776692209584216,15.53384419168432,LOW,False
1247,183,25,21015.514,0.1366120218579235,0.0843704660163645,0.14885217597370562,0.14885217597370562,1.6191924533334476,0.3509626614446493,0.7548300560938245,19.74054452187735,LOW,False
1248,157,5,14257.964,0.03184713375796178,0.08917986523219605,0.14858640410002275,0.14858640410002275,0.35711125684078976,-0.3858544920142225,0.7327796679344233,14.655593358688465,LOW,False
1249,126,7,12221.732,0.05555555555555555,0.08936004014795211,0.14851099127153278,0.14851099127153278,0.6217046843709227,-0.2276227793173201,0.7011664534630849,14.0233290692617,LOW,False
1250,102,2,8433.304,0.0196078431372549,0.0907147935188345,0.1480272267322814,0.1480272267322814,0.2161482419423008,-0.4803639975650019,0.6708486748011367,13.416973496022736,LOW,False
1251,79,0,6215.391,0.0,0.09153178698288679,0.14755815092375585,0.14755815092375585,0.0,-0.6203099348282143,0.6342715546647637,4.439900882653346,LOW,False
1252,56,5,4967.3022,0.08928571428571429,0.08991366400554052,0.14837183806665133,0.14837183806665133,0.9930160812956356,-0.0042322702745257,0.5852069435058582,4.096448604541007,LOW,False
1253,52,7,4853.59,0.1346153846153846,0.09069962980030911,0.14831404958882005,0.14831404958882005,1.4841889091693494,0.2960997622061145,0.5746754719734962,5.293724190384015,LOW,False
1254,30,6,2791.583,0.2,0.08625113289491566,0.1451658132026014,0.1451658132026014,2.3188101221078528,0.7835788922721781,0.49704864540372573,6.941217088359194,LOW,False
1255,19,3,1663.415,0.15789473684210525,0.09090799564001371,0.1470131614043984,0.1470131614043984,1.7368630309192177,0.4556513210257881,0.4336139245415396,4.9695629279537235,LOW,False
1256,19,4,4657.638,0.21052631578947367,0.09153456205605381,0.147276003675675,0.147276003675675,2.2999652924602603,0.8079507235642982,0.4336139245415396,6.44770636449896,LOW,False
1257,6,1,976.79,0.16666666666666666,0.09683426965839298,0.14924342249543726,0.14924342249543726,1.7211537532593044,0.46790937811955247,0.2816585927874237,3.8646387518176404,LOW,False
1258,13,2,3853.934,0.15384615384615385,0.09999083531495866,0.149912308106865,0.149912308106865,1.538602546538967,0.3592454763140891,0.3819874078490358,4.087743539608039,LOW,False
1259,13,0,1457.347,0.0,0.07584553616965951,0.0674636414292893,0.0674636414292893,0.0,-1.1242431413838745,0.3819874078490358,2.673911854943251,LOW,False
1260,22,4,1920.06,0.18181818181818182,0.07584553616965951,0.0674636414292893,0.0674636414292893,2.397216645834914,1.5708112311072842,0.4538436109089882,9.341898107773934,LOW,False
1261,44,2,5876.399,0.045454545454545456,0.08342129374541708,0.06877219257407753,0.06877219257407753,0.544879411643536,-0.552065404196267,0.5509911136472015,3.8569377955304107,LOW,False
1262,76,5,9186.5,0.06578947368421052,0.08114856647268981,0.06910099300104978,0.06910099300104978,0.8107287231790062,-0.22227021814644474,0.6287392678719785,4.40117487510385,LOW,False
1263,94,5,9075.887,0.05319148936170213,0.08388979454286526,0.0670153305999077,0.0670153305999077,0.6340638888383833,-0.4580788441444383,0.6591458283097306,4.614020798168113,LOW,False
1264,144,10,14727.496,0.06944444444444445,0.0850898464370012,0.06615590306566019,0.06615590306566019,0.8161307999992656,-0.23649290943891402,0.7203517712512958,14.407035425025915,LOW,False
1265,167,6,14837.725,0.03592814371257485,0.0841253402641617,0.06621048176962499,0.06621048176962499,0.42707873275468494,-0.7279390704222002,0.7416624475867031,14.833248951734063,LOW,False
1266,202,8,19616.85,0.039603960396039604,0.0817997162827667,0.06690784582727165,0.06690784582727165,0.48415767432659473,-0.630654826276414,0.7690540696204041,15.381081392408083,LOW,False
1267,186,8,19718.605,0.043010752688172046,0.08219988129926835,0.06661263889851915,0.06661263889851915,0.5232459221149128,-0.588313708315908,0.7571709785555715,15.14341957111143,LOW,False
1268,191,6,21602.611,0.031413612565445025,0.08238943189204474,0.06648912531692244,0.06648912531692244,0.3812820630515626,-0.7666790483950859,0.7609902999841155,15.219805999682311,LOW,False
1269,188,8,20243.86,0.0425531914893617,0.08268207225300332,0.06623773392332657,0.06623773392332657,0.5146604376236592,-0.6058311235419492,0.758710821630753,15.174216432615061,LOW,False
1270,180,4,18782.549,0.022222222222222223,0.08264352769549484,0.06626180376546043,0.06626180376546043,0.2688924691610621,-0.9118572396118165,0.7524506509957629,15.049013019915257,LOW,False
1271,167,6,14310.199,0.03592814371257485,0.08278698100796225,0.06612110720693419,0.06612110720693419,0.433983016111185,-0.7086819818176497,0.7416624475867031,14.833248951734063,LOW,False
1272,172,2,15247.667,0.011627906976744186,0.07859181941857273,0.06575059903583613,0.06575059903583613,0.1479531465586136,-1.018453267708346,0.7459074405024058,14.918148810048116,LOW,False
1273,152,2,16146.316,0.013157894736842105,0.07774935163602198,0.06650083856189043,0.06650083856189043,0.16923478408462936,-0.9712878558526213,0.7281251226999029,14.562502453998057,LOW,False
1274,131,4,12786.517,0.030534351145038167,0.07598278243524226,0.06766892180349916,0.06766892180349916,0.40185881809555524,-0.6716293104562803,0.7067557148222219,14.135114296444437,LOW,False
1275,101,4,8584.773,0.039603960396039604,0.07643805360223323,0.06730894381327328,0.06730894381327328,0.5181183786040638,-0.5472392095228504,0.6694365281470719,13.38873056294144,LOW,False
1276,77,0,7672.48,0.0,0.07808821861873487,0.06582254847258946,0.06582254847258946,0.0,-1.1863445039848801,0.6306069568040767,4.414248697628537,LOW,False
1277,59,1,4307.1357,0.01694915254237288,0.07436798052349679,0.06765969941488707,0.06765969941488707,0.22790927524269328,-0.8486414878823734,0.5926313341559827,4.148419339091879,LOW,False
1278,31,3,3220.296,0.0967741935483871,0.06946522085378797,0.0673667722645211,0.0673667722645211,1.393131589577462,0.4053774847244904,0.5016440753080604,4.54347894979726,LOW,False
1279,11,2,1963.08,0.18181818181818182,0.06516414558497076,0.06172976013394394,0.06172976013394394,2.7901567677443126,1.8897535966459293,0.35967503973766723,11.109558778818432,LOW,False
1280,13,2,1799.55,0.15384615384615385,0.06616095579230728,0.06346115212334805,0.06346115212334805,2.325331488999468,1.3817145626889153,0.3819874078490358,7.822908225330858,LOW,False
1281,8,0,850.7,0.0,0.0637992823780023,0.058733660751763055,0.058733660751763055,0.0,-1.0862473334949956,0.31803481922888616,2.226243734602203,LOW,False
1282,11,0,864.65,0.0,0.05685483793355784,0.05582310145766846,0.05582310145766846,0.0,-1.0184822492650603,0.35967503973766723,2.5177252781636708,LOW,False
1283,17,2,1535.62,0.11764705882352941,0.050444581523301425,0.052961016440820165,0.052961016440820165,2.3322040796232146,1.2689045984478329,0.4183636342904982,7.6020387672536955,LOW,False
1284,35,0,3474.153,0.0,0.055346542307615154,0.05353049066844979,0.05353049066844979,0.0,-1.0339255556317126,0.5186924493521103,3.630847145464772,LOW,False
1285,80,2,8939.538,0.025,0.047770784731857585,0.04736425114692798,0.04736425114692798,0.5233324120658185,-0.4807588884118668,0.6360696384577723,4.452487469204406,LOW,False
1286,129,4,18245.617,0.031007751937984496,0.04691851200458485,0.04759122745979481,0.04759122745979481,0.6608852372588977,-0.3343212796947043,0.7045458416079491,14.090916832158982,LOW,False
1287,182,4,28825.295,0.02197802197802198,0.0454692735984921,0.04752111910380145,0.04752111910380145,0.4833598656555366,-0.49433287901233247,0.7540412591337875,15.08082518267575,LOW,False
1288,170,6,26850.807,0.03529411764705882,0.04416871245750543,0.04772726718774295,0.04772726718774295,0.7990750846770817,-0.18594391284832937,0.7442243531203013,14.884487062406027,LOW,False
1289,215,3,52682.473,0.013953488372093023,0.04274578217428104,0.047449203518869276,0.047449203518869276,0.3264295952101785,-0.6068024680485541,0.7780386740281655,15.560773480563311,LOW,False
1290,223,1,45195.785,0.004484304932735426,0.04183017153509428,0.04779722331174804,0.04779722331174804,0.10720264268993557,-0.7813396681806755,0.7833026680954841,15.666053361909682,LOW,False
1291,208,6,37645.945,0.028846153846153848,0.04036685255745661,0.0484021115570293,0.0484021115570293,0.7146000249857318,-0.2380205809353713,0.7732702089759699,15.465404179519398,LOW,False
1292,232,9,37023.12,0.03879310344827586,0.039776660939039185,0.04845480087332853,0.04845480087332853,0.9752730001075077,-0.020298452847521894,0.7890044773171113,15.780089546342227,LOW,False
1293,238,4,33949.914,0.01680672268907563,0.04008413972582381,0.048422827668648256,0.048422827668648256,0.4192861017857411,-0.4807116427820535,0.7926846048043299,15.853692096086599,LOW,False
1294,201,7,34032.223,0.03482587064676617,0.03901137019247855,0.048650411056311814,0.048650411056311814,0.8927107782920337,-0.08603215172977169,0.7683392835557189,15.36678567111438,LOW,False
1295,212,11,27132.512,0.05188679245283019,0.03953652221016788,0.04852917611547944,0.04852917611547944,1.3123762423262941,0.254491652882665,0.77601425104291,17.863106838305406,LOW,False
1296,185,5,20338.682,0.02702702702702703,0.04020146590767853,0.04858688258701928,0.04858688258701928,0.6722895898645536,-0.27115217480882897,0.7563948700797809,15.12789740159562,LOW,False
1297,190,3,23879.691,0.015789473684210527,0.04084309590977364,0.048293935032609855,0.048293935032609855,0.3865885612366654,-0.5187736764180839,0.7602344555305266,15.204689110610534,LOW,False
1298,153,7,18536.758,0.0457516339869281,0.040952745032580666,0.04823129093179575,0.04823129093179575,1.1171811303620696,0.09949741882574908,0.7290680829335906,15.460220136387335,LOW,False
1299,130,1,15244.464,0.007692307692307693,0.041586798484326074,0.04818837971376822,0.04818837971376822,0.18496994172818804,-0.7033747761046666,0.7056549955713393,14.113099911426785,LOW,False
1300,79,3,6560.006,0.0379746835443038,0.040257146288337244,0.04868319595237186,0.04868319595237186,0.9433029175072281,-0.04688399558374192,0.6342715546647637,4.439900882653346,LOW,False
1301,49,0,4723.856,0.0,0.0418394247693499,0.047929167552098355,0.047929167552098355,0.0,-0.8729428635260776,0.566241403898243,3.9636898272877006,LOW,False
1302,17,0,1376.14,0.0,0.041133210080084366,0.0484340696763247,0.0484340696763247,0.0,-0.8492619008679111,0.4183636342904982,2.9285454400334876,LOW,False
1303,15,0,925.4,0.0,0.037100952015568234,0.047621954578997656,0.047621954578997656,0.0,-0.7790724329473571,0.4013152602464483,2.8092068217251382,LOW,False
1304,11,0,1595.87,0.0,0.02952519443981066,0.03684075980112374,0.03684075980112374,0.0,-0.8014274026701824,0.35967503973766723,2.5177252781636708,LOW,False
1305,8,1,975.9,0.125,0.02311493802955425,0.026082143873408885,0.026082143873408885,5.407758387246281,3.906314698091939,0.31803481922888616,25.44137053875443,LOW,False
1306,7,1,449.9,0.14285714285714285,0.02832327136288758,0.03286442711035243,0.03286442711035243,5.043808006031774,3.4850408653001175,0.3009864451848362,23.478958901981866,LOW,False
1307,28,0,2615.097,0.0,0.03427565231526854,0.039731207193612554,0.039731207193612554,0.0,-0.8626884189106369,0.4873954768329804,3.411768337830863,LOW,False
1308,38,0,3234.31,0.0,0.029373691530954812,0.03608830391411879,0.03608830391411879,0.0,-0.8139393749525307,0.5302781417424646,3.7119469921972517,LOW,False
1309,77,2,10758.381,0.025974025974025976,0.029373691530954812,0.03608830391411879,0.03608830391411879,0.8842615490345783,-0.09420408243676945,0.6306069568040767,4.414248697628537,LOW,False
1310,105,3,15874.678,0.02857142857142857,0.029414275946539226,0.03608371886512852,0.03608371886512852,0.971345635818385,-0.02335810724667814,0.6750042870351083,13.500085740702167,LOW,False
1311,123,5,18981.705,0.04065040650406504,0.02931276247293273,0.03608246807238649,0.03608246807238649,1.3867818340765883,0.31421475959979805,0.6977062755269499,16.85498926611341,LOW,False
1312,173,12,25378.596,0.06936416184971098,0.03009077849485119,0.03611872926781561,0.03611872926781561,2.3051634194701816,1.0873412257572195,0.7467417015090355,25.81532499817232,LOW,False
1313,175,9,26985.72,0.05142857142857143,0.0315103636699617,0.03699112611703087,0.03699112611703087,1.6321160862258606,0.5384590805803909,0.748395935331003,19.708789353314017,LOW,False
1314,175,7,32812.754,0.04,0.03307182546398164,0.03700873791182981,0.03700873791182981,1.2094887245811032,0.1872037504365632,0.748395935331003,16.539084140978336,LOW,False
1315,233,16,37409.45,0.06866952789699571,0.03455164609178432,0.03652281603512328,0.03652281603512328,1.9874459154443564,0.9341525519938245,0.7896243664185199,23.19833169420307,LOW,False
1316,189,7,30711.504,0.037037037037037035,0.03621095334390274,0.03715155102377438,0.03715155102377438,1.022813088771478,0.02223551023766579,0.7594746433713426,15.36059103321294,LOW,False
1317,217,11,31066.795,0.05069124423963134,0.03613778391010111,0.037147973509349175,0.037147973509349175,1.40272143875049,0.3917699662908261,0.7793727284850581,18.60786536032984,LOW,False
1318,220,11,29496.438,0.05,0.0375496389747076,0.03702503722268588,0.03702503722268588,1.331570725185364,0.3362686970551875,0.7813510355990383,18.113801150870994,LOW,False
1319,201,8,25804.52,0.03980099502487562,0.03818189436442568,0.03710597421811661,0.03710597421811661,1.0424049326886848,0.04363450076617134,0.7683392835557189,15.684822666279516,LOW,False
1320,189,7,25311.486,0.037037037037037035,0.037678319471594245,0.036993734823690866,0.036993734823690866,0.9829800680192047,-0.017334892992381265,0.7594746433713426,15.189492867426853,LOW,False
1321,158,4,21664.543,0.02531645569620253,0.03809540322201132,0.03692479064297444,0.03692479064297444,0.6645540814639499,-0.3460804327739688,0.7336928815879392,14.673857631758786,LOW,False
1322,142,6,13821.626,0.04225352112676056,0.03849236080584432,0.036725236538258384,0.036725236538258384,1.0977118639172994,0.10241350840580889,0.7183414072125762,15.099667123631273,LOW,False
1323,119,3,10493.296,0.025210084033613446,0.03834660610333734,0.0367021077380983,0.0367021077380983,0.6574267346027108,-0.3579228245817512,0.6929601492175947,13.859202984351896,LOW,False
1324,89,2,8751.717,0.02247191011235955,0.03907651345089175,0.036237216176423774,0.036237216176423774,0.5750745941190597,-0.45821961758020713,0.6513199287088136,4.559239500961695,LOW,False
1325,38,1,5691.575,0.02631578947368421,0.03843056455789407,0.03639553786346926,0.03639553786346926,0.6847619798569586,-0.3328642958830852,0.5302781417424646,3.7119469921972517,LOW,False
1326,22,0,2189.91,0.0,0.03952705578596425,0.035574547268544005,0.035574547268544005,0.0,-1.111104956236932,0.4538436109089882,3.176905276362918,LOW,False
1327,16,0,1605.6,0.0,0.03952705578596425,0.035574547268544005,0.035574547268544005,0.0,-1.111104956236932,0.41009030347101677,2.870632124297117,LOW,False
1328,16,0,1408.425,0.0,0.03952705578596425,0.035574547268544005,0.035574547268544005,0.0,-1.111104956236932,0.41009030347101677,2.870632124297117,LOW,False
1329,6,0,521.8,0.0,0.03952705578596425,0.035574547268544005,0.035574547268544005,0.0,-1.111104956236932,0.2816585927874237,1.971610149511966,LOW,False
1330,16,0,1194.5599,0.0,0.03431872245263091,0.03142509090792944,0.03142509090792944,0.0,-1.092080291929126,0.41009030347101677,2.870632124297117,LOW,False
1331,18,0,1301.571,0.0,0.02836634150024996,0.022126299183636483,0.022126299183636483,0.0,-1.2820192507036288,0.4261895338914151,2.9833267372399055,LOW,False
1332,56,0,7675.9507,0.0,0.02836634150024996,0.022126299183636483,0.022126299183636483,0.0,-1.2820192507036288,0.5852069435058582,4.096448604541007,LOW,False
1333,99,0,11765.139,0.0,0.02836634150024996,0.022126299183636483,0.022126299183636483,0.0,-1.2820192507036288,0.6665702189598551,4.665991532718985,LOW,False
1334,127,2,15854.078,0.015748031496062992,0.02728409041799888,0.022871091870266782,0.022871091870266782,0.5771873371917235,-0.5043947611846712,0.7023017054312845,14.04603410862569,LOW,False
1335,144,2,23570.076,0.013888888888888888,0.02674978220652531,0.022989193270592397,0.022989193270592397,0.5192150269358399,-0.5594321282290484,0.7203517712512958,14.407035425025915,LOW,False
1336,155,6,20867.154,0.03870967741935484,0.025634718972559634,0.022934598510281397,0.022934598510281397,1.5100488310712956,0.5700975511271238,0.7309357718656888,18.444081670348492,LOW,False
1337,168,5,23656.479,0.02976190476190476,0.024357448787961467,0.02117980981572011,0.02117980981572011,1.2218810361048327,0.2551701842918339,0.7425214642560432,16.51453705590711,LOW,False
1338,185,8,29676.643,0.043243243243243246,0.023454671010183687,0.02042402909858648,0.02042402909858648,1.8436942997182795,0.9688868017931438,0.7563948700797809,21.455604649482716,LOW,False
1339,194,3,31929.709,0.015463917525773196,0.023589806145318828,0.02054861001306274,0.02054861001306274,0.6555338958918009,-0.3954471185340521,0.76323443616078,15.264688723215603,LOW,False
1340,223,2,40822.434,0.008968609865470852,0.02137290571318455,0.018210771778657965,0.018210771778657965,0.41962520145018384,-0.6811515732820758,0.7833026680954841,15.666053361909682,LOW,False
1341,163,3,24160.473,0.018404907975460124,0.020203387914369295,0.018061748942706454,0.018061748942706454,0.910981269748821,-0.09957396399507694,0.7381744743775209,14.76348948755042,LOW,False
1342,218,8,34948.844,0.03669724770642202,0.018858123903362164,0.016854243850234183,0.016854243850234183,1.9459649270773625,1.0584351313281841,0.7800351730461409,23.425879555605338,LOW,False
1343,210,14,29555.03,0.06666666666666667,0.01830384255779641,0.015981717470902358,0.015981717470902358,3.64222247083689,3.026134343628814,0.7746487325761663,60.636322478160174,HIGH,True
1344,195,6,21897.992,0.03076923076923077,0.01942324554287104,0.01832237100770882,0.01832237100770882,1.584144663224117,0.6192421942327282,0.7639748156980716,19.66058128814231,LOW,False
1345,173,4,29470.486,0.023121387283236993,0.01916208694837911,0.018103761635777742,0.018103761635777742,1.2066215619167093,0.2187004233989292,0.7467417015090355,16.48449574455603,LOW,False
1346,157,21,18283.227,0.1337579617834395,0.019070625764505546,0.018076842385263338,0.018076842385263338,7.013821331043643,6.3444341425707025,0.7327796679344233,94.65559335868848,CRITICAL,True
1347,126,7,15136.859,0.05555555555555555,0.02288331079186717,0.029327700290229977,0.029327700290229977,2.4277761229944157,1.114040461419083,0.7011664534630849,26.157155759458355,LOW,False
1348,68,1,6530.056,0.014705882352941176,0.024147705438614758,0.030076941298903103,0.030076941298903103,0.608997090440937,-0.3139223164962563,0.6128610205234314,4.29002714366402,LOW,False
1349,49,2,5797.68,0.04081632653061224,0.023824120948638988,0.03013746903680464,0.03013746903680464,1.713235364217876,0.5638232447861479,0.566241403898243,5.835932658359625,LOW,False
1350,28,3,2325.775,0.10714285714285714,0.024428309992677658,0.030334302216123113,0.030334302216123113,4.386011851616956,2.726766106596496,0.4873954768329804,19.85465116468504,LOW,False
1351,24,5,1979.357,0.20833333333333334,0.02889259570696337,0.03421831771474694,0.03421831771474694,7.2106132466015564,5.243996479377976,0.46591258883663084,31.261388121856417,MEDIUM,False
1352,14,3,1432.8,0.21428571428571427,0.03757315126251893,0.04955729767054669,0.04955729767054669,5.70316055708308,3.5658232254302407,0.3919737040327585,24.469292539486613,LOW,False
1353,14,3,1692.026,0.21428571428571427,0.046501722691090354,0.06057285058135374,0.06057285058135374,4.60812421314385,2.7699537001197894,0.3919737040327585,19.958689425755992,LOW,False
1354,18,0,1968.7001,0.0,0.05543029411966178,0.06867200162009462,0.06867200162009462,0.0,-0.8071745807892966,0.4261895338914151,2.9833267372399055,LOW,False
1355,22,0,1998.15,0.0,0.05543029411966178,0.06867200162009462,0.06867200162009462,0.0,-0.8071745807892966,0.4538436109089882,3.176905276362918,LOW,False
1356,55,3,7415.2197,0.05454545454545454,0.05543029411966178,0.06867200162009462,0.06867200162009462,0.9840368955593658,-0.012885012134964713,0.5826450379722601,4.07851526580582,LOW,False
1357,90,5,16171.536,0.05555555555555555,0.05770302139238906,0.06765279198019826,0.06765279198019826,0.9627841699617352,-0.031742456947853125,0.6529193249154452,4.5704352744081165,LOW,False
1358,121,8,17604.793,0.06611570247933884,0.06001783620720388,0.0665337698338978,0.0665337698338978,1.1016009016233586,0.09165069538909865,0.6953526645809566,14.66906005379432,LOW,False
1359,145,1,23876.064,0.006896551724137931,0.06211648916484036,0.06586770081774396,0.06586770081774396,0.11102610300199595,-0.8383462114989575,0.7213465784933099,14.426931569866197,LOW,False
1360,150,2,24797.756,0.013333333333333334,0.06182514178297574,0.0661053326523584,0.0661053326523584,0.21566199362934288,-0.7335536560213102,0.7262205704328422,14.524411408656842,LOW,False
1361,185,7,24402.672,0.03783783783783784,0.06076779411272484,0.06669148446146182,0.06669148446146182,0.6226626849026029,-0.3438213508073471,0.7563948700797809,15.12789740159562,LOW,False
1362,163,7,25561.75,0.04294478527607362,0.061104291324222064,0.06654846043489529,0.06654846043489529,0.7028112812602096,-0.27287642613331353,0.7381744743775209,14.76348948755042,LOW,False
1363,189,6,24790.805,0.031746031746031744,0.06109185557558999,0.06655197099412785,0.06655197099412785,0.5196442544907126,-0.44094597637307464,0.7594746433713426,15.189492867426853,LOW,False
1364,182,2,23317.818,0.01098901098901099,0.06177027700143409,0.06614838849267372,0.06614838849267372,0.17790127424482594,-0.7676871223861694,0.7540412591337875,15.08082518267575,LOW,False
1365,173,10,20479.352,0.057803468208092484,0.06185446038158161,0.06607951887700496,0.06607951887700496,0.9345076790178355,-0.06130480733416521,0.7467417015090355,14.93483403018071,LOW,False
1366,225,16,38227.09,0.07111111111111111,0.06349606705794128,0.06543946247890985,0.06543946247890985,1.1199293815508442,0.1163677659428215,0.7845892888688628,16.59125613900859,LOW,False
1367,223,36,32145.398,0.16143497757847533,0.06492997803313666,0.06520332763581546,0.06520332763581546,2.4862934266832473,1.4800624913555722,0.7833026680954841,32.81403520397868,MEDIUM,False
1368,182,6,27772.21,0.03296703296703297,0.06887865765446202,0.06811751024701852,0.06811751024701852,0.4786247887178059,-0.52720107586435,0.7540412591337875,15.08082518267575,LOW,False
1369,185,5,22854.83,0.02702702702702703,0.06897023274603711,0.06806550705276306,0.06806550705276306,0.3918650981873038,-0.6162182217565283,0.7563948700797809,15.12789740159562,LOW,False
1370,140,3,13438.4375,0.02142857142857143,0.06913296773536169,0.06795570329890335,0.06795570329890335,0.3099616887647463,-0.7019925332383412,0.7163027272577009,14.326054545154019,LOW,False
1371,118,0,13604.924,0.0,0.06445257647057552,0.0671750015366751,0.0671750015366751,0.0,-0.9594726460167888,0.6917488962584405,13.83497792516881,LOW,False
1372,64,1,8251.129,0.015625,0.062137761655760716,0.06844021063574263,0.06844021063574263,0.2514574001967035,-0.6796116087852835,0.6042170265463369,4.229519185824358,LOW,False
1373,34,0,4150.312,0.0,0.06217605822438816,0.06841276722840017,0.06841276722840017,0.0,-0.9088370598547727,0.5146148872057391,3.6023042104401735,LOW,False
1374,35,1,2059.563,0.02857142857142857,0.06047537795227933,0.0694660577465461,0.0694660577465461,0.47244729241666045,-0.459273930546851,0.5186924493521103,3.630847145464772,LOW,False
1375,6,1,1429.388,0.16666666666666666,0.0572015684284698,0.06902111951343003,0.06902111951343003,2.913673020611004,1.585965267006388,0.2816585927874237,9.558599871768799,LOW,False
1376,9,1,900.062,0.1111111111111111,0.05546545731735869,0.065487968692724,0.065487968692724,2.003248805384632,0.8497080441576575,0.33328510947992757,4.966523880494152,LOW,False
1377,11,1,1522.65,0.09090909090909091,0.05116651551841689,0.05750936640119731,0.05750936640119731,1.7767301522881516,0.6910626542713328,0.35967503973766723,4.556641927920068,LOW,False
1378,16,0,1691.7,0.0,0.04602582287772425,0.04681410236304096,0.04681410236304096,0.0,-0.9831614952433853,0.41009030347101677,2.870632124297117,LOW,False
1379,30,2,3189.45,0.06666666666666667,0.04602582287772425,0.04681410236304096,0.04681410236304096,1.4484622435492023,0.44091080992803694,0.49704864540372573,4.656553907142737,LOW,False
1380,64,1,10636.601,0.015625,0.04880360065550202,0.04593396347729984,0.04593396347729984,0.3201608035090433,-0.7223108598477158,0.6042170265463369,4.229519185824358,LOW,False
1381,107,5,16879.959,0.04672897196261682,0.047181915049441414,0.046407037009172425,0.046407037009172425,0.9904000698922466,-0.009760224224939603,0.6777098589665534,13.554197179331071,LOW,False
1382,137,1,22082.246,0.0072992700729927005,0.04681414073306897,0.04637275345206285,0.04637275345206285,0.15592019758757591,-0.8521139617237563,0.7131898355850435,14.263796711700868,LOW,False
1383,175,5,22372.098,0.02857142857142857,0.04436345604947121,0.04685995612743078,0.04685995612743078,0.6440307206807241,-0.3370047431350097,0.748395935331003,14.967918706620061,LOW,False
1384,200,9,34720.6,0.045,0.045266575918108336,0.046312135901426944,0.046312135901426944,0.9941109767482612,-0.005756070475257951,0.7676209501511251,15.352419003022503,LOW,False
1385,247,5,37304.99,0.020242914979757085,0.04658602036255277,0.045811180097190485,0.045811180097190485,0.43452767208312437,-0.5750366030062444,0.798035090588562,15.96070181177124,LOW,False
1386,237,4,46330.676,0.016877637130801686,0.04585289857679941,0.046097159389090314,0.046097159389090314,0.3680822293607718,-0.6285693485237882,0.7920777113200527,15.841554226401055,LOW,False
1387,231,15,40397.805,0.06493506493506493,0.04476676740407975,0.04647421103327471,0.04647421103327471,1.450519407598485,0.43396750762578923,0.7883819220178166,19.14653399734497,LOW,False
1388,260,13,37490.43,0.05,0.04614964378695613,0.04656362035587396,0.04656362035587396,1.0834319812048505,0.08269022433428878,0.8054302960618666,16.73434578027371,LOW,False
1389,265,10,47176.145,0.03773584905660377,0.047775101662414,0.04595984611344954,0.04595984611344954,0.7898643381912803,-0.2184352963460505,0.808176941740451,16.16353883480902,LOW,False
1390,280,8,37853.98,0.02857142857142857,0.04693895086443531,0.04595201200179278,0.04595201200179278,0.6086933782126043,-0.39971094828862214,0.816117353913755,16.3223470782751,LOW,False
1391,241,12,37798.625,0.04979253112033195,0.04516646409194853,0.04579926992055406,0.04579926992055406,1.1024226076003163,0.10100744043317829,0.7944901652307216,16.657972861616805,LOW,False
1392,208,6,26465.887,0.028846153846153848,0.04051469548952589,0.03857678977872546,0.03857678977872546,0.7119923646868168,-0.30247570392202705,0.7732702089759699,15.465404179519398,LOW,False
1393,181,4,22431.514,0.022099447513812154,0.04034299219282259,0.03862099024214838,0.03862099024214838,0.5477890040527004,-0.47237381964123354,0.7532481399770573,15.06496279954115,LOW,False
1394,187,19,18257.062,0.10160427807486631,0.040137676379771975,0.03870785825828439,0.03870785825828439,2.5313941224079284,1.5879618367141004,0.7579429477664821,33.99383783231536,MEDIUM,False
1395,101,6,9959.222,0.0594059405940594,0.0434783308233676,0.040443806360285904,0.040443806360285904,1.3663344353167175,0.39382074053079336,0.6694365281470719,16.136238827816822,LOW,False
1396,76,6,7571.067,0.07894736842105263,0.045953578348120076,0.039473388378204514,0.039473388378204514,1.7179808680618731,0.8358489460496957,0.6287392678719785,6.285874653766267,LOW,False
1397,54,0,3631.271,0.0,0.048592010365663935,0.039474322267933265,0.039474322267933265,0.0,-1.2309776982577196,0.5800369695028702,4.060258786520091,LOW,False
1398,30,7,2122.932,0.23333333333333334,0.048592010365663935,0.039474322267933265,0.039474322267933265,4.80188680356002,4.680037866482712,0.49704864540372573,29.559459043032994,LOW,False
1399,12,1,1558.45,0.08333333333333333,0.057123756397409964,0.05430215980725488,0.05430215980725488,1.4588209632711011,0.48266177678667055,0.3712607321280216,3.8032301534827915,LOW,False
1400,17,2,853.298,0.11764705882352941,0.05365153417518775,0.04943973307709917,0.04943973307709917,2.1927995281435533,1.2944148494601164,0.4183636342904982,7.347709167798324,LOW,False
1401,4,1,443.41998,0.25,0.05392386532987184,0.04978678452468672,0.04978678452468672,4.636166166328384,3.9383168955790677,0.23295629441831542,24.030766665698636,LOW,False
1402,8,0,1092.8099,0.0,0.06055265320865972,0.06359997736952694,0.06359997736952694,0.0,-0.9520860810505996,0.31803481922888616,2.226243734602203,LOW,False
1403,8,0,675.95,0.0,0.06055265320865972,0.06359997736952694,0.06359997736952694,0.0,-0.9520860810505996,0.31803481922888616,2.226243734602203,LOW,False
1404,23,0,2474.477,0.0,0.057774875430881945,0.06476649404060113,0.06476649404060113,0.0,-0.8920488330688976,0.46000385479927935,3.2200269835949555,LOW,False
1405,57,0,5624.113,0.0,0.05712383376421528,0.06528506819204909,0.06528506819204909,0.0,-0.8749907956927317,0.5877242918945924,4.114070043262147,LOW,False
1406,76,2,11883.418,0.02631578947368421,0.055176793265772905,0.06629752405191153,0.06629752405191153,0.4769358260261264,-0.4353255148637268,0.6287392678719785,4.40117487510385,LOW,False
1407,122,2,19412.53,0.01639344262295082,0.055969148240801715,0.06581229945626127,0.06581229945626127,0.29290141333614117,-0.6013420887102241,0.6965342538687398,13.930685077374797,LOW,False
1408,185,5,22717.406,0.02702702702702703,0.05546173215961514,0.06607912700751652,0.06607912700751652,0.4873094650063409,-0.43031296598930036,0.7563948700797809,15.12789740159562,LOW,False
1409,169,6,27097.977,0.03550295857988166,0.054712858285741274,0.06630430464287823,0.06630430464287823,0.6488960674374801,-0.28972326622420824,0.7433754129509443,14.867508259018889,LOW,False
1410,194,2,28585.596,0.010309278350515464,0.055348693435746464,0.06603198800223194,0.06603198800223194,0.1862605548671779,-0.6820847962915887,0.76323443616078,15.264688723215603,LOW,False
1411,214,5,27307.586,0.02336448598130841,0.0550750118199012,0.06621173815809656,0.06621173815809656,0.4242302490594422,-0.4789260442442432,0.777367007468166,15.54734014936332,LOW,False
1412,180,2,22021.729,0.011111111111111112,0.05334290436349468,0.06648576189512441,0.06648576189512441,0.2082959532048844,-0.6352005609712438,0.7524506509957629,15.049013019915257,LOW,False
1413,212,9,24049.844,0.04245283018867924,0.05172253399312431,0.0670423406928544,0.0670423406928544,0.8207801689360902,-0.13826641057944247,0.77601425104291,15.520285020858202,LOW,False
1414,188,9,24332.525,0.047872340425531915,0.05191907487362746,0.06700645920251763,0.06700645920251763,0.9220568845275958,-0.06039319934612356,0.758710821630753,15.174216432615061,LOW,False
1415,175,8,24338.451,0.045714285714285714,0.0527232795342151,0.06682965034822665,0.06682965034822665,0.8670607389781044,-0.10487850502595623,0.748395935331003,14.967918706620061,LOW,False
1416,163,14,22260.018,0.08588957055214724,0.0525533526422965,0.06684260991797115,0.06684260991797115,1.6343309462433946,0.49872705375748716,0.7381744743775209,19.52097158437588,LOW,False
1417,126,8,15610.207,0.06349206349206349,0.054930161671712885,0.06697701888699259,0.06697701888699259,1.155868862566259,0.12783342648911752,0.7011664534630849,15.192345538508642,LOW,False
1418,108,7,9065.649,0.06481481481481481,0.05665485400414003,0.06662687967819245,0.06662687967819245,1.144029332598377,0.12247250434190157,0.679043913423446,14.661098262956749,LOW,False
1419,103,7,9533.985,0.06796116504854369,0.055121959701637885,0.06596770787007376,0.06596770787007376,1.2329236009822833,0.1946286412162928,0.6722471773128578,15.191870553624282,LOW,False
1420,48,4,5458.718,0.08333333333333333,0.055478427387241395,0.06601496145246308,0.06601496145246308,1.5020853556584022,0.42194837856794115,0.5633171855748474,5.261194357627238,LOW,False
1421,43,4,3381.393,0.09302325581395349,0.0556611759252531,0.06608878454527664,0.06608878454527664,1.6712412964266798,0.5653316239021475,0.5477383052077789,5.596176539574486,LOW,False
1422,33,3,3651.188,0.09090909090909091,0.05953714491750115,0.06540673228033106,0.06540673228033106,1.5269306419557225,0.4796439892017637,0.5104191185326289,4.956126764862173,LOW,False
1423,16,0,1386.775,0.0,0.053602801483157714,0.054505214730214774,0.054505214730214774,0.0,-0.9834435429431156,0.41009030347101677,2.870632124297117,LOW,False
1424,11,1,459.547,0.09090909090909091,0.0501305792609355,0.05517908705336831,0.05517908705336831,1.8134458498055352,0.7390211369157866,0.35967503973766723,4.653020633903201,LOW,False
1425,3,0,115.41,0.0,0.04901649726450056,0.05401427010161354,0.05401427010161354,0.0,-0.9074731024280992,0.20065763012322416,1.4046034108625691,LOW,False
1426,7,2,499.143,0.2857142857142857,0.03859983059783389,0.03394851189772862,0.03394851189772862,7.401956985021566,7.279095350656162,0.3009864451848362,30.106905116293852,MEDIUM,False
1427,8,3,1256.95,0.375,0.05050459250259579,0.059957151382109955,0.059957151382109955,7.425067333841493,5.4121218239568885,0.31803481922888616,30.2262437346022,MEDIUM,False
1428,21,3,2213.9,0.14285714285714285,0.0661295925025958,0.08835918806724649,0.08835918806724649,2.1602604439386988,0.8683596129940999,0.4474094901461668,6.177550096362252,LOW,False
1429,34,1,3934.341,0.029411764705882353,0.07208197345497676,0.08852231713419614,0.08852231713419614,0.408032179144669,-0.48202769799177475,0.5146148872057391,3.6023042104401735,LOW,False
1430,66,1,9137.523,0.015151515151515152,0.07330746365105519,0.08768062264159188,0.08768062264159188,0.20668448200085915,-0.6632702499988108,0.608603540536682,4.260224783756773,LOW,False
1431,118,2,10227.846,0.01694915254237288,0.07284228555429813,0.08796990839876527,0.08796990839876527,0.23268287662032017,-0.6353665023562735,0.6917488962584405,13.83497792516881,LOW,False
1432,147,25,13190.633,0.17006802721088435,0.07286544013427405,0.0879544762701942,0.0879544762701942,2.334001234295553,1.1051465621602488,0.7233159134155036,25.78565955252983,LOW,False
1433,181,15,19047.023,0.08287292817679558,0.07882548180860145,0.08954532981368021,0.08954532981368021,1.051346928370471,0.04519997164135498,0.7532481399770573,15.450064762319682,LOW,False
1434,213,8,18804.516,0.03755868544600939,0.0807992305418062,0.08906970023254486,0.08906970023254486,0.4648396425826879,-0.48546862718638967,0.776692209584216,15.53384419168432,LOW,False
1435,190,8,21808.924,0.042105263157894736,0.08193462250411844,0.08830245383150863,0.08830245383150863,0.5138885354085608,-0.4510560875490817,0.7602344555305266,15.204689110610534,LOW,False
1436,196,10,19223.1,0.05102040816326531,0.08271548821980954,0.0878436654949548,0.0878436654949548,0.6168180743572813,-0.36081235770340886,0.7647114273842626,15.29422854768525,LOW,False
1437,192,9,20184.445,0.046875,0.08437837559698264,0.08680080811758784,0.08680080811758784,0.5555333302917512,-0.43206251658599004,0.7617422179553044,15.23484435910609,LOW,False
1438,179,16,15669.935,0.0893854748603352,0.08456263267245433,0.08671258964664542,0.08671258964664542,1.0570327819210845,0.05561870782009851,0.7516487437704258,15.460720739816649,LOW,False
1439,196,17,17659.232,0.08673469387755102,0.0862923466072378,0.08636222002320257,0.08636222002320257,1.005126147192712,0.005121999760941558,0.7647114273842626,15.33267465163059,LOW,False
1440,187,14,15569.595,0.0748663101604278,0.08800153028070717,0.08592905701851379,0.08592905701851379,0.8507387305836539,-0.15286121570552477,0.7579429477664821,15.158858955329643,LOW,False
1441,166,2,13890.934,0.012048192771084338,0.08754222776438554,0.08597028706744886,0.08597028706744886,0.1376272123610025,-0.8781410132325322,0.7407983024292605,14.81596604858521,LOW,False
1442,123,6,9965.219,0.04878048780487805,0.08539873315101142,0.08722812300858833,0.08722812300858833,0.5712085648696806,-0.419798616353673,0.6977062755269499,13.954125510538997,LOW,False
1443,142,5,11155.954,0.035211267605633804,0.08473063619226405,0.08745374700896372,0.08745374700896372,0.41556713354229025,-0.5662349559654051,0.7183414072125762,14.366828144251526,LOW,False
1444,101,5,11246.686,0.04950495049504951,0.08336605713214279,0.08798070287294152,0.08798070287294152,0.593826218943996,-0.38486969905200963,0.6694365281470719,13.38873056294144,LOW,False
1445,49,4,3859.695,0.08163265306122448,0.08195654118054764,0.08825181008637609,0.08825181008637609,0.9960480504099162,-0.0036700450563694133,0.566241403898243,3.9636898272877006,LOW,False
1446,34,2,3403.46,0.058823529411764705,0.08148193273251726,0.08822032997371662,0.08822032997371662,0.7219211356321916,-0.2568387958592214,0.5146148872057391,3.6023042104401735,LOW,False
1447,12,0,1144.802,0.0,0.08014503433679533,0.08831432230822679,0.08831432230822679,0.0,-0.9074975863720073,0.3712607321280216,2.598825124896151,LOW,False
1448,16,0,1087.45,0.0,0.08014503433679533,0.08831432230822679,0.08831432230822679,0.0,-0.9074975863720073,0.41009030347101677,2.870632124297117,LOW,False
1449,21,10,1438.7,0.47619047619047616,0.07635715554891655,0.08977015531644424,0.08977015531644424,6.236356930365421,4.453967125623515,0.4474094901461668,28.742972605626036,LOW,False
1450,20,5,1516.5499,0.25,0.0961984253901864,0.11977110478001501,0.11977110478001501,2.598795136053272,1.2841292137390128,0.44067600240186683,8.524634559061088,LOW,False
1451,22,0,3708.794,0.0,0.09471033015209117,0.11751470217080773,0.11751470217080773,0.0,-0.8059445193030368,0.4538436109089882,3.176905276362918,LOW,False
1452,43,0,5008.8,0.0,0.07908533015209115,0.10261188862785287,0.10261188862785287,0.0,-0.7707228783100706,0.5477383052077789,3.8341681364544518,LOW,False
1453,93,2,15561.414,0.021505376344086023,0.0731329491997102,0.10289481713240298,0.10289481713240298,0.29405865043620094,-0.5017509559222099,0.6576141327048699,4.603298928934089,LOW,False
1454,118,6,26509.752,0.05084745762711865,0.07280351635130201,0.1030534174936402,0.1030534174936402,0.6984203535137254,-0.21305512479038702,0.6917488962584405,13.83497792516881,LOW,False
1455,127,5,19255.906,0.03937007874015748,0.0742908472877855,0.10244094402790117,0.10244094402790117,0.5299452109846982,-0.34088682878709975,0.7023017054312845,14.04603410862569,LOW,False
1456,192,4,32774.355,0.020833333333333332,0.07522505254602653,0.10199655272927155,0.10199655272927155,0.276946743514555,-0.5332701719543856,0.7617422179553044,15.23484435910609,LOW,False
1457,191,1,32148.016,0.005235602094240838,0.06900694030112857,0.10050116522736499,0.10050116522736499,0.07587065984079304,-0.6345333217044505,0.7609902999841155,15.219805999682311,LOW,False
1458,211,5,34746.047,0.023696682464454975,0.06577205171435545,0.10128189389976047,0.10128189389976047,0.36028498194595504,-0.41542834192597955,0.7753331020967204,15.506662041934408,LOW,False
1459,212,10,31024.502,0.04716981132075472,0.06519446825679068,0.10148909620848044,0.10148909620848044,0.7235247495993112,-0.17760190611028237,0.77601425104291,15.520285020858202,LOW,False
1460,208,8,37279.152,0.038461538461538464,0.06540549109690985,0.10144425564171818,0.10144425564171818,0.5880475448850443,-0.26560353235310147,0.7732702089759699,15.465404179519398,LOW,False
1461,220,3,43820.363,0.013636363636363636,0.06488220485933789,0.10155401757109306,0.10155401757109306,0.2101710887588784,-0.5046165818806678,0.7813510355990383,15.627020711980766,LOW,False
1462,201,4,37826.38,0.01990049751243781,0.06349726167751972,0.10203577129446288,0.10203577129446288,0.31340717673000523,-0.42726941357915477,0.7683392835557189,15.36678567111438,LOW,False
1463,223,7,28790.81,0.03139013452914798,0.06060205428802399,0.10225483366656685,0.10225483366656685,0.5179714598445752,-0.2856776419404329,0.7833026680954841,15.666053361909682,LOW,False
1464,240,8,38363.46,0.03333333333333333,0.058296030981840524,0.1022639314945129,0.1022639314945129,0.5717942160370543,-0.24410070377400458,0.7938908108176181,15.877816216352365,LOW,False
1465,204,6,29139.623,0.029411764705882353,0.056565490280711596,0.10232273247435592,0.10232273247435592,0.5199595117079988,-0.2653733429336878,0.7704731386726122,15.409462773452246,LOW,False
1466,171,1,18140.35,0.005847953216374269,0.0572889724446615,0.10205531943272625,0.10205531943272625,0.10207816560199472,-0.5040503475391754,0.7450683431730747,14.901366863461494,LOW,False
1467,151,8,17888.658,0.052980132450331126,0.05550011683680719,0.10258583112754788,0.10258583112754788,0.9545949715045495,-0.024564643662562856,0.7271759790762514,14.54351958152503,LOW,False
1468,87,8,9182.15,0.09195402298850575,0.05624048620533623,0.10249711991752723,0.10249711991752723,1.6350147232507553,0.3484345395451684,0.648067120269391,6.203383490418968,LOW,False
1469,64,2,8000.141,0.03125,0.05800919755923026,0.10274179956987571,0.10274179956987571,0.5387076759352205,-0.2604509330307288,0.6042170265463369,4.229519185824358,LOW,False
1470,24,0,2690.112,0.0,0.0559099203483459,0.10275284817008061,0.10275284817008061,0.0,-0.5441203951427368,0.46591258883663084,3.2613881218564154,LOW,False
1471,12,0,2098.211,0.0,0.053458939956189035,0.10337997752505537,0.10337997752505537,0.0,-0.5171111586209488,0.3712607321280216,2.598825124896151,LOW,False
1472,16,0,1924.246,0.0,0.053458939956189035,0.10337997752505537,0.10337997752505537,0.0,-0.5171111586209488,0.41009030347101677,2.870632124297117,LOW,False
1473,10,1,2233.8,0.1,0.053458939956189035,0.10337997752505537,0.10337997752505537,1.870594517623293,0.45019413969722705,0.34708067508455476,4.714875334353027,LOW,False
1474,7,0,502.85,0.0,0.03778433678158587,0.05249353435611091,0.05249353435611091,0.0,-0.7197902988444383,0.3009864451848362,2.1069051162938535,LOW,False
1475,21,1,2035.9761,0.047619047619047616,0.027367670114919196,0.027319477170214348,0.027319477170214348,1.7399744815357372,0.7412798340887696,0.4474094901461668,5.074299445054478,LOW,False
1476,49,0,4973.929,0.0,0.029351797099046176,0.026972437494916544,0.026972437494916544,0.0,-1.0882144820829807,0.566241403898243,3.9636898272877006,LOW,False
1477,80,3,7360.954,0.0375,0.029351797099046183,0.026972437494916544,0.026972437494916544,1.2776049068974586,0.3020936799831122,0.6360696384577723,5.181200349810235,LOW,False
1478,131,0,19047.97,0.0,0.030018239751375925,0.026967736144958326,0.026967736144958326,0.0,-1.1131167848135408,0.7067557148222219,14.135114296444437,LOW,False
1479,165,6,21307.29,0.03636363636363636,0.027899595683579317,0.027256002904845537,0.027256002904845537,1.3033750300918758,0.31053858886081637,0.7399289671797024,17.07389206928312,LOW,False
1480,196,3,31008.521,0.015306122448979591,0.02777432725122427,0.027207858807772527,0.027207858807772527,0.551088863846555,-0.45825747958831875,0.7647114273842626,15.29422854768525,LOW,False
1481,197,11,39921.04,0.05583756345177665,0.027544026797709537,0.027292426227669465,0.027292426227669465,2.027211339208394,1.0366808878788032,0.7654443093750529,23.471482330049053,LOW,False
1482,203,3,33001.418,0.014778325123152709,0.029652441854273525,0.027448234791156732,0.027448234791156732,0.4983847602089758,-0.541897023407602,0.769765343208684,15.39530686417368,LOW,False
1483,204,14,32567.592,0.06862745098039216,0.029280843631719265,0.02759236100598529,0.02759236100598529,2.343766178446089,1.4259963958915258,0.7704731386726122,30.812664060441985,MEDIUM,False
1484,223,13,35654.984,0.05829596412556054,0.030174911950870825,0.02852896211434057,0.02852896211434057,1.93193485437422,0.9857019004751731,0.7833026680954841,22.65556476971633,LOW,False
1485,207,6,26772.135,0.028985507246376812,0.03100134635353841,0.029061757456920752,0.029061757456920752,0.9349757560793318,-0.06936397807839892,0.7725759923744698,15.451519847489397,LOW,False
1486,223,11,31434.867,0.04932735426008968,0.03164089400395562,0.028830974167256242,0.028830974167256242,1.5589747323170757,0.6134534391217633,0.7833026680954841,19.85836385428775,LOW,False
1487,226,7,39327.56,0.030973451327433628,0.032867013035107785,0.028935512843207948,0.028935512843207948,0.942387167776655,-0.06544075157522686,0.78522833575215,15.704566715043,LOW,False
1488,214,20,24438.236,0.09345794392523364,0.03284965123503635,0.028936562513266668,0.028936562513266668,2.845020887940341,2.09452289512308,0.777367007468166,43.066532997954376,MEDIUM,True
1489,178,20,35970.85,0.11235955056179775,0.035354843343032204,0.031471846940479026,0.031471846940479026,3.1780525647256694,2.4467806851120084,0.7508423690723203,49.437000180789035,MEDIUM,True
1490,144,2,29975.129,0.013888888888888888,0.03881100108702868,0.03513248129466566,0.03513248129466566,0.3578595887734212,-0.7093752356718351,0.7203517712512958,14.407035425025915,LOW,False
1491,99,1,12757.09,0.010101010101010102,0.03914604007338345,0.03484160037800721,0.03484160037800721,0.2580340203523696,-0.833630764868861,0.6665702189598551,4.665991532718985,LOW,False
1492,77,4,9865.847,0.05194805194805195,0.03735940997549508,0.03519892303957677,0.03519892303957677,1.3904944425547918,0.41446273671935296,0.6306069568040767,5.439296609334866,LOW,False
1493,52,3,9362.512,0.057692307692307696,0.035692494515476174,0.03340251640175696,0.03340251640175696,1.6163708498236922,0.6586274193304292,0.5746754719734962,5.6407017846016645,LOW,False
1494,41,4,2806.647,0.0975609756097561,0.03679425733598899,0.03368451406293743,0.03368451406293743,2.651527240212301,1.8039956925080842,0.541004817463479,11.63977388252451,LOW,False
1495,17,0,1552.761,0.0,0.040859297986395496,0.034915460983702684,0.034915460983702684,0.0,-1.1702351003031919,0.4183636342904982,2.9285454400334876,LOW,False
1496,12,0,1019.3,0.0,0.04085929798639549,0.034915460983702684,0.034915460983702684,0.0,-1.1702351003031917,0.3712607321280216,2.598825124896151,LOW,False
1497,8,2,1468.9,0.25,0.04085929798639549,0.034915460983702684,0.034915460983702684,6.11855837766082,5.989916676489653,0.31803481922888616,30.2262437346022,MEDIUM,False
1498,13,1,1029.79,0.07692307692307693,0.047109297986395494,0.054110903492285894,0.054110903492285894,1.6328640037321558,0.5509754414086195,0.3819874078490358,4.335179864740159,LOW,False
1499,28,0,3541.101,0.0,0.0503144261915237,0.0534735994590776,0.0534735994590776,0.0,-0.9409208787231247,0.4873954768329804,3.411768337830863,LOW,False
1500,64,4,12876.322,0.0625,0.04833029920739671,0.0544524477349457,0.0544524477349457,1.2931846279659425,0.26022155811206377,0.6042170265463369,4.999128834234957,LOW,False
1501,108,1,17067.41,0.009259259259259259,0.05093446587406338,0.05352723429608747,0.05352723429608747,0.18178769719806204,-0.7785794869257862,0.679043913423446,13.580878268468922,LOW,False
1502,166,3,32467.533,0.018072289156626505,0.04975776834319919,0.054142283494147805,0.054142283494147805,0.3632053799514221,-0.5852261327322397,0.7407983024292605,14.81596604858521,LOW,False
1503,169,8,31862.807,0.047337278106508875,0.05051078039139196,0.053542515920166414,0.053542515920166414,0.937171782730486,-0.059270697880818235,0.7433754129509443,14.867508259018889,LOW,False
1504,188,7,32305.643,0.03723404255319149,0.05096801546401165,0.05346324830855068,0.05346324830855068,0.7305374206590862,-0.2568862413962903,0.758710821630753,15.174216432615061,LOW,False
1505,196,4,44537.13,0.02040816326530612,0.05188167880168714,0.05301277607084715,0.05301277607084715,0.39335973192607,-0.593696800452768,0.7647114273842626,15.29422854768525,LOW,False
1506,216,12,41348.12,0.05555555555555555,0.05040545379391753,0.05338978212178053,0.05338978212178053,1.1021735025478432,0.09646231089482234,0.7787072381911495,16.340446032931816,LOW,False
1507,222,26,38910.863,0.11711711711711711,0.05210450506193432,0.05285284404795323,0.05285284404795323,2.2477349507092557,1.2300683761917721,0.7826550433732524,27.88696770018162,LOW,False
1508,204,12,39441.953,0.058823529411764705,0.05412490781763119,0.05441562882127709,0.05441562882127709,1.0868107084812981,0.08634691348630161,0.7704731386726122,16.060543087061983,LOW,False
1509,203,16,35313.113,0.07881773399014778,0.05414688970455636,0.05441749355780871,0.05441749355780871,1.4556280964650758,0.4533623780261604,0.769765343208684,18.81251758766175,LOW,False
1510,226,9,38402.625,0.03982300884955752,0.05622323248554683,0.05436636968948747,0.05436636968948747,0.7083016591014173,-0.3016611874152879,0.78522833575215,15.704566715043,LOW,False
1511,212,6,31516.436,0.02830188679245283,0.05582721809344132,0.05445333058251631,0.05445333058251631,0.5069549900387708,-0.5054848070179611,0.77601425104291,15.520285020858202,LOW,False
1512,219,12,30605.549,0.0547945205479452,0.05571590290448378,0.05450904855886078,0.05450904855886078,0.9834628479750541,-0.01690329185517949,0.7806945996260943,15.61389199252189,LOW,False
1513,195,12,34150.848,0.06153846153846154,0.05410492693043009,0.053913190311156725,0.053913190311156725,1.1373910848745759,0.13787970188982054,0.7639748156980716,16.30992945052075,LOW,False
1514,134,7,22330.287,0.05223880597014925,0.05198738155445776,0.0525053116813554,0.0525053116813554,1.0048362584953066,0.004788552008172839,0.7100085232616447,14.236442403947693,LOW,False
1515,126,3,13553.276,0.023809523809523808,0.05358529476617694,0.051875212557372916,0.051875212557372916,0.4443294361525541,-0.5739884135167975,0.7011664534630849,14.0233290692617,LOW,False
1516,99,4,7741.4697,0.04040404040404041,0.054156482837365016,0.051449320769077996,0.051449320769077996,0.7460610122222306,-0.26730075786714924,0.6665702189598551,4.665991532718985,LOW,False
1517,62,4,8362.462,0.06451612903225806,0.053675482356364525,0.05152477234748001,0.05152477234748001,1.201966450975137,0.2103967893887014,0.5996934120163099,4.728015817923904,LOW,False
1518,70,2,14995.656,0.02857142857142857,0.05395980824552913,0.0515667125319332,0.0515667125319332,0.529494627583223,-0.49234047368015854,0.6169968414284669,4.3189778899992675,LOW,False
1519,54,6,8316.0205,0.1111111111111111,0.05108524378559881,0.050949714117047386,0.050949714117047386,2.1750138176385465,1.1781394334738395,0.5800369695028702,7.924030079269324,LOW,False
1520,35,7,8031.611,0.2,0.05571487341522844,0.05115368438486577,0.05115368438486577,3.5897057238100873,2.8206204170790774,0.5186924493521103,18.394038995187216,LOW,False
1521,33,0,3634.43,0.0,0.06404820674856178,0.057570928189045925,0.057570928189045925,0.0,-1.1125095384643857,0.5104191185326289,3.5729338297284023,LOW,False
1522,27,0,2550.0679,0.0,0.05363154008189511,0.04331452586766024,0.04331452586766024,0.0,-1.238188321528825,0.4823162229106479,3.3762135603745356,LOW,False
1523,46,2,5287.244,0.043478260869565216,0.050426411876766906,0.04434974905859362,0.04434974905859362,0.862212068068977,-0.15666720003357837,0.5572853176432578,3.900997223502805,LOW,False
1524,106,1,12247.866,0.009433962264150943,0.05223800607966545,0.04306990999384671,0.04306990999384671,0.18059575723016114,-0.9938271016036443,0.676363394522604,13.52726789045208,LOW,False
1525,161,3,20134.947,0.018633540372670808,0.05002692117400508,0.04387479147028056,0.04387479147028056,0.37247026071940526,-0.7155220514859698,0.7363984535193844,14.727969070387688,LOW,False
1526,228,4,31675.475,0.017543859649122806,0.050417516220397224,0.043536500959474804,0.043536500959474804,0.34797151792307357,-0.7550826512648384,0.7864980270862671,15.729960541725344,LOW,False
1527,269,9,34163.406,0.03345724907063197,0.05039549832425124,0.04355370049217266,0.04355370049217266,0.663893605245525,-0.3889049394703756,0.8103373383232568,16.206746766465137,LOW,False
1528,259,7,39680.957,0.02702702702702703,0.0498171637810897,0.04368802208124907,0.04368802208124907,0.5425244027498476,-0.5216564098891584,0.8048746566695612,16.097493133391225,LOW,False
1529,273,5,46169.617,0.018315018315018316,0.049391871467499515,0.043865163812942365,0.043865163812942365,0.37081037366785813,-0.708463173305465,0.8124659632143479,16.24931926428696,LOW,False
1530,253,13,33649.67,0.05138339920948617,0.04930465709457085,0.04392733259457966,0.04392733259457966,1.0421611717312647,0.04732229325419631,0.801495268524697,16.346114158478425,LOW,False
1531,298,16,39797.875,0.053691275167785234,0.04913081724681797,0.043909771505503764,0.043909771505503764,1.0928227572127884,0.10385975067976942,0.8251043430370099,17.198257539836113,LOW,False
1532,246,9,37035.4,0.036585365853658534,0.04648807383226247,0.041481586986212335,0.041481586986212335,0.7869839044238587,-0.23872538873441373,0.7974502660194367,15.949005320388734,LOW,False
1533,273,14,36336.73,0.05128205128205128,0.04556148368400805,0.041442417805634395,0.041442417805634395,1.1255570963781218,0.13803653119064585,0.8124659632143479,17.190997487122875,LOW,False
1534,272,11,35822.69,0.04044117647058824,0.044414163571170694,0.040858747304050064,0.040858747304050064,0.9105468440441074,-0.09723712455052776,0.8119367345298883,16.238734690597767,LOW,False
1535,237,12,34347.64,0.05063291139240506,0.0444399205553803,0.04085592199189678,0.04085592199189678,1.1393564785811703,0.15158122825506323,0.7920777113200527,16.886727815759834,LOW,False
1536,249,9,32593.562,0.03614457831325301,0.04537037991371165,0.04072649239934342,0.04072649239934342,0.7966558442313053,-0.22653071887446352,0.7991976983165583,15.983953966331166,LOW,False
1537,227,20,27543.686,0.0881057268722467,0.04459329898726614,0.04071678090473915,0.04071678090473915,1.9757615801738682,1.068660805646254,0.7858645736290825,23.89376339446384,LOW,False
1538,163,3,22329.096,0.018404907975460124,0.04570026837617386,0.04155011504390076,0.04155011504390076,0.4027308510305302,-0.6569262292504888,0.7381744743775209,14.76348948755042,LOW,False
1539,139,3,12350.601,0.02158273381294964,0.044290522626395136,0.04189119675880472,0.04189119675880472,0.48729914512427347,-0.5420658890264995,0.7152725173289632,14.305450346579265,LOW,False
1540,96,4,10168.474,0.041666666666666664,0.044197739709871224,0.04194096791793327,0.04194096791793327,0.9427329754910687,-0.06034846520846064,0.6621614349665509,4.635130044765857,LOW,False
1541,88,8,7629.19,0.09090909090909091,0.04425034913748065,0.041936794012886615,0.041936794012886615,2.0544265227523293,1.1125967749769488,0.6497026617837264,7.808399145235099,LOW,False
1542,67,1,10153.432,0.014925373134328358,0.04535005588234869,0.042827911332090705,0.042827911332090705,0.3291147683047876,-0.7103938016520382,0.610747933594241,4.275235535159687,LOW,False
1543,35,5,3811.977,0.14285714285714285,0.044781470239136166,0.043149724057391474,0.043149724057391474,3.1900949677238324,2.2729154070037785,0.5186924493521103,14.948851341381362,LOW,False
1544,26,3,3175.8599,0.11538461538461539,0.04610422156188749,0.045683644670643314,0.045683644670643314,2.502690891976782,1.5165251004425235,0.47705222884332926,9.543726507778397,LOW,False
1545,11,0,1457.72,0.0,0.04257858053624647,0.03539739173319929,0.03539739173319929,0.0,-1.2028733884455085,0.35967503973766723,2.5177252781636708,LOW,False
1546,31,0,5202.27,0.0,0.04257858053624647,0.03539739173319929,0.03539739173319929,0.0,-1.2028733884455085,0.5016440753080604,3.5115085271564226,LOW,False
1547,53,5,7152.687,0.09433962264150944,0.04257858053624647,0.03539739173319929,0.03539739173319929,2.2156591754203645,1.462284071532767,0.5773810439049414,9.255265455768901,LOW,False
1548,72,4,8450.052,0.05555555555555555,0.04469780394341081,0.036942400713840584,0.036942400713840584,1.2429146547309369,0.29391028742961073,0.6210177634316978,4.984775312690593,LOW,False
1549,131,3,19683.332,0.022900763358778626,0.04661953699721933,0.036220797035449365,0.036220797035449365,0.4912267438465673,-0.6548385342052825,0.7067557148222219,14.135114296444437,LOW,False
1550,233,10,28156.326,0.04291845493562232,0.046797337954973824,0.03608767504336847,0.03608767504336847,0.917113169490889,-0.10748497969708626,0.7896243664185199,15.792487328370397,LOW,False
1551,283,9,45724.402,0.03180212014134275,0.04785461275857797,0.03556122613126813,0.03556122613126813,0.6645570470245254,-0.4514043626611807,0.817654471551691,16.353089431033823,LOW,False
1552,308,42,53056.14,0.13636363636363635,0.047785649053190916,0.03559195242778593,0.03559195242778593,2.853652489094539,2.4887082969152985,0.82986608441558,49.108569067961874,MEDIUM,True
1553,282,33,43114.51,0.11702127659574468,0.05234134110888298,0.03959201627375751,0.03959201627375751,2.2357332486439616,1.6336610653934551,0.8171439105851144,33.53164089395019,MEDIUM,False
1554,313,25,43922.305,0.07987220447284345,0.05645410187057991,0.04100524170947959,0.04100524170947959,1.4148166710002603,0.5711002209956425,0.8321894711217582,19.75491445493712,LOW,False
1555,305,11,48843.543,0.036065573770491806,0.057641135423219796,0.04126360899741527,0.04126360899741527,0.6256915917024662,-0.5228714156844466,0.828453937761515,16.5690787552303,LOW,False
1556,297,12,51969.152,0.04040404040404041,0.05690673119833257,0.04149317592260964,0.04149317592260964,0.7100045909019685,-0.39772059928774556,0.824619438449672,16.49238876899344,LOW,False
1557,307,11,41131.902,0.035830618892508145,0.05706584263793182,0.041419118262874574,0.041419118262874574,0.6278820610753838,-0.5126913521106401,0.8293968979952026,16.587937959904053,LOW,False
1558,286,7,48211.453,0.024475524475524476,0.05642203295503418,0.04163246639122791,0.04163246639122791,0.43379373612840866,-0.7673460462155308,0.8191754370417206,16.38350874083441,LOW,False
1559,315,6,38668.773,0.01904761904761905,0.055756797455239863,0.04202463182538207,0.04202463182538207,0.3416196753931212,-0.8735157647579718,0.8331084829960353,16.662169659920707,LOW,False
1560,281,13,39995.848,0.046263345195729534,0.05444074360754045,0.04268150208575323,0.04268150208575323,0.849792676037616,-0.19159115804737503,0.8166315423193131,16.332630846386266,LOW,False
1561,195,13,20343.72,0.06666666666666667,0.0548623588943103,0.04254266309826157,0.04254266309826157,1.215162235278596,0.277469883469489,0.7639748156980716,16.893213078550904,LOW,False
1562,160,7,22487.75,0.04375,0.0539690647190778,0.042036354349117046,0.042036354349117046,0.8106495865312742,-0.24310064174945398,0.735502203696412,14.710044073928238,LOW,False
1563,126,13,12313.063,0.10317460317460317,0.055025110220100294,0.041417871310019526,0.041417871310019526,1.8750458247499193,1.1625293968899575,0.7011664534630849,22.617790216010565,LOW,False
1564,93,8,8910.479,0.08602150537634409,0.05842477144350253,0.041899319225678015,0.041899319225678015,1.4723464594042606,0.6586439694688141,0.6576141327048699,5.843208384870274,LOW,False
1565,86,9,15955.466,0.10465116279069768,0.06027288972307241,0.042105710934593275,0.042105710934593275,1.7362891222160417,1.0539727766754057,0.6464128864474235,6.693780048903973,LOW,False
1566,53,15,7755.182,0.2830188679245283,0.0608454760514727,0.042630605621938246,0.042630605621938246,4.651436496036391,5.21159361054731,0.5773810439049414,31.126688109430116,MEDIUM,False
1567,22,4,2345.412,0.18181818181818182,0.0720160383343977,0.061168719429986196,0.061168719429986196,2.5246901387984058,1.795070168331116,0.4538436109089882,10.657648877157365,LOW,False
1568,21,5,2631.751,0.23809523809523808,0.07363941495777432,0.06359924856951492,0.06359924856951492,3.2332581435059553,2.585813933913246,0.4474094901461668,15.93210501859675,LOW,False
1569,12,1,2130.44,0.08333333333333333,0.07875235757071693,0.07153823096510535,0.07153823096510535,1.0581693793548066,0.06403535145915046,0.3712607321280216,2.7515197457025184,LOW,False
1570,9,1,460.36902,0.1111111111111111,0.08222457979293915,0.06954423832144394,0.06954423832144394,1.351312604952376,0.415369152289138,0.33328510947992757,3.25519135435948,LOW,False
1571,13,0,1248.693,0.0,0.08685420942256879,0.06750084437559295,0.06750084437559295,0.0,-1.2867129326455309,0.3819874078490358,2.673911854943251,LOW,False
1572,31,1,4417.017,0.03225806451612903,0.0829233918125059,0.06975521243916805,0.06975521243916805,0.3890104325335147,-0.7263303418445032,0.5016440753080604,3.5115085271564226,LOW,False
1573,64,7,8523.128,0.109375,0.08195266301919645,0.07031250851030443,0.07031250851030443,1.3346119085157757,0.3900065231890391,0.6042170265463369,5.107875445678269,LOW,False
1574,138,8,14973.929,0.057971014492753624,0.08555575621258067,0.06936413263032151,0.06936413263032151,0.677581697118226,-0.39768019398210974,0.714234922319791,14.284698446395822,LOW,False
1575,183,3,21540.236,0.01639344262295082,0.08618294619412782,0.06902908785080443,0.06902908785080443,0.19021678124143554,-1.0110158738011443,0.7548300560938245,15.09660112187649,LOW,False
1576,187,4,23123.057,0.0213903743315508,0.08554091796419482,0.06962594221028197,0.06962594221028197,0.2500601447894708,-0.9213597919996351,0.7579429477664821,15.158858955329643,LOW,False
1577,225,13,32011.758,0.057777777777777775,0.08075036537952458,0.06993174005527854,0.06993174005527854,0.7155110383243933,-0.32850015720455117,0.7845892888688628,15.691785777377257,LOW,False
1578,198,13,26801.041,0.06565656565656566,0.0782818862621093,0.06964076441956417,0.06964076441956417,0.8387197701998316,-0.18129210256050562,0.7661734992494772,15.323469984989547,LOW,False
1579,229,7,32901.453,0.03056768558951965,0.07768956797809773,0.06968708913272992,0.06968708913272992,0.3934593328944409,-0.6761924335629389,0.7871287203889158,15.742574407778317,LOW,False
1580,224,12,30004.023,0.05357142857142857,0.07746048930389056,0.06983873799483342,0.06983873799483342,0.6915968263672958,-0.34206031521115504,0.783947408065517,15.678948161310341,LOW,False
1581,215,4,22504.215,0.018604651162790697,0.07800913047753172,0.06958623586871775,0.06958623586871775,0.23849325135279173,-0.8536814583104372,0.7780386740281655,15.560773480563311,LOW,False
1582,231,12,24295.432,0.05194805194805195,0.07729138182212683,0.07012694034287373,0.07012694034287373,0.6721066530755226,-0.361392208902356,0.7883819220178166,15.767638440356336,LOW,False
1583,213,10,20211.941,0.046948356807511735,0.07843607046681549,0.06944827309156987,0.06944827309156987,0.5985556967361657,-0.4533980797159081,0.776692209584216,15.53384419168432,LOW,False
1584,172,11,18732.357,0.06395348837209303,0.079598601206811,0.06863973152198519,0.06863973152198519,0.8034499024163847,-0.22793085706791955,0.7459074405024058,14.918148810048116,LOW,False
1585,174,12,18699.781,0.06896551724137931,0.08033569050582615,0.06836061163942929,0.06836061163942929,0.8584667263970023,-0.16632638286531518,0.7475711816240547,14.951423632481095,LOW,False
1586,142,9,14266.214,0.06338028169014084,0.08043147594643918,0.06834223424489076,0.06834223424489076,0.7880034643694336,-0.24949717322964277,0.7183414072125762,14.366828144251526,LOW,False
1587,103,6,10331.961,0.05825242718446602,0.08124940435019505,0.06800075413885198,0.06800075413885198,0.7169582060366967,-0.3381870900838994,0.6722471773128578,13.444943546257157,LOW,False
1588,60,2,7494.82,0.03333333333333333,0.07937764701727267,0.06798926454974842,0.06798926454974842,0.41993350251463063,-0.6772291771188119,0.5950238495193444,4.165166946635411,LOW,False
1589,42,1,7500.342,0.023809523809523808,0.07718230651548055,0.06861318533857784,0.06861318533857784,0.3084842224136992,-0.7778793892541794,0.5444107130498506,3.810874991348954,LOW,False
1590,32,0,3750.495,0.0,0.07381390489126498,0.06918799230254107,0.06918799230254107,0.0,-1.0668600494793374,0.5060980846989978,3.542686592892984,LOW,False
1591,16,2,682.771,0.125,0.06202145206107629,0.05455144750049912,0.05455144750049912,2.0154316909076058,1.1544798685378146,0.41009030347101677,6.211989737782521,LOW,False
1592,11,0,494.82098,0.0,0.059654027818652054,0.0501845801972231,0.0501845801972231,0.0,-1.1886923749130602,0.35967503973766723,2.5177252781636708,LOW,False
1593,10,1,4052.9429,0.1,0.04973339289801713,0.03443999169107872,0.03443999169107872,2.0107214523863104,1.4595417894657583,0.34708067508455476,7.09320386701864,LOW,False
1594,11,0,542.908,0.0,0.05042783734246157,0.0353041451901038,0.0353041451901038,0.0,-1.4283829015239018,0.35967503973766723,2.5177252781636708,LOW,False
1595,10,0,548.85,0.0,0.04579820771283194,0.0342706016278284,0.0342706016278284,0.0,-1.3363701113330588,0.34708067508455476,2.429564725591883,LOW,False
1596,27,0,2739.801,0.0,0.04579820771283194,0.0342706016278284,0.0342706016278284,0.0,-1.3363701113330588,0.4823162229106479,3.3762135603745356,LOW,False
1597,51,1,4983.922,0.0196078431372549,0.044454121691326565,0.03543744510909928,0.03543744510909928,0.44108043059324653,-0.7011306395700596,0.5719183622512457,4.0034285357587205,LOW,False
1598,98,0,11069.316,0.0,0.04071382348871219,0.03293640053651437,0.03293640053651437,0.0,-1.2361345752877737,0.6651154943134409,4.655808460194086,LOW,False
1599,111,1,11475.451,0.009009009009009009,0.03829836455151412,0.03373188868222104,0.03373188868222104,0.23523221198887562,-0.8682987133757074,0.682973853033872,13.65947706067744,LOW,False
1600,167,4,19375.717,0.023952095808383235,0.037990679817599876,0.03397319652538857,0.03397319652538857,0.6304729455587944,-0.41322529067070396,0.7416624475867031,14.833248951734063,LOW,False
1601,186,4,18802.38,0.021505376344086023,0.0380974182124679,0.033922760189575074,0.033922760189575074,0.564483824708313,-0.4891123769309561,0.7571709785555715,15.14341957111143,LOW,False
1602,178,6,17263.275,0.033707865168539325,0.03658606815273074,0.03381567243987121,0.03381567243987121,0.921330628583094,-0.08511446842611935,0.7508423690723203,15.016847381446407,LOW,False
1603,224,10,21309.725,0.044642857142857144,0.035254872299062975,0.03324556420792384,0.03324556420792384,1.2662890043724166,0.2823830807947789,0.783947408065517,17.676115694103466,LOW,False
1604,180,3,17438.28,0.016666666666666666,0.035841337780452044,0.033283409724528853,0.033283409724528853,0.4650124046362106,-0.576102967589112,0.7524506509957629,15.049013019915257,LOW,False
1605,219,5,20472.887,0.0228310502283105,0.03430363936775362,0.03328116509088392,0.03328116509088392,0.6655576681980957,-0.34471717285479264,0.7806945996260943,15.61389199252189,LOW,False
1606,193,4,18823.459,0.02072538860103627,0.03447973932881695,0.03320558141124016,0.03320558141124016,0.6010889004521772,-0.41421803634267346,0.762490250028163,15.24980500056326,LOW,False
1607,167,3,19087.68,0.017964071856287425,0.0331787950226913,0.03310291325667875,0.03310291325667875,0.5414323167553741,-0.45961885736247676,0.7416624475867031,14.833248951734063,LOW,False
1608,181,5,17809.008,0.027624309392265192,0.031971116483056956,0.03310743328474191,0.03310743328474191,0.8640395591722502,-0.13129399230096947,0.7532481399770573,15.06496279954115,LOW,False
1609,174,3,17738.035,0.017241379310344827,0.030457400692230793,0.032404629136919744,0.032404629136919744,0.5660817705544661,-0.4078436240095241,0.7475711816240547,14.951423632481095,LOW,False
1610,114,1,17882.271,0.008771929824561403,0.02830222827843769,0.03143778777504215,0.03143778777504215,0.3099377808087421,-0.6212364112140553,0.6867999053273037,13.735998106546074,LOW,False
1611,95,7,7586.034,0.07368421052631578,0.026026880284038545,0.03075739799801156,0.03075739799801156,2.8310811638651887,1.5494591007132086,0.6606614849225034,11.83510201522393,LOW,False
1612,104,12,7567.495,0.11538461538461539,0.02666987125661562,0.031609860859903256,0.031609860859903256,4.32640316386955,2.8065528197415572,0.6736322968201822,61.00257991219473,HIGH,True
1613,82,16,6419.97,0.1951219512195122,0.030088674675419036,0.036431354673908525,0.036431354673908525,6.484896836580084,4.52997913531574,0.6396001521180903,30.420859781832995,MEDIUM,False
1614,24,0,2441.026,0.0,0.03722669248416855,0.04956345355515428,0.04956345355515428,0.0,-0.7510915768357957,0.46591258883663084,3.2613881218564154,LOW,False
1615,27,0,1844.874,0.0,0.03722669248416855,0.04956345355515428,0.04956345355515428,0.0,-0.7510915768357957,0.4823162229106479,3.3762135603745356,LOW,False
1616,10,0,1476.0609,0.0,0.03201835915083522,0.04640603306242767,0.04640603306242767,0.0,-0.6899611330225652,0.34708067508455476,2.429564725591883,LOW,False
1617,12,2,730.497,0.16666666666666666,0.03201835915083522,0.04640603306242767,0.04640603306242767,5.205346903678511,2.9015259144149623,0.3712607321280216,21.41800100046161,LOW,False
1618,14,0,2867.5698,0.0,0.034796136928613,0.052276204514741936,0.052276204514741936,0.0,-0.6656209503274182,0.3919737040327585,2.7438159282293095,LOW,False
1619,35,1,3850.019,0.02857142857142857,0.034796136928613,0.052276204514741936,0.052276204514741936,0.8211092119232976,-0.11907345636443543,0.5186924493521103,3.630847145464772,LOW,False
1620,50,2,5240.1157,0.04,0.03598661311908919,0.05177224289397742,0.05177224289397742,1.111524440147492,0.07752005044729636,0.5691077130854598,4.2765056469853855,LOW,False
1621,84,1,10532.301,0.011904761904761904,0.037653279785755854,0.051204110896483225,0.051204110896483225,0.3161679931336406,-0.5028603647283014,0.6430465978893322,4.5013261852253255,LOW,False
1622,152,5,19951.727,0.03289473684210526,0.037332318067735314,0.051346088444699796,0.051346088444699796,0.8811329846279956,-0.08642491297870465,0.7281251226999029,14.562502453998057,LOW,False
1623,202,3,29760.951,0.01485148514851485,0.03870293210282303,0.05074170848264112,0.05074170848264112,0.3837302328686247,-0.4700560479249103,0.7690540696204041,15.381081392408083,LOW,False
1624,212,5,36725.98,0.02358490566037736,0.03894636860863578,0.05060689191554791,0.05060689191554791,0.6055739341805478,-0.30354488028811216,0.77601425104291,15.520285020858202,LOW,False
1625,217,5,31385.936,0.02304147465437788,0.03893106901913553,0.05061167738787879,0.05061167738787879,0.5918531197551359,-0.31395115089710735,0.7793727284850581,15.587454569701165,LOW,False
1626,257,18,34926.15,0.07003891050583658,0.03899507311539769,0.05058964903219945,0.05058964903219945,1.7960964016805714,0.6136401019639415,0.8037569377259057,22.0458617671224,LOW,False
1627,233,6,28330.844,0.02575107296137339,0.04050886667111841,0.050966722784224705,0.050966722784224705,0.6356897903473839,-0.28955743872770395,0.7896243664185199,15.792487328370397,LOW,False
1628,232,9,36604.965,0.03879310344827586,0.03972170899688992,0.05104592514777975,0.05104592514777975,0.9766222156079245,-0.018191570549964765,0.7890044773171113,15.780089546342227,LOW,False
1629,227,5,30122.842,0.022026431718061675,0.040643643862790305,0.05081069602576516,0.05081069602576516,0.5419403779941865,-0.3664034071741152,0.7858645736290825,15.717291472581651,LOW,False
1630,235,4,32660.725,0.01702127659574468,0.04061011809152994,0.05082322398998012,0.05082322398998012,0.419138810613181,-0.4641350871490528,0.7908562366961261,15.817124733922524,LOW,False
1631,250,10,34106.79,0.04,0.04045578009130946,0.050891812579698464,0.050891812579698464,0.9887338696650825,-0.008955862803976325,0.7997755189799128,15.995510379598258,LOW,False
1632,217,2,35274.746,0.009216589861751152,0.041373943763964145,0.050666668454900254,0.050666668454900254,0.2227631456728235,-0.6346845940904345,0.7793727284850581,15.587454569701165,LOW,False
1633,197,5,23999.586,0.025380710659898477,0.04060695545019273,0.05102194079711783,0.05102194079711783,0.6250335780782603,-0.2984254333021053,0.7654443093750529,15.30888618750106,LOW,False
1634,192,13,22024.959,0.06770833333333333,0.04094609425642413,0.050886750731897086,0.050886750731897086,1.6535968707860436,0.5259176247646318,0.7617422179553044,20.136820890001417,LOW,False
1635,130,0,16411.525,0.0,0.04340177773595629,0.05068827307660577,0.05068827307660577,0.0,-0.8562488935135487,0.7056549955713393,14.113099911426785,LOW,False
1636,96,3,12811.966,0.03125,0.0403316022973598,0.05100485431024115,0.05100485431024115,0.7748266426311979,-0.17805368567705768,0.6621614349665509,4.635130044765857,LOW,False
1637,49,0,3924.018,0.0,0.03682599332300083,0.04844942069823297,0.04844942069823297,0.0,-0.7600915097080599,0.566241403898243,3.9636898272877006,LOW,False
1638,41,3,5503.682,0.07317073170731707,0.028695912022187815,0.035325291216211925,0.035325291216211925,2.549866045405391,1.2590078709589891,0.541004817463479,8.988591526879082,LOW,False
1639,23,3,2525.096,0.13043478260869565,0.0317446925099927,0.035893941179939534,0.035893941179939534,4.108868988654937,2.7494916092930755,0.46000385479927935,19.034833869471367,LOW,False
1640,19,0,1776.12,0.0,0.03717947511868835,0.040462408212363916,0.040462408212363916,0.0,-0.9188646143737826,0.4336139245415396,3.0352974717907775,LOW,False
1641,13,0,1728.191,0.0,0.03717947511868835,0.040462408212363916,0.040462408212363916,0.0,-0.9188646143737826,0.3819874078490358,2.673911854943251,LOW,False
1642,12,0,1105.218,0.0,0.030235030674243907,0.030298315485979246,0.030298315485979246,0.0,-0.9979112762303691,0.3712607321280216,2.598825124896151,LOW,False
1643,30,1,3202.91,0.03333333333333333,0.030235030674243907,0.030298315485979246,0.030298315485979246,1.1024739380115383,0.10225989826144583,0.49704864540372573,3.748334605106368,LOW,False
1644,46,2,6397.31,0.043478260869565216,0.030433443372656604,0.030302539192400176,0.030302539192400176,1.4286342934374927,0.43048595413351465,0.5572853176432578,5.026162243776223,LOW,False
1645,103,4,11517.46,0.038834951456310676,0.030578370908888486,0.030358548281658453,0.030358548281658453,1.270013748345965,0.2719688856930791,0.6722471773128578,15.470046658851894,LOW,False
1646,154,2,33017.71,0.012987012987012988,0.03170046214020302,0.03013520457238528,0.03013520457238528,0.4096789797440415,-0.6209829804951218,0.7300049398220412,14.600098796440825,LOW,False
1647,134,1,20670.637,0.007462686567164179,0.030870973646240838,0.030373942218486785,0.030373942218486785,0.24173797213787945,-0.77067003389601,0.7100085232616447,14.200170465232894,LOW,False
1648,212,12,36459.277,0.05660377358490566,0.03056310703868456,0.030580119674041385,0.030580119674041385,1.8520294259762502,0.8515554165187359,0.77601425104291,21.910505715680078,LOW,False
1649,199,12,35590.027,0.06030150753768844,0.031938893202206574,0.030992495347913047,0.030992495347913047,1.8880274640676142,0.91514458636167,0.7668990340214671,21.998186660936447,LOW,False
1650,220,2,49133.277,0.00909090909090909,0.03349139457234451,0.03145716704435938,0.03145716704435938,0.27144014774517333,-0.7756733289754616,0.7813510355990383,15.627020711980766,LOW,False
1651,201,13,32477.312,0.06467661691542288,0.030951894513389203,0.03083237468617465,0.03083237468617465,2.089585078142632,1.0938087884990568,0.7683392835557189,24.71128361342233,LOW,False
1652,230,8,34020.38,0.034782608695652174,0.03257379217814126,0.0315620766313951,0.0315620766313951,1.0678096214721093,0.06998324423665396,0.7877566774864215,16.26370571076925,LOW,False
1653,200,6,27187.686,0.03,0.03240668823011528,0.03153832488301082,0.03153832488301082,0.9257348293961504,-0.07630995745787761,0.7676209501511251,15.352419003022503,LOW,False
1654,220,6,39142.535,0.02727272727272727,0.03273892024186271,0.03146613769017738,0.03146613769017738,0.8330368586149671,-0.1737166799102195,0.7813510355990383,15.627020711980766,LOW,False
1655,220,13,41091.504,0.05909090909090909,0.033166064020070316,0.03131270473269584,0.03131270473269584,1.7816678233253862,0.8279337506021569,0.7813510355990383,21.489529386921163,LOW,False
1656,211,6,35728.21,0.02843601895734597,0.033961518565524866,0.03173352016478777,0.03173352016478777,0.8373011619748959,-0.1741218616619191,0.7753331020967204,15.506662041934408,LOW,False
1657,181,6,24337.875,0.03314917127071823,0.03476232811117464,0.0313217548332661,0.0313217548332661,0.9535946834372739,-0.05150276059063952,0.7532481399770573,15.06496279954115,LOW,False
1658,165,7,22161.207,0.04242424242424243,0.0350860139699588,0.031260668775257204,0.031260668775257204,1.2091496760095557,0.2347431690294428,0.7399289671797024,16.367201913665717,LOW,False
1659,130,6,13608.802,0.046153846153846156,0.03403251018208001,0.030531005959737633,0.030531005959737633,1.3561693188928712,0.3970172482279489,0.7056549955713393,16.78436980312332,LOW,False
1660,101,2,9094.15,0.019801980198019802,0.03595558710515694,0.029737424169180605,0.029737424169180605,0.5507344419131929,-0.5432080066934137,0.6694365281470719,13.38873056294144,LOW,False
1661,48,6,4974.051,0.125,0.035478586280074435,0.029907514588800053,0.029907514588800053,3.5232519980708132,2.9932749327638906,0.5633171855748474,19.287334624801836,LOW,False
1662,20,0,2918.65,0.0,0.040686919613407764,0.03405678035507526,0.03405678035507526,0.0,-1.1946789799037612,0.44067600240186683,3.084732016813068,LOW,False
1663,21,1,2574.947,0.047619047619047616,0.03763813912560288,0.03429667527802593,0.03429667527802593,1.2651807109840705,0.2910167942675061,0.4474094901461668,3.827965797356353,LOW,False
1664,13,0,1611.69,0.0,0.03418748350103422,0.028173883542393176,0.028173883542393176,0.0,-1.2134459010449303,0.3819874078490358,2.673911854943251,LOW,False
1665,9,0,666.18,0.0,0.03418748350103421,0.028173883542393176,0.028173883542393176,0.0,-1.21344590104493,0.33328510947992757,2.3329957663594927,LOW,False
1666,10,1,1116.67,0.1,0.03418748350103421,0.028173883542393176,0.028173883542393176,2.925047115473559,2.335940531589756,0.34708067508455476,13.327553229415157,LOW,False
1667,21,0,1297.678,0.0,0.03835415016770088,0.03021840358623556,0.03021840358623556,0.0,-1.2692315151013185,0.4474094901461668,3.131866431023168,LOW,False
1668,43,0,4917.75,0.0,0.036965261278811994,0.031208993957999354,0.031208993957999354,0.0,-1.1844425785899841,0.5477383052077789,3.8341681364544518,LOW,False
1669,81,5,13264.638,0.06172839506172839,0.03515366707591344,0.03206466048838788,0.03206466048838788,1.7559589139997118,0.8287855720611452,0.6378456593159089,6.449311764460605,LOW,False
1670,128,3,18080.953,0.0234375,0.036107560559472514,0.03251628542316554,0.03251628542316554,0.6491022832017759,-0.3896527661319517,0.7034281226642937,14.068562453285875,LOW,False
1671,184,4,26226.795,0.021739130434782608,0.03654299751834698,0.03226218879460053,0.03226218879460053,0.5948918236351066,-0.45886121297641086,0.7556145777105949,15.112291554211899,LOW,False
1672,199,9,31538.066,0.04522613065326633,0.03713784934616441,0.031831431431639794,0.031831431431639794,1.2177907835133506,0.25409731649901035,0.7668990340214671,16.97141155677947,LOW,False
1673,236,6,37209.938,0.025423728813559324,0.03666378089067943,0.03161289288932053,0.03161289288932053,0.6934289971174925,-0.35555278400089807,0.7914682624872543,15.829365249745086,LOW,False
1674,226,7,40704.82,0.030973451327433628,0.03521054011050739,0.031278924538404695,0.031278924538404695,0.8796641923192382,-0.13546145993195544,0.78522833575215,15.704566715043,LOW,False
1675,225,7,39858.363,0.03111111111111111,0.03612231270369591,0.030799704728184513,0.030799704728184513,0.8612712969490441,-0.16270291020027533,0.7845892888688628,15.691785777377257,LOW,False
1676,196,13,29671.357,0.0663265306122449,0.03472374996184959,0.030203024645147302,0.030203024645147302,1.910120038449671,1.046344894979679,0.7647114273842626,22.699440023303772,LOW,False
1677,209,16,36829.4,0.07655502392344497,0.03603808004170762,0.03088435315293406,0.03088435315293406,2.1242814221747177,1.3118922608190737,0.7739611118817943,27.809986164184693,LOW,False
1678,231,5,29035.543,0.021645021645021644,0.0379778727051845,0.03193284559522802,0.03193284559522802,0.5699377059122852,-0.5114749642795254,0.7883819220178166,15.767638440356336,LOW,False
1679,242,8,28011.773,0.03305785123966942,0.03774338497069676,0.03203537087052637,0.03203537087052637,0.8758581474696799,-0.1462612607159852,0.7950870480722153,15.901740961444307,LOW,False
1680,199,8,20990.592,0.04020100502512563,0.0366586742268951,0.03172030881436946,0.03172030881436946,1.0966300847735417,0.11167390642255767,0.7668990340214671,16.062706316230905,LOW,False
1681,171,2,16981.395,0.011695906432748537,0.03714888197971926,0.031678591426632034,0.031678591426632034,0.31483871948377073,-0.8034756092587036,0.7450683431730747,14.901366863461494,LOW,False
1682,155,17,15876.62,0.10967741935483871,0.03625499594480385,0.032096283182103634,0.032096283182103634,3.025167056198718,2.287567784514501,0.7309357718656888,45.902065665235426,MEDIUM,True
1683,140,9,19817.033,0.06428571428571428,0.039057211650245366,0.03542185324803083,0.03542185324803083,1.6459371155675018,0.7122298898031659,0.7163027272577009,19.17058291191028,LOW,False
1684,76,3,6967.485,0.039473684210526314,0.03981270615573987,0.03577143225626083,0.03577143225626083,0.9914845792223376,-0.009477449568830681,0.6287392678719785,4.40117487510385,LOW,False
1685,53,7,3524.699,0.1320754716981132,0.04063236048959431,0.03551745143334112,0.03551745143334112,3.2504996044208876,2.574596642445999,0.5773810439049414,16.838089079640667,LOW,False
1686,35,4,3610.988,0.11428571428571428,0.04092717181034902,0.03626959036290273,0.03626959036290273,2.792416608098376,2.0225908741003553,0.5186924493521103,12.809775815912062,LOW,False
1687,23,2,2209.895,0.08695652173913043,0.04568907657225379,0.038117859520505566,0.038117859520505566,1.903223445578186,1.0826275579476532,0.46000385479927935,5.9524840942586765,LOW,False
1688,12,3,1059.03,0.25,0.0473281379939239,0.039039076653972174,0.039039076653972174,5.2822699264462,5.191512693870399,0.3712607321280216,30.59882512489615,MEDIUM,False
1689,7,1,2718.8,0.14285714285714285,0.057744804660590565,0.055671748738261105,0.055671748738261105,2.473939321412917,1.5288245856386717,0.3009864451848362,8.289603397171948,LOW,False
1690,19,3,3108.382,0.15789473684210525,0.06369718561297151,0.05685382113508668,0.05685382113508668,2.4788338028226953,1.6568376469422705,0.4336139245415396,9.790900909572786,LOW,False
1691,17,3,2162.629,0.17647058823529413,0.0661094663147259,0.0596219380600794,0.0596219380600794,2.6693694272946393,1.8510153395107742,0.4183636342904982,11.033832297041553,LOW,False
1692,53,0,5278.958,0.0,0.0734624074911965,0.06195067262693976,0.06195067262693976,0.0,-1.1858209826643715,0.5773810439049414,4.041667307334589,LOW,False
1693,96,2,10914.876,0.020833333333333332,0.0734624074911965,0.06195067262693976,0.06195067262693976,0.28359175862606917,-0.849531924774889,0.6621614349665509,4.635130044765857,LOW,False
1694,114,0,25136.838,0.0,0.0717584465858467,0.06284342970327059,0.06284342970327059,0.0,-1.1418607629257405,0.6867999053273037,13.735998106546074,LOW,False
1695,167,5,33698.2,0.029940119760479042,0.0707818840858467,0.06380176353766671,0.06380176353766671,0.4229912801440357,-0.6401353514508397,0.7416624475867031,14.833248951734063,LOW,False
1696,196,5,27973.059,0.025510204081632654,0.0711235919744174,0.06354914270507818,0.06354914270507818,0.358674293205108,-0.7177655897652228,0.7647114273842626,15.29422854768525,LOW,False
1697,187,4,23200.697,0.0213903743315508,0.07030209503393266,0.06402413181778269,0.06402413181778269,0.3042636826288936,-0.7639575783954111,0.7579429477664821,15.158858955329643,LOW,False
1698,185,14,29859.518,0.07567567567567568,0.0701340385971823,0.06415221989508682,0.06415221989508682,1.0790149432335132,0.0863826238212186,0.7563948700797809,15.720509475846969,LOW,False
1699,183,9,27527.94,0.04918032786885246,0.07199663127835905,0.06361246952276525,0.06361246952276525,0.683092069665143,-0.3586765862209017,0.7548300560938245,15.09660112187649,LOW,False
1700,206,10,30286.656,0.04854368932038835,0.07274951530993161,0.06321320663100918,0.06321320663100918,0.6672716527880601,-0.38292355790204624,0.7718784301378744,15.43756860275749,LOW,False
1701,203,12,30976.564,0.059113300492610835,0.07200856358943758,0.06339572382430582,0.06339572382430582,0.8209204231548057,-0.20340903642908992,0.769765343208684,15.39530686417368,LOW,False
1702,213,17,29530.94,0.07981220657276995,0.07128182511315283,0.0634412947805785,0.0634412947805785,1.1196711987393138,0.13446102399266543,0.776692209584216,16.431378182229174,LOW,False
1703,203,5,22602.674,0.024630541871921183,0.07370545781847566,0.06256764359530138,0.06256764359530138,0.33417527820778387,-0.7843497553460659,0.769765343208684,15.39530686417368,LOW,False
1704,171,2,21769.184,0.011695906432748537,0.07335431992815283,0.06282878421050775,0.06282878421050775,0.159444003355278,-0.9813720617100893,0.7450683431730747,14.901366863461494,LOW,False
1705,146,8,15894.991,0.0547945205479452,0.07216660748680379,0.06374550374220558,0.06374550374220558,0.7592780436293171,-0.27252254541925613,0.7223345951892906,14.44669190378581,LOW,False
1706,175,14,21805.062,0.08,0.07396238307493698,0.06256403362139758,0.06256403362139758,1.0816309139058682,0.09650299981614503,0.748395935331003,15.580150560914074,LOW,False
1707,89,10,13150.988,0.11235955056179775,0.07272582393515203,0.06211914641692034,0.06211914641692034,1.5449745974962925,0.6380275472660081,0.6513199287088136,5.989797819389462,LOW,False
1708,67,0,5205.496,0.0,0.07472890044665552,0.06260831773786123,0.06260831773786123,0.0,-1.193593809045353,0.610747933594241,4.275235535159687,LOW,False
1709,74,8,5282.788,0.10810810810810811,0.07308416360455025,0.06407603764841663,0.06407603764841663,1.4792275477498555,0.5465997241548117,0.6249299984510739,5.632482302000888,LOW,False
1710,22,4,1638.423,0.18181818181818182,0.0720855234549667,0.06329872424809208,0.06329872424809208,2.522256523971382,1.7335682459117276,0.4538436109089882,10.382189727651603,LOW,False
1711,20,5,1978.162,0.25,0.07489937626881953,0.0666676145498149,0.0666676145498149,3.3378115073045613,2.626472012139313,0.44067600240186683,16.337302276597036,LOW,False
1712,16,7,3526.975,0.4375,0.0816928545296891,0.07565147500891299,0.07565147500891299,5.355425545094673,4.703241350263045,0.41009030347101677,29.572313031697934,LOW,False
1713,15,1,2372.293,0.06666666666666667,0.0895053545296891,0.09966006051768157,0.09966006051768157,0.7448343958522974,-0.2291659040179934,0.4013152602464483,2.8092068217251382,LOW,False
1714,13,1,2031.65,0.07692307692307693,0.0863307513550859,0.09909860132670263,0.09909860132670263,0.8910275390363002,-0.09493246429376222,0.3819874078490358,2.673911854943251,LOW,False
1715,39,1,3409.68,0.02564102564102564,0.08295693219179306,0.09792769529527455,0.09792769529527455,0.30908840242241153,-0.5852880166121215,0.5339427396031516,3.7375991772220614,LOW,False
1716,54,0,6644.1973,0.0,0.07667236708369854,0.09649478059892111,0.09649478059892111,0.0,-0.7945752776244542,0.5800369695028702,4.060258786520091,LOW,False
1717,99,1,12423.263,0.010101010101010102,0.07667236708369854,0.09649478059892111,0.09649478059892111,0.1317425101794946,-0.6898959360236399,0.6665702189598551,4.665991532718985,LOW,False
1718,156,1,30179.486,0.00641025641025641,0.0762251869490184,0.09678922197986936,0.09678922197986936,0.08409630289977214,-0.7213089341009725,0.7318606560601462,14.637213121202924,LOW,False
1719,202,5,29720.713,0.024752475247524754,0.07649228096611242,0.09657834476044688,0.09657834476044688,0.3235944193962602,-0.5357288515031313,0.7690540696204041,15.381081392408083,LOW,False
1720,218,5,37272.22,0.022935779816513763,0.076276129111406,0.09669280042153601,0.09669280042153601,0.30069407144422133,-0.5516475793684009,0.7800351730461409,15.60070346092282,LOW,False
1721,228,12,34640.14,0.05263157894736842,0.07616886143369271,0.09675297627003232,0.09675297627003232,0.690985501905996,-0.24327192189553953,0.7864980270862671,15.729960541725344,LOW,False
1722,245,6,45248.184,0.024489795918367346,0.0774705782926851,0.09619247855628135,0.09619247855628135,0.31611737588745625,-0.5507788464284052,0.7968630689303519,15.937261378607037,LOW,False
1723,247,14,38081.137,0.05668016194331984,0.07533783330279727,0.09679952672481316,0.09679952672481316,0.7523465894686849,-0.1927454812100316,0.798035090588562,15.96070181177124,LOW,False
1724,242,13,32819.734,0.05371900826446281,0.0756503263892334,0.09672348812558258,0.09672348812558258,0.710096186341215,-0.2267424236840558,0.7950870480722153,15.901740961444307,LOW,False
1725,230,17,32447.807,0.07391304347826087,0.07586596467856983,0.09666618029921265,0.09666618029921265,0.9742582697184023,-0.020202734754430626,0.7877566774864215,15.75513354972843,LOW,False
1726,253,6,35457.723,0.023715415019762844,0.07648262063630526,0.09660184877786163,0.09660184877786163,0.3100758685105183,-0.5462339104697874,0.801495268524697,16.029905370493942,LOW,False
1727,246,11,32879.086,0.044715447154471545,0.07414525432159662,0.09719462062477273,0.09719462062477273,0.6030790178495224,-0.3027925514596234,0.7974502660194367,15.949005320388734,LOW,False
1728,237,7,27580.17,0.029535864978902954,0.07498212537503622,0.09683555462924458,0.09683555462924458,0.3939054118721516,-0.46931378221701625,0.7920777113200527,15.841554226401055,LOW,False
1729,179,3,25330.863,0.01675977653631285,0.075725456981126,0.09639610825607102,0.09639610825607102,0.22132288406645204,-0.6117018779240966,0.7516487437704258,15.032974875408517,LOW,False
1730,135,4,14029.96,0.02962962962962963,0.07414067598064132,0.09706550755966499,0.09706550755966499,0.3996406727848846,-0.45856707980073447,0.711076748655853,14.22153497311706,LOW,False
1731,105,3,11424.932,0.02857142857142857,0.07204191054854255,0.09747699380900013,0.09747699380900013,0.39659454273046885,-0.4459563254719527,0.6750042870351083,13.500085740702167,LOW,False
1732,72,1,8298.564,0.013888888888888888,0.06855073879894383,0.09747067148402083,0.09747067148402083,0.20260742819452845,-0.5608030505772816,0.6210177634316978,4.347124344021885,LOW,False
1733,45,1,4302.727,0.022222222222222223,0.06912944250264753,0.09708644912470803,0.09708644912470803,0.3214581431257912,-0.48314899456434696,0.5541724259706003,3.8792069817942023,LOW,False
1734,25,0,2762.854,0.0,0.06555086392406895,0.09717006817597525,0.09717006817597525,0.0,-0.6745993406668828,0.47158954718963364,3.3011268303274357,LOW,False
1735,25,10,2462.859,0.4,0.05797510634831138,0.0947692679770936,0.0947692679770936,6.899513001266805,3.6090274933257738,0.47158954718963364,25.215622113627692,LOW,False
1736,12,1,1210.8,0.08333333333333333,0.06422510634831138,0.11146024707852469,0.11146024707852469,1.2975195849640557,0.1714353546297097,0.3712607321280216,3.379814035426797,LOW,False
1737,11,0,828.283,0.0,0.04946816190386693,0.07844756041217164,0.07844756041217164,0.0,-0.6305889137145382,0.35967503973766723,2.5177252781636708,LOW,False
1738,5,0,328.87,0.0,0.04669038412608915,0.0789905275518572,0.0789905275518572,0.0,-0.5910883946867801,0.25934622467605517,1.815423572732386,LOW,False
1739,19,0,2069.1,0.0,0.04348525592096095,0.07927058973233765,0.07927058973233765,0.0,-0.5485673320684477,0.4336139245415396,3.0352974717907775,LOW,False
1740,40,1,5013.934,0.025,0.04241687985258488,0.07969320624305445,0.07969320624305445,0.5893880004112679,-0.21854911696569898,0.5375168442542968,3.762617909780078,LOW,False
1741,57,1,6450.79,0.017543859649122806,0.043458546519251545,0.079276971306865,0.079276971306865,0.40369181793392733,-0.32688795299480183,0.5877242918945924,4.114070043262147,LOW,False
1742,101,0,15291.419,0.0,0.04376866525042291,0.07915527275776246,0.07915527275776246,0.0,-0.5529469323460916,0.6694365281470719,13.38873056294144,LOW,False
1743,139,5,18684.857,0.03597122302158273,0.043501571233328894,0.07929749952984759,0.07929749952984759,0.8268947994692947,-0.0949632492372819,0.7152725173289632,14.305450346579265,LOW,False
1744,189,3,24547.135,0.015873015873015872,0.043969019057247975,0.07921519460455234,0.07921519460455234,0.3610045485060536,-0.35467946931758826,0.7594746433713426,15.189492867426853,LOW,False
1745,180,8,20211.205,0.044444444444444446,0.04367473722626889,0.07930979217252203,0.07930979217252203,1.0176236256256763,0.009705071682715002,0.7524506509957629,15.18119021210783,LOW,False
1746,196,6,26002.508,0.030612244897959183,0.0433336066219804,0.07928719580979647,0.07928719580979647,0.7064319654951482,-0.1604466092424145,0.7647114273842626,15.29422854768525,LOW,False
1747,196,5,22957.684,0.025510204081632654,0.04358870866279673,0.07923376219297402,0.07923376219297402,0.5852479888537233,-0.22816668148527183,0.7647114273842626,15.29422854768525,LOW,False
1748,187,9,23133.205,0.0481283422459893,0.04228996041855976,0.07926529831484808,0.07926529831484808,1.1380559775806094,0.07365621465573785,0.7579429477664821,16.194278787184214,LOW,False
1749,192,8,19448.316,0.041666666666666664,0.04205701600112336,0.07923846072702291,0.07923846072702291,0.9907185679924065,-0.004926260945444827,0.7617422179553044,15.23484435910609,LOW,False
1750,200,7,19678.578,0.035,0.04071341696730694,0.07894766946698563,0.07894766946698563,0.8596674660863067,-0.07236967228901132,0.7676209501511251,15.352419003022503,LOW,False
1751,197,11,21673.074,0.05583756345177665,0.04118360800815015,0.0788756034857778,0.0788756034857778,1.355820098149888,0.18578565229321867,0.7654443093750529,17.977536923625216,LOW,False
1752,192,15,19365.693,0.078125,0.041647029520537865,0.07892991092131722,0.07892991092131722,1.8758840882390746,0.46215648863237524,0.7617422179553044,21.803975020899145,LOW,False
1753,142,7,12793.851,0.04929577464788732,0.04367157681308358,0.07922834371422194,0.07922834371422194,1.1287839424455768,0.07098719436935752,0.7183414072125762,15.332707712593352,LOW,False
1754,122,5,8741.614,0.040983606557377046,0.04502724340106584,0.07902593931292604,0.07902593931292604,0.9101957717537494,-0.05116847555176595,0.6965342538687398,13.930685077374797,LOW,False
1755,83,2,8175.824,0.024096385542168676,0.04550032577305532,0.07896371540458341,0.07896371540458341,0.5295870992738744,-0.2710604499955465,0.6413336325250909,4.489335427675637,LOW,False
1756,78,14,6281.892,0.1794871794871795,0.045313865646836156,0.07901069788360941,0.07901069788360941,3.9609769973291034,1.6981664184006313,0.6324508528728112,15.254198668601335,LOW,False
1757,53,10,4688.94,0.18867924528301888,0.052213794421764936,0.08326338809009182,0.08326338809009182,3.6135899980555584,1.6389610606956921,0.5773810439049414,13.697795692774083,LOW,False
1758,36,6,2243.066,0.16666666666666666,0.0591495037159648,0.08748243020306516,0.08748243020306516,2.817718766787934,1.229014359810671,0.5226582832922795,9.43205757003597,LOW,False
1759,15,0,1620.651,0.0,0.06609394816040924,0.08918152172592836,0.08918152172592836,0.0,-0.7411170709054328,0.4013152602464483,2.8092068217251382,LOW,False
1760,11,0,1061.963,0.0,0.04942728149374257,0.05482596959263252,0.05482596959263252,0.0,-0.9015304583028219,0.35967503973766723,2.5177252781636708,LOW,False
1761,8,0,713.845,0.0,0.04595505927152035,0.05522266532684743,0.05522266532684743,0.0,-0.8321774945038468,0.31803481922888616,2.226243734602203,LOW,False
1762,11,8,1632.95,0.7272727272727273,0.04595505927152035,0.05522266532684743,0.05522266532684743,15.82573798840553,12.337645493361816,0.35967503973766723,30.51772527816367,MEDIUM,False
1763,14,1,1234.486,0.07142857142857142,0.07625808957455066,0.1489357628349513,0.1489357628349513,0.9366687760875803,-0.0324268533900165,0.3919737040327585,2.7438159282293095,LOW,False
1764,19,1,1521.273,0.05263157894736842,0.07923428005074114,0.14805672478805465,0.14805672478805465,0.6642526304733694,-0.17967911380894636,0.4336139245415396,3.0352974717907775,LOW,False
1765,40,0,3555.703,0.0,0.08038559584021482,0.147723712480053,0.147723712480053,0.0,-0.5441617631364986,0.5375168442542968,3.762617909780078,LOW,False
1766,52,2,6606.398,0.038461538461538464,0.07965460168816803,0.14809114790453753,0.14809114790453753,0.4828539424766414,-0.2781601993738574,0.5746754719734962,4.022728303814474,LOW,False
1767,112,11,14128.086,0.09821428571428571,0.08125716579073212,0.14739817440668596,0.14739817440668596,1.2086846096407617,0.1150429439971708,0.6842604738072507,15.250344048450728,LOW,False
1768,134,7,14096.943,0.05223880597014925,0.08385062673626142,0.14711403506111304,0.14711403506111304,0.6229983961176339,-0.2148797071127865,0.7100085232616447,14.200170465232894,LOW,False
1769,146,4,12887.807,0.0273972602739726,0.08536586799030865,0.14656971228487262,0.14656971228487262,0.32093928075660094,-0.395501954753574,0.7223345951892906,14.44669190378581,LOW,False
1770,171,11,14269.923,0.06432748538011696,0.08465556864987232,0.146817742802176,0.146817742802176,0.759873052724618,-0.13845794712390908,0.7450683431730747,14.901366863461494,LOW,False
1771,169,7,17017.78,0.04142011834319527,0.0860603703366289,0.14643896602720147,0.14643896602720147,0.4812914257884165,-0.30483861778388666,0.7433754129509443,14.867508259018889,LOW,False
1772,165,7,17636.7,0.04242424242424243,0.08672328343086068,0.14618874195482662,0.14618874195482662,0.48919091558687067,-0.3030263508273912,0.7399289671797024,14.798579343594048,LOW,False
1773,164,8,13405.708,0.04878048780487805,0.08648561260495453,0.14625883699212236,0.14625883699212236,0.5640300893478731,-0.2577972420367825,0.7390543791173132,14.781087582346263,LOW,False
1774,188,4,17501.994,0.02127659574468085,0.08678202181904669,0.14617123967392348,0.14617123967392348,0.24517285145817055,-0.4481416879305007,0.758710821630753,15.174216432615061,LOW,False
1775,179,5,15604.805,0.027932960893854747,0.08621021330840839,0.14640926199940424,0.14640926199940424,0.32400988029025496,-0.39804348180370436,0.7516487437704258,15.032974875408517,LOW,False
1776,171,11,17165.43,0.06432748538011696,0.08504752153516165,0.14677130270086128,0.14677130270086128,0.7563710760638885,-0.14117225761274863,0.7450683431730747,14.901366863461494,LOW,False
1777,162,1,18109.965,0.006172839506172839,0.08447262509266651,0.14682660851604817,0.14682660851604817,0.07307502873743099,-0.5332806252072184,0.7372891879239116,14.745783758478234,LOW,False
1778,150,7,11896.29,0.04666666666666667,0.08267583612842842,0.1475379363260706,0.1475379363260706,0.5644535193351391,-0.24406718948663225,0.7262205704328422,14.524411408656842,LOW,False
1779,113,0,10203.872,0.0,0.08291263029964882,0.14747265828184122,0.14747265828184122,0.0,-0.5622237455107847,0.6855357585674703,13.710715171349404,LOW,False
1780,96,4,9881.797,0.041666666666666664,0.0819086142353918,0.1479716797366618,0.1479716797366618,0.5086970040406686,-0.27195709098079995,0.6621614349665509,4.635130044765857,LOW,False
1781,50,3,4579.092,0.06,0.07616609286787042,0.14668890696356784,0.14668890696356784,0.7877521051799959,-0.11020664890417028,0.5691077130854598,3.9837539915982183,LOW,False
1782,46,7,2880.8608,0.15217391304347827,0.07080445764774464,0.14473631447213023,0.14473631447213023,2.149213737368773,0.5621910140001649,0.5572853176432578,6.917683284095834,LOW,False
1783,24,6,3124.849,0.25,0.07020059291344512,0.14434868566306178,0.14434868566306178,3.561223482944671,1.2455908847430872,0.46591258883663084,11.059059885337183,LOW,False
1784,12,1,1374.155,0.08333333333333333,0.08061725958011179,0.1480358398273054,0.1480358398273054,1.0336909709827398,0.018347406657671806,0.3712607321280216,2.6872639237258427,LOW,False
1785,11,3,2213.805,0.2727272727272727,0.08408948180233401,0.147036657622485,0.147036657622485,3.2432982922687343,1.2829303520300643,0.35967503973766723,9.644203585500629,LOW,False
1786,15,0,2115.71,0.0,0.09545311816597037,0.1507472562893658,0.1507472562893658,0.0,-0.633199704694751,0.4013152602464483,2.8092068217251382,LOW,False
1787,40,0,4253.341,0.0,0.06515008786294006,0.06932771051300601,0.06932771051300601,0.0,-0.9397409402509805,0.5375168442542968,3.762617909780078,LOW,False
1788,53,1,7055.536,0.018867924528301886,0.06217389738674959,0.07056854601489007,0.07056854601489007,0.30347019121119134,-0.6136724547124731,0.5773810439049414,4.041667307334589,LOW,False
1789,103,4,12963.118,0.038834951456310676,0.060767078452621824,0.07110158222686874,0.07110158222686874,0.6390787980137809,-0.3084618697560174,0.6722471773128578,13.444943546257157,LOW,False
1790,147,6,30397.953,0.04081632653061224,0.0623852014299681,0.07009327497742955,0.07009327497742955,0.6542629597250162,-0.3077167518039521,0.7233159134155036,14.466318268310072,LOW,False
1791,161,8,37050.832,0.049689440993788817,0.06248331759951284,0.07005997095787708,0.07005997095787708,0.7952433209816667,-0.18261321594632438,0.7363984535193844,14.727969070387688,LOW,False
1792,220,6,31934.688,0.02727272727272727,0.060461449069492135,0.06968315233470726,0.06968315233470726,0.45107630882913535,-0.47628043056017827,0.7813510355990383,15.627020711980766,LOW,False
1793,208,4,40295.53,0.019230769230769232,0.05942119579043289,0.06999688436969427,0.06999688436969427,0.32363484064831766,-0.5741745067879683,0.7732702089759699,15.465404179519398,LOW,False
1794,222,12,46036.273,0.05405405405405406,0.05908092533029941,0.07017894116784,0.07017894116784,0.9149154951764551,-0.07162934054851422,0.7826550433732524,15.65310086746505,LOW,False
1795,229,9,28527.902,0.039301310043668124,0.058652865691713456,0.07017687976146621,0.07017687976146621,0.6700663229353627,-0.27575400493470187,0.7871287203889158,15.742574407778317,LOW,False
1796,202,6,28196.824,0.0297029702970297,0.0585645820125665,0.07020083007340935,0.07020083007340935,0.5071831690125643,-0.41112920866257663,0.7690540696204041,15.381081392408083,LOW,False
1797,243,5,38433.062,0.0205761316872428,0.05803452900726596,0.0703758047630782,0.0703758047630782,0.35454981782770484,-0.532262436587798,0.7956814796425686,15.913629592851375,LOW,False
1798,236,11,40113.85,0.046610169491525424,0.05685934750236449,0.07077142896331297,0.07077142896331297,0.819745064601509,-0.14482084311385193,0.7914682624872543,15.829365249745086,LOW,False
1799,208,5,29072.785,0.02403846153846154,0.057914913075149684,0.07040561390711834,0.07040561390711834,0.4150651406015153,-0.48116122645247,0.7732702089759699,15.465404179519398,LOW,False
1800,236,5,29726.455,0.0211864406779661,0.057752642268674964,0.0704821671403002,0.0704821671403002,0.3668479890392414,-0.5188007559120736,0.7914682624872543,15.829365249745086,LOW,False
1801,179,3,19367.264,0.01675977653631285,0.05595509873941868,0.07085632615165598,0.07085632615165598,0.2995218829719639,-0.5531661649972491,0.7516487437704258,15.032974875408517,LOW,False
1802,202,12,20040.182,0.0594059405940594,0.056396221115674515,0.07056528454119806,0.07056528454119806,1.0533673962340782,0.04265156015388454,0.7690540696204041,15.78133686416367,LOW,False
1803,127,4,18300.63,0.031496062992125984,0.05692702419598255,0.07053682292449208,0.07053682292449208,0.5532708487219453,-0.3605345428029808,0.7023017054312845,14.04603410862569,LOW,False
1804,103,2,14210.462,0.019417475728155338,0.05823936015398779,0.06971990927006753,0.06971990927006753,0.33340812256203634,-0.5568263761711412,0.6722471773128578,13.444943546257157,LOW,False
1805,65,5,3932.639,0.07692307692307693,0.05731231053154983,0.07009675631498571,0.07009675631498571,1.3421737181705766,0.2797671022522705,0.6064268997606098,5.143194308522032,LOW,False
1806,31,3,1963.163,0.0967741935483871,0.05801743873667803,0.07020999439576449,0.07020999439576449,1.6680190586767052,0.5520119342730943,0.5016440753080604,5.265058556182773,LOW,False
1807,15,0,1009.985,0.0,0.05570911709104923,0.06785084672125578,0.06785084672125578,0.0,-0.8210526438957042,0.4013152602464483,2.8092068217251382,LOW,False
1808,12,1,737.49,0.08333333333333333,0.04529245042438257,0.054627733081386964,0.054627733081386964,1.8398945641605642,0.6963657608174161,0.3712607321280216,4.8035483558176315,LOW,False
1809,16,2,2016.7,0.125,0.04529245042438256,0.054627733081386964,0.054627733081386964,2.759841846240847,1.4591041048118432,0.41009030347101677,9.498797429231153,LOW,False
1810,15,4,1579.77,0.26666666666666666,0.03913714739407954,0.031175339355905295,0.031175339355905295,6.813645971218807,7.298381476302616,0.4013152602464483,30.809206821725137,MEDIUM,False
1811,25,1,2918.25,0.04,0.050248258505190636,0.055021238548436276,0.055021238548436276,0.7960474888073585,-0.18626004749363997,0.47158954718963364,3.3011268303274357,LOW,False
1812,60,0,6299.27,0.0,0.05191492517185731,0.05402986957922622,0.05402986957922622,0.0,-0.9608560149443323,0.5950238495193444,4.165166946635411,LOW,False
1813,75,4,12630.771,0.05333333333333334,0.05112876164984473,0.054665161978560785,0.054665161978560785,1.043118034005725,0.04032864083258773,0.6268471640146392,4.501114987367504,LOW,False
1814,116,5,19902.084,0.04310344827586207,0.05173286089472068,0.054603472731957654,0.054603472731957654,0.8331928203928263,-0.158037798460538,0.6892955513569078,13.785911027138157,LOW,False
1815,132,5,17362.64,0.03787878787878788,0.05182815763410609,0.05458558516333324,0.05458558516333324,0.7308534512494677,-0.25555042990889126,0.7078481266788389,14.156962533576777,LOW,False
1816,201,4,28611.17,0.01990049751243781,0.05133604708764772,0.05465889447333511,0.05465889447333511,0.3876515361313472,-0.5751223086033231,0.7683392835557189,15.36678567111438,LOW,False
1817,211,4,40567.95,0.018957345971563982,0.05102887084763565,0.05482048370694047,0.05482048370694047,0.37150236046115337,-0.5850281264849785,0.7753331020967204,15.506662041934408,LOW,False
1818,215,6,35083.28,0.027906976744186046,0.051017478211835436,0.0548274071837274,0.0548274071837274,0.5470081572497631,-0.421513667246853,0.7780386740281655,15.560773480563311,LOW,False
1819,203,7,32220.586,0.034482758620689655,0.0499280166572576,0.05502387369410964,0.05502387369410964,0.6906494775749759,-0.2807010302915365,0.769765343208684,15.39530686417368,LOW,False
1820,209,10,24985.182,0.04784688995215311,0.04972724368130016,0.055073103678687035,0.055073103678687035,0.9621866488076806,-0.03414286836125299,0.7739611118817943,15.479222237635886,LOW,False
1821,175,0,19924.125,0.0,0.05048324033359697,0.05491056866892881,0.05491056866892881,0.0,-0.919372018125956,0.748395935331003,14.967918706620061,LOW,False
1822,217,6,38820.0,0.027649769585253458,0.049625901513295184,0.05555467513534913,0.05555467513534913,0.5571640764620842,-0.3955766436308154,0.7793727284850581,15.587454569701165,LOW,False
1823,214,17,29019.467,0.0794392523364486,0.04883588485053386,0.05573394917279426,0.05573394917279426,1.626657376631524,0.5490974162091735,0.777367007468166,20.24727047409975,LOW,False
1824,183,5,25961.742,0.0273224043715847,0.05114425113378332,0.055809477791047016,0.055809477791047016,0.5342223957901867,-0.426842316127533,0.7548300560938245,15.09660112187649,LOW,False
1825,237,9,30230.053,0.0379746835443038,0.05139991628768409,0.0556801779122706,0.0556801779122706,0.7388082761022491,-0.24111332339011232,0.7920777113200527,15.841554226401055,LOW,False
1826,171,8,19090.447,0.04678362573099415,0.05228387074635038,0.05527324829169286,0.05527324829169286,0.8948003478541197,-0.09951007377619374,0.7450683431730747,14.901366863461494,LOW,False
1827,140,5,13407.304,0.03571428571428571,0.051757940960389326,0.05526258496424809,0.05526258496424809,0.6900252415685948,-0.29031677140117484,0.7163027272577009,14.326054545154019,LOW,False
1828,89,5,9923.965,0.056179775280898875,0.05193370024047932,0.05520201619367409,0.05520201619367409,1.0817595322643694,0.07691883980328482,0.6513199287088136,4.773858273155665,LOW,False
1829,65,4,6402.163,0.06153846153846154,0.05346546272184363,0.054768863257528444,0.054768863257528444,1.1509946497352512,0.14740124838191174,0.6064268997606098,4.641349253879303,LOW,False
1830,37,0,3221.278,0.0,0.052824437080817986,0.05457205229584211,0.05457205229584211,0.0,-0.9679760034394514,0.5265183489530272,3.68562844267119,LOW,False
1831,19,2,1405.262,0.10526315789473684,0.04879217901630186,0.05475841251546456,0.05475841251546456,2.1573776784916197,1.0312749454248105,0.4336139245415396,6.210241764064825,LOW,False
1832,8,0,596.246,0.0,0.05317814392858256,0.05489584614568426,0.05489584614568426,0.0,-0.9687097961375218,0.31803481922888616,2.226243734602203,LOW,False
1833,10,0,1031.85,0.0,0.049705921706360345,0.05553728396897595,0.05553728396897595,0.0,-0.8950009462855062,0.34708067508455476,2.429564725591883,LOW,False
1834,13,1,1869.75,0.07692307692307693,0.04449758837302701,0.05400942216707431,0.05400942216707431,1.728702155231972,0.6003672553604439,0.3819874078490358,4.586755012427176,LOW,False
1835,52,2,5028.32,0.038461538461538464,0.036591605467044104,0.02741279460534439,0.02741279460534439,1.0511027862983082,0.06821387681976059,0.5746754719734962,4.156873117847533,LOW,False
1836,73,0,7501.171,0.0,0.03652750290294154,0.027406275830389962,0.027406275830389962,0.0,-1.3328152693565658,0.6229870983538917,4.360909688477242,LOW,False
1837,134,0,17792.283,0.0,0.03652750290294154,0.027406275830389962,0.027406275830389962,0.0,-1.3328152693565658,0.7100085232616447,14.200170465232894,LOW,False
1838,197,3,26055.244,0.015228426395939087,0.034305280680719315,0.02813685110765766,0.02813685110765766,0.44390910360625496,-0.678002460608974,0.7654443093750529,15.30888618750106,LOW,False
1839,260,9,41199.457,0.03461538461538462,0.033143821435722524,0.02833252692912221,0.02833252692912221,1.0443993213792793,0.051939002240901935,0.8054302960618666,16.441600831581926,LOW,False
1840,215,5,38990.746,0.023255813953488372,0.03300784629974739,0.02831664108951799,0.02831664108951799,0.7045541154760634,-0.34439227150669854,0.7780386740281655,15.560773480563311,LOW,False
1841,207,8,38586.45,0.03864734299516908,0.033147651151457826,0.02825733470981828,0.02825733470981828,1.165914978970369,0.19462882469946235,0.7725759923744698,16.69588218976717,LOW,False
1842,224,8,31881.027,0.03571428571428571,0.03396806769410804,0.028112892016140055,0.028112892016140055,1.0514076348381913,0.06211449249601007,0.783947408065517,16.064505422596774,LOW,False
1843,224,17,28598.945,0.07589285714285714,0.034293372234528864,0.028084864207372565,0.028084864207372565,2.213047367398973,1.4812065531514296,0.783947408065517,30.791885331195505,MEDIUM,False
1844,229,22,31712.596,0.09606986899563319,0.03601879300628584,0.029340950887687678,0.029340950887687678,2.667215111257823,2.0466642754426387,0.7871287203889158,41.32999118524497,MEDIUM,True
1845,241,12,34015.7,0.04979253112033195,0.038028083799764176,0.031739315928593415,0.031739315928593415,1.3093620857288824,0.3706585027552336,0.7944901652307216,18.210018947581048,LOW,False
1846,184,12,21521.664,0.06521739130434782,0.04010277259644467,0.03075767779436773,0.03075767779436773,1.6262564177452832,0.8165316925357115,0.7556145777105949,19.80921468730152,LOW,False
1847,244,7,108152.305,0.028688524590163935,0.0416680901680736,0.03105091234842115,0.03105091234842115,0.6885010681901925,-0.4180091532340962,0.796273479993163,15.925469599863263,LOW,False
1848,218,4,27994.299,0.01834862385321101,0.039553476511978415,0.030079713570767972,0.030079713570767972,0.46389408646934727,-0.7049552718937682,0.7800351730461409,15.60070346092282,LOW,False
1849,168,5,23106.361,0.02976190476190476,0.039179568990379506,0.03029337864374836,0.03029337864374836,0.7596281819540373,-0.31088193691522314,0.7425214642560432,14.850429285120864,LOW,False
1850,158,0,22086.502,0.0,0.03883736987444621,0.030353906995120764,0.030353906995120764,0.0,-1.2794850389667836,0.7336928815879392,14.673857631758786,LOW,False
1851,113,5,11238.447,0.04424778761061947,0.03688805213565479,0.03130861429735925,0.03130861429735925,1.1995154270520834,0.235070623217759,0.6855357585674703,15.207080874240031,LOW,False
1852,74,4,6965.956,0.05405405405405406,0.0372436147146687,0.03134314178973699,0.03134314178973699,1.4513643336763558,0.536335490939513,0.6249299984510739,5.559341365057951,LOW,False
1853,54,10,4587.452,0.18518518518518517,0.0371550429968835,0.031290262947050784,0.031290262947050784,4.98411979231778,4.730869230431125,0.5800369695028702,30.841126124490433,MEDIUM,False
1854,25,6,2522.738,0.24,0.042306989815496986,0.04333900909953968,0.04333900909953968,5.672821466302676,4.561548920752846,0.47158954718963364,29.38290335862113,LOW,False
1855,18,0,3449.544,0.0,0.05230698981549698,0.05826955660225978,0.05826955660225978,0.0,-0.8976726933506207,0.4261895338914151,2.9833267372399055,LOW,False
1856,9,0,976.45,0.0,0.047921024903216286,0.058071482614922496,0.058071482614922496,0.0,-0.8252075329466813,0.33328510947992757,2.3329957663594927,LOW,False
1857,8,0,652.8,0.0,0.047921024903216286,0.058071482614922496,0.058071482614922496,0.0,-0.8252075329466813,0.31803481922888616,2.226243734602203,LOW,False
1858,27,0,2614.071,0.0,0.047921024903216286,0.058071482614922496,0.058071482614922496,0.0,-0.8252075329466813,0.4823162229106479,3.3762135603745356,LOW,False
1859,24,1,2874.879,0.041666666666666664,0.04471589669808807,0.058522233019348495,0.058522233019348495,0.9318088139435258,-0.052103788151987934,0.46591258883663084,3.2613881218564154,LOW,False
1860,54,0,6461.973,0.0,0.04484944370663509,0.058510996066395725,0.058510996066395725,0.0,-0.7665130782552719,0.5800369695028702,4.060258786520091,LOW,False
1861,82,2,10962.671,0.024390243902439025,0.04484944370663509,0.058510996066395725,0.058510996066395725,0.5438248924998527,-0.3496641858733675,0.6396001521180903,4.477201064826632,LOW,False
1862,163,8,33505.402,0.049079754601226995,0.04586570386923672,0.05790684521309994,0.05790684521309994,1.070075251459207,0.05550381341208311,0.7381744743775209,15.28905387349447,LOW,False
1863,209,10,33271.203,0.04784688995215311,0.04727617587779037,0.05753925073129234,0.05753925073129234,1.012071917065332,0.009918691451648658,0.7739611118817943,15.569761615625877,LOW,False
1864,186,6,34267.723,0.03225806451612903,0.04782748860015573,0.05747602108723343,0.05747602108723343,0.6744670368501012,-0.27088555869927783,0.7571709785555715,15.14341957111143,LOW,False
1865,220,5,38251.043,0.022727272727272728,0.04820258237359909,0.057337900844067966,0.057337900844067966,0.4714949201501831,-0.4443014004926198,0.7813510355990383,15.627020711980766,LOW,False
1866,191,12,34715.28,0.06282722513089005,0.04753924611243674,0.05754496560377204,0.05754496560377204,1.3215864841923486,0.2656701391346594,0.7609902999841155,17.631704631124926,LOW,False
1867,202,14,23939.47,0.06930693069306931,0.04866895192146192,0.05756885990015942,0.05756885990015942,1.4240481447989946,0.3584920529501443,0.7690540696204041,18.56144247840054,LOW,False
1868,210,8,33891.805,0.0380952380952381,0.04839453831938742,0.057449021401272886,0.057449021401272886,0.7871805252861912,-0.17927720913138342,0.7746487325761663,15.492974651523328,LOW,False
1869,214,7,36726.176,0.03271028037383177,0.04597892869853764,0.05656933634469393,0.05656933634469393,0.7114189325353316,-0.2345554885752241,0.777367007468166,15.54734014936332,LOW,False
1870,230,11,34620.266,0.04782608695652174,0.04526716825076679,0.056626703152239465,0.056626703152239465,1.0565292419348895,0.04518925812924972,0.7877566774864215,16.179102864240104,LOW,False
1871,149,7,21014.127,0.04697986577181208,0.044542530569607365,0.05647136827367074,0.05647136827367074,1.0547192800012979,0.043160548021307685,0.725258813512686,14.915570870263453,LOW,False
1872,77,6,8230.174,0.07792207792207792,0.04530466978550937,0.05637144109926364,0.05637144109926364,1.7199568673823813,0.5786158292304969,0.6306069568040767,6.304135474507288,LOW,False
1873,190,8,22577.16,0.042105263157894736,0.04778689703837883,0.05644443115635529,0.05644443115635529,0.8811047748942344,-0.10065889165833815,0.7602344555305266,15.204689110610534,LOW,False
1874,151,5,16220.079,0.033112582781456956,0.04830120363821175,0.056329168420324684,0.056329168420324684,0.6855436363341707,-0.2696404240058768,0.7271759790762514,14.54351958152503,LOW,False
1875,142,4,12938.137,0.028169014084507043,0.04968089458743912,0.055493999966758294,0.055493999966758294,0.5669989302412651,-0.3876433581255272,0.7183414072125762,14.366828144251526,LOW,False
1876,110,4,12305.192,0.03636363636363636,0.049010945690517775,0.055659251794681466,0.055659251794681466,0.7419492901291168,-0.22722744052570842,0.6816756929067226,13.633513858134453,LOW,False
1877,86,7,14857.936,0.08139534883720931,0.04827384495341703,0.05570667940952961,0.05570667940952961,1.686116962834712,0.5945697039361901,0.6464128864474235,6.325947232573083,LOW,False
1878,36,5,4482.407,0.1388888888888889,0.043949268438918034,0.04812929003170229,0.04812929003170229,3.160209346417693,1.9725954899279643,0.5226582832922795,13.584262785827242,LOW,False
1879,21,2,3762.414,0.09523809523809523,0.039736305475955074,0.031916686160169586,0.031916686160169586,2.3967526446494873,1.7389584082636873,0.4474094901461668,10.031285159381703,LOW,False
1880,13,0,1015.26,0.0,0.04370455944420904,0.0326729960430298,0.0326729960430298,0.0,-1.33763550139849,0.3819874078490358,2.673911854943251,LOW,False
1881,15,1,1614.088,0.06666666666666667,0.04370455944420904,0.0326729960430298,0.0326729960430298,1.5253938608343565,0.7027854804688528,0.4013152602464483,4.188365706415324,LOW,False
1882,9,0,1436.3,0.0,0.04648233722198682,0.03161249896352801,0.03161249896352801,0.0,-1.4703784498534727,0.33328510947992757,2.3329957663594927,LOW,False
1883,30,1,3099.127,0.03333333333333333,0.04648233722198682,0.03161249896352801,0.03161249896352801,0.7171182717027013,-0.41594319714565325,0.49704864540372573,3.4793405178260803,LOW,False
1884,72,2,9244.039,0.027777777777777776,0.0461351149997646,0.031713297299114346,0.031713297299114346,0.602096207583302,-0.578852998123897,0.6210177634316978,4.347124344021885,LOW,False
1885,109,2,17847.041,0.01834862385321101,0.047292522407172,0.030437574730889577,0.030437574730889577,0.3879815014990278,-0.9509265705255837,0.6803657845644823,13.607315691289646,LOW,False
1886,140,0,18555.373,0.0,0.04704078823845417,0.03065939886890354,0.03065939886890354,0.0,-1.5343023664487285,0.7163027272577009,14.326054545154019,LOW,False
1887,182,4,29180.645,0.02197802197802198,0.04499579846340305,0.03211953338702377,0.03211953338702377,0.48844609338131023,-0.7166286075214344,0.7540412591337875,15.08082518267575,LOW,False
1888,217,7,36305.203,0.03225806451612903,0.043917928964480914,0.03245203003156176,0.03245203003156176,0.734507871311921,-0.3592953795806268,0.7793727284850581,15.587454569701165,LOW,False
1889,205,6,33333.785,0.02926829268292683,0.043917928964480914,0.03245203003156176,0.03245203003156176,0.6664315320195966,-0.4514243413218321,0.7711774898627489,15.42354979725498,LOW,False
1890,250,6,36183.25,0.024,0.04419047146263317,0.03229340560520664,0.03229340560520664,0.5431035063813261,-0.6252196411077151,0.7997755189799128,15.995510379598258,LOW,False
1891,200,3,40364.49,0.015,0.04257267041551275,0.032291730583321306,0.032291730583321306,0.35233871527434785,-0.8538616518048756,0.7676209501511251,15.352419003022503,LOW,False
1892,234,11,42380.29,0.04700854700854701,0.04030988163663486,0.03223961325246803,0.03223961325246803,1.1661792369497854,0.2077774729943246,0.7902416120615733,17.051176518354858,LOW,False
1893,255,4,41638.58,0.01568627450980392,0.040681269508022734,0.032264321672240415,0.032264321672240415,0.3855896017873886,-0.7746945760128598,0.8026305204928966,16.052610409857934,LOW,False
1894,280,8,39063.83,0.02857142857142857,0.03997193593035491,0.032632223222708326,0.032632223222708326,0.714787210236952,-0.3493634890004332,0.816117353913755,16.3223470782751,LOW,False
1895,142,4,14896.49,0.028169014084507043,0.039169658497642694,0.03266740306436681,0.03266740306436681,0.7191539361059864,-0.33674682959831037,0.7183414072125762,14.366828144251526,LOW,False
1896,197,8,20128.172,0.04060913705583756,0.03838587301067165,0.0326975157250677,0.0326975157250677,1.0579188089469223,0.06799489184009881,0.7654443093750529,15.743277254602974,LOW,False
1897,175,2,30543.852,0.011428571428571429,0.03683116714124497,0.03160472863054683,0.03160472863054683,0.31029620605677927,-0.803759336446928,0.748395935331003,14.967918706620061,LOW,False
1898,150,5,18584.45,0.03333333333333333,0.03555297165252316,0.03200001292310407,0.03200001292310407,0.9375681352072772,-0.06936366946237223,0.7262205704328422,14.524411408656842,LOW,False
1899,97,5,8825.571,0.05154639175257732,0.035562169592184674,0.031999312688806826,0.031999312688806826,1.4494726374598197,0.49951767138998054,0.6636460006364596,5.825387677787243,LOW,False
1900,84,2,7366.162,0.023809523809523808,0.03653622699502094,0.03212005603352384,0.03212005603352384,0.6516689260981575,-0.3962229446989201,0.6430465978893322,4.5013261852253255,LOW,False
1901,49,2,4441.918,0.04081632653061224,0.036013138971932916,0.032225041755464236,0.032225041755464236,1.1333731992210598,0.14905139906808262,0.566241403898243,4.313794475242983,LOW,False
1902,20,2,1432.633,0.1,0.0343223463758247,0.030772193263206536,0.030772193263206536,2.91355372109513,2.134318248374719,0.44067600240186683,13.070452871327179,LOW,False
1903,13,1,1534.8611,0.07692307692307693,0.03270197600545434,0.025619047913948707,0.025619047913948707,2.3522455312867634,1.7261024323056786,0.3819874078490358,9.40025451590835,LOW,False
1904,17,6,1769.903,0.35294117647058826,0.03193885024232857,0.02388967583429291,0.02388967583429291,11.050528550424623,13.436864043482352,0.4183636342904982,30.928545440033492,MEDIUM,False
1905,10,4,803.5,0.4,0.04664473259526975,0.06914338408233621,0.06914338408233621,8.575459172866264,5.110471118740058,0.34708067508455476,30.42956472559188,MEDIUM,False
1906,6,0,445.9,0.0,0.06053362148415864,0.0999539049117144,0.0999539049117144,0.0,-0.6056153737828027,0.2816585927874237,1.971610149511966,LOW,False
1907,16,0,3211.22,0.0,0.06053362148415864,0.0999539049117144,0.0999539049117144,0.0,-0.6056153737828027,0.41009030347101677,2.870632124297117,LOW,False
1908,31,1,3608.21,0.03225806451612903,0.05914473259526975,0.1005779340527845,0.1005779340527845,0.5454089164097252,-0.2673217374402448,0.5016440753080604,3.5115085271564226,LOW,False
1909,61,0,7800.5,0.0,0.05933141120936772,0.10052132577406916,0.10052132577406916,0.0,-0.5902370542020154,0.5973774604653378,4.181642223257365,LOW,False
1910,86,0,8584.947,0.0,0.05856688521548392,0.10091558008949594,0.10091558008949594,0.0,-0.5803552351732456,0.6464128864474235,4.524890205131964,LOW,False
1911,118,2,14174.735,0.01694915254237288,0.05856688521548392,0.10091558008949594,0.10091558008949594,0.28939822358679684,-0.4124014610648107,0.6917488962584405,13.83497792516881,LOW,False
1912,194,4,25245.043,0.020618556701030927,0.05835734898899855,0.10100004004301909,0.10100004004301909,0.35331551309703785,-0.37365126065191157,0.76323443616078,15.264688723215603,LOW,False
1913,211,12,24262.482,0.05687203791469194,0.0578723694967028,0.10115863240059955,0.10115863240059955,0.9827148673760827,-0.009888741655278917,0.7753331020967204,15.506662041934408,LOW,False
1914,186,5,23576.184,0.026881720430107527,0.05902252554802634,0.10097602895671727,0.10097602895671727,0.45544849496882345,-0.3183013379511662,0.7571709785555715,15.14341957111143,LOW,False
1915,228,14,27428.805,0.06140350877192982,0.05914259723261415,0.10093427732371604,0.10093427732371604,1.038228140885042,0.022399838778896546,0.7864980270862671,16.016671598363157,LOW,False
1916,219,10,26727.12,0.045662100456621,0.06107607676477791,0.10049541940457125,0.10049541940457125,0.7476266138127912,-0.15337988934703392,0.7806945996260943,15.61389199252189,LOW,False
1917,179,1,21153.875,0.00558659217877095,0.061019974825114315,0.10050398956473197,0.10050398956473197,0.09155349858439546,-0.5515540515995156,0.7516487437704258,15.032974875408517,LOW,False
1918,188,16,25545.111,0.0851063829787234,0.06059915472798794,0.10072296476234387,0.10072296476234387,1.4044153480480266,0.24331321371010411,0.758710821630753,18.20733154297526,LOW,False
1919,153,11,15810.877,0.0718954248366013,0.06295477782829188,0.10060238424244272,0.10060238424244272,1.1420169734010481,0.08887112443342557,0.7290680829335906,15.646488959179674,LOW,False
1920,159,3,16009.093,0.018867924528301886,0.06477671160962915,0.10034062262805603,0.10034062262805603,0.29127635626222714,-0.45752942207168257,0.7346003697263758,14.692007394527515,LOW,False
1921,117,2,9910.665,0.017094017094017096,0.06387082775431517,0.10066590949531132,0.10066590949531132,0.2676341875475727,-0.4646737996488949,0.690527421634514,13.81054843269028,LOW,False
1922,106,1,9618.454,0.009433962264150943,0.06410688799037541,0.10054415536047745,0.10054415536047745,0.14715988499655913,-0.5437703020151449,0.676363394522604,13.52726789045208,LOW,False
1923,79,2,8222.211,0.02531645569620253,0.0631110808624928,0.10097960255755156,0.10097960255755156,0.40114121561889166,-0.37427979719716054,0.6342715546647637,4.439900882653346,LOW,False
1924,42,1,3326.4531,0.023809523809523808,0.06201816686014385,0.1012517885283835,0.1012517885283835,0.3839120860056421,-0.3773626481660536,0.5444107130498506,3.810874991348954,LOW,False
1925,18,0,1421.284,0.0,0.06201816686014386,0.1012517885283835,0.1012517885283835,0.0,-0.6125142850465161,0.4261895338914151,2.9833267372399055,LOW,False
1926,11,2,740.026,0.18181818181818182,0.06031748658803501,0.10196367364869034,0.10196367364869034,3.014352754119044,1.1916076665575046,0.35967503973766723,8.643684798915244,LOW,False
1927,13,7,1108.217,0.5384615384615384,0.06372657749712592,0.10467971410998865,0.10467971410998865,8.449559973400786,4.535119005632753,0.3819874078490358,28.640057504586547,LOW,False
1928,10,4,876.472,0.4,0.08295734672789515,0.1426997112335579,0.1426997112335579,4.821754983461838,2.221746985550646,0.34708067508455476,17.80681461896328,LOW,False
1929,9,1,1164.059,0.1111111111111111,0.08491813104162065,0.14683416821137765,0.14683416821137765,1.3084497945044573,0.17838477507349587,0.33328510947992757,3.1426764769336932,LOW,False
1930,5,0,184.535,0.0,0.0728810940045836,0.13085312040488553,0.13085312040488553,0.0,-0.5569687125463652,0.25934622467605517,1.815423572732386,LOW,False
1931,7,0,983.8,0.0,0.0728810940045836,0.13085312040488553,0.13085312040488553,0.0,-0.5569687125463652,0.3009864451848362,2.1069051162938535,LOW,False
1932,18,0,2974.07,0.0,0.0728810940045836,0.13085312040488553,0.13085312040488553,0.0,-0.5569687125463652,0.4261895338914151,2.9833267372399055,LOW,False
1933,52,0,3985.862,0.0,0.07153700798307823,0.1314528292777504,0.1314528292777504,0.0,-0.54420287776329,0.5746754719734962,4.022728303814474,LOW,False
1934,73,2,6305.009,0.0273972602739726,0.07153700798307823,0.1314528292777504,0.1314528292777504,0.38298023703274403,-0.3357839306436038,0.6229870983538917,4.360909688477242,LOW,False
1935,116,2,14473.025,0.017241379310344827,0.07267856049449375,0.13092247355546366,0.13092247355546366,0.23722785912430203,-0.42343518021498167,0.6892955513569078,13.785911027138157,LOW,False
1936,128,2,13382.864,0.015625,0.0726907366098259,0.13091707871314512,0.13091707871314512,0.214951735650563,-0.43589222407615524,0.7034281226642937,14.068562453285875,LOW,False
1937,144,1,15611.057,0.006944444444444444,0.07248267174728296,0.13100737149235198,0.13100737149235198,0.09580833980095056,-0.5002636611685972,0.7203517712512958,14.407035425025915,LOW,False
1938,187,1,22892.512,0.0053475935828877,0.07040235535268931,0.1316608165309654,0.1316608165309654,0.07595759482901202,-0.49410875220040384,0.7579429477664821,15.158858955329643,LOW,False
1939,203,8,25675.357,0.03940886699507389,0.06950510006738848,0.1320431218722234,0.1320431218722234,0.5669924502930739,-0.22792730621318064,0.769765343208684,15.39530686417368,LOW,False
1940,179,4,25070.768,0.0223463687150838,0.0685886566600195,0.1321780533969756,0.1321780533969756,0.3258026881303473,-0.34984845635496226,0.7516487437704258,15.032974875408517,LOW,False
1941,168,4,16395.18,0.023809523809523808,0.06761716783745543,0.13243931188316338,0.13243931188316338,0.35212246491541027,-0.33077523134957304,0.7425214642560432,14.850429285120864,LOW,False
1942,180,11,15293.406,0.06111111111111111,0.06837645665540347,0.13212007409738843,0.13212007409738843,0.8937449247932298,-0.054990474338796724,0.7524506509957629,15.049013019915257,LOW,False
1943,180,8,18101.469,0.044444444444444446,0.06737665366091963,0.13207875216586473,0.13207875216586473,0.6596416121838874,-0.17362527159309377,0.7524506509957629,15.049013019915257,LOW,False
1944,198,4,27151.492,0.020202020202020204,0.06623286281124642,0.13215675714211134,0.13215675714211134,0.30501505362365033,-0.34830487373209484,0.7661734992494772,15.323469984989547,LOW,False
1945,176,9,14588.42,0.05113636363636364,0.0662884501309847,0.13213624745023805,0.13213624745023805,0.7714219224513347,-0.11467017405899366,0.7492160161873449,14.9843203237469,LOW,False
1946,119,0,13197.478,0.0,0.06770688123691579,0.13176740512627277,0.13176740512627277,0.0,-0.5138363404214589,0.6929601492175947,13.859202984351896,LOW,False
1947,109,1,9699.57,0.009174311926605505,0.0673137994759095,0.13196272672006637,0.13196272672006637,0.1362916964728583,-0.4405750699031536,0.6803657845644823,13.607315691289646,LOW,False
1948,87,9,7224.487,0.10344827586206896,0.06664121015217629,0.13222695816243313,0.13222695816243313,1.5523168865907917,0.27836279546472914,0.648067120269391,5.986301669186563,LOW,False
1949,68,7,4422.311,0.10294117647058823,0.06995949148769902,0.1321045728134514,0.1321045728134514,1.4714397472241258,0.24966346191106936,0.6128610205234314,5.527556480127349,LOW,False
1950,42,1,3206.161,0.023809523809523808,0.07424870717397351,0.1314036499104911,0.1314036499104911,0.32067257081978917,-0.3838491807404712,0.5444107130498506,3.810874991348954,LOW,False
1951,13,0,1095.263,0.0,0.06766501309027943,0.12972743675838408,0.12972743675838408,0.0,-0.5215936950662547,0.3819874078490358,2.673911854943251,LOW,False
1952,17,4,1112.623,0.23529411764705882,0.04522911565438201,0.08286188045449651,0.08286188045449651,5.202271020398835,2.2937568028890047,0.4183636342904982,19.08873145267288,LOW,False
1953,11,0,1521.7,0.0,0.03836637055634279,0.05399359400925735,0.05399359400925735,0.0,-0.7105726384830906,0.35967503973766723,2.5177252781636708,LOW,False
1954,12,0,626.212,0.0,0.03373674092671316,0.052219380993926985,0.052219380993926985,0.0,-0.6460578483424895,0.3712607321280216,2.598825124896151,LOW,False
1955,28,0,2271.074,0.0,0.03373674092671316,0.052219380993926985,0.052219380993926985,0.0,-0.6460578483424895,0.4873954768329804,3.411768337830863,LOW,False
1956,50,0,7029.722,0.0,0.03373674092671316,0.052219380993926985,0.052219380993926985,0.0,-0.6460578483424895,0.5691077130854598,3.9837539915982183,LOW,False
1957,89,7,12064.48,0.07865168539325842,0.03373674092671316,0.052219380993926985,0.052219380993926985,2.331336200023431,0.8601202008076041,0.6513199287088136,8.053997026023202,LOW,False
1958,134,14,15947.797,0.1044776119402985,0.03701389448476559,0.05247744740419785,0.05247744740419785,2.822659257952444,1.2855754384527527,0.7100085232616447,31.439807880535632,MEDIUM,False
1959,167,16,25788.514,0.09580838323353294,0.04022557580419584,0.05419394044950445,0.05419394044950445,2.3817777948013705,1.0256277172007215,0.7416624475867031,25.516928877753358,LOW,False
1960,169,2,20420.168,0.011834319526627219,0.043499200967662015,0.05511039886304883,0.05511039886304883,0.27205831977063294,-0.5745718066697917,0.7433754129509443,14.867508259018889,LOW,False
1961,173,12,19533.66,0.06936416184971098,0.04334125594793815,0.055199119543784286,0.055199119543784286,1.6004188234192325,0.4714369743004922,0.7467417015090355,19.437975205824955,LOW,False
1962,217,3,27545.752,0.013824884792626729,0.04594207750649092,0.05487923720816541,0.05487923720816541,0.3009198874533587,-0.5852339490805735,0.7793727284850581,15.587454569701165,LOW,False
1963,197,2,25385.26,0.01015228426395939,0.04629529797356338,0.054633328397316314,0.054633328397316314,0.21929406890861322,-0.6615561374323918,0.7654443093750529,15.30888618750106,LOW,False
1964,183,3,27455.146,0.01639344262295082,0.04507627369310027,0.055117914382186016,0.055117914382186016,0.36368229402822466,-0.5203903556884162,0.7548300560938245,15.09660112187649,LOW,False
1965,201,4,27937.008,0.01990049751243781,0.044828235105928066,0.05523791342786431,0.05523791342786431,0.44392774922798994,-0.45127949349577823,0.7683392835557189,15.36678567111438,LOW,False
1966,204,3,25411.98,0.014705882352941176,0.04466535901021615,0.05530830271302711,0.05530830271302711,0.32924581104514467,-0.5416813604409962,0.7704731386726122,15.409462773452246,LOW,False
1967,199,4,21543.5,0.020100502512562814,0.042731807811959066,0.055519120333780876,0.055519120333780876,0.47038736580055057,-0.4076308335459365,0.7668990340214671,15.337980680429341,LOW,False
1968,169,5,16770.236,0.029585798816568046,0.04171747689813066,0.05570852821415226,0.05570852821415226,0.7091943477025996,-0.21777057248625484,0.7433754129509443,14.867508259018889,LOW,False
1969,184,9,23270.416,0.04891304347826087,0.04210846767373683,0.055583746618896486,0.055583746618896486,1.1615963767014035,0.12242024365825553,0.7556145777105949,16.324264379472424,LOW,False
1970,156,4,16258.857,0.02564102564102564,0.042015829333815875,0.0555698971566964,0.0555698971566964,0.6102706062828755,-0.29467039765462305,0.7318606560601462,14.637213121202924,LOW,False
1971,125,4,11924.329,0.032,0.04308420540219194,0.05497023694032637,0.05497023694032637,0.7427315811276858,-0.20164012416800273,0.7000222270779219,14.00044454155844,LOW,False
1972,106,6,12369.921,0.05660377358490566,0.04403527573858338,0.0545539181760965,0.0545539181760965,1.2854188519435081,0.23038671220189882,0.676363394522604,15.667909280028391,LOW,False
1973,64,0,9047.212,0.0,0.042083421477034914,0.053155889953581545,0.053155889953581545,0.0,-0.7916981827184969,0.6042170265463369,4.229519185824358,LOW,False
1974,27,0,2188.859,0.0,0.0377942057907604,0.05217588554982518,0.05217588554982518,0.0,-0.7243615588406057,0.4823162229106479,3.3762135603745356,LOW,False
1975,14,0,1449.747,0.0,0.03680214229869691,0.052677294778349384,0.052677294778349384,0.0,-0.6986338697450114,0.3919737040327585,2.7438159282293095,LOW,False
1976,16,0,2200.5679,0.0,0.03680214229869691,0.052677294778349384,0.052677294778349384,0.0,-0.6986338697450114,0.41009030347101677,2.870632124297117,LOW,False
1977,6,0,437.7,0.0,0.026998220730069456,0.03194503988435885,0.03194503988435885,0.0,-0.8451459390191123,0.2816585927874237,1.971610149511966,LOW,False
1978,11,0,690.12,0.0,0.026998220730069456,0.03194503988435885,0.03194503988435885,0.0,-0.8451459390191123,0.35967503973766723,2.5177252781636708,LOW,False
1979,27,2,2662.012,0.07407407407407407,0.026998220730069456,0.03194503988435885,0.03194503988435885,2.7436650294355713,1.4736514186371141,0.4823162229106479,10.025559219180284,LOW,False
1980,48,6,3904.91,0.125,0.030084640483155883,0.032790359495203855,0.032790359495203855,4.15494411741388,2.894611738877919,0.5633171855748474,20.51387496482626,LOW,False
1981,111,3,13281.254,0.02702702702702703,0.035292973816489215,0.037406448384174854,0.037406448384174854,0.7657905839150269,-0.22097651999913395,0.682973853033872,13.65947706067744,LOW,False
1982,126,1,19856.672,0.007936507936507936,0.03314194638456291,0.036271846015123885,0.036271846015123885,0.2394701821195589,-0.6949036571655418,0.7011664534630849,14.0233290692617,LOW,False
1983,156,3,21252.652,0.019230769230769232,0.02911940038440496,0.03324354963405252,0.03324354963405252,0.660410893662095,-0.29746014678006766,0.7318606560601462,14.637213121202924,LOW,False
1984,196,10,20848.244,0.05102040816326531,0.02592866646762314,0.03008979201788191,0.03008979201788191,1.9677220279328274,0.833895484579306,0.7647114273842626,22.552143757181454,LOW,False
1985,214,8,33117.414,0.037383177570093455,0.027561420160816395,0.030353756360414548,0.030353756360414548,1.3563589013907378,0.32357634068928537,0.777367007468166,18.220031909793853,LOW,False
1986,172,3,28269.312,0.01744186046511628,0.026228879149165663,0.029115544788833467,0.029115544788833467,0.6649868782391756,-0.30179818882933707,0.7459074405024058,14.918148810048116,LOW,False
1987,208,7,34461.914,0.03365384615384615,0.02637958646885273,0.029057851837708367,0.029057851837708367,1.275753363062851,0.2503371455543598,0.7732702089759699,17.53355440249078,LOW,False
1988,229,11,28506.623,0.048034934497816595,0.02735881821426468,0.02888269180093346,0.02888269180093346,1.7557386478328054,0.7158652810498668,0.7871287203889158,21.41061426652436,LOW,False
1989,199,1,29455.072,0.005025125628140704,0.028677213709050752,0.029081873700725278,0.029081873700725278,0.1752306091911131,-0.8132931297449444,0.7668990340214671,15.337980680429341,LOW,False
1990,211,8,29506.248,0.037914691943127965,0.02805740654720504,0.02943345061992339,0.02943345061992339,1.3513256073521471,0.3349007740618276,0.7753331020967204,18.14160409707551,LOW,False
1991,195,4,23491.545,0.020512820512820513,0.029024440280129488,0.029356877225075573,0.029356877225075573,0.7067430177753974,-0.2899361434818639,0.7639748156980716,15.279496313961433,LOW,False
1992,202,1,32325.75,0.0049504950495049506,0.029041620196806894,0.02935154795679634,0.02935154795679634,0.17046208221018103,-0.8207786922435092,0.7690540696204041,15.381081392408083,LOW,False
1993,164,1,18556.762,0.006097560975609756,0.0280151492065126,0.0297596211752869,0.0297596211752869,0.21765227558353586,-0.7364874741451255,0.7390543791173132,14.781087582346263,LOW,False
1994,141,1,15256.909,0.0070921985815602835,0.026231170768902135,0.02973570756332548,0.02973570756332548,0.2703729331810193,-0.643636010563505,0.717325656490079,14.34651312980158,LOW,False
1995,107,0,8966.935,0.0,0.025458302974757745,0.029991664923825493,0.029991664923825493,0.0,-0.8488459390106606,0.6777098589665534,13.554197179331071,LOW,False
1996,96,1,9197.549,0.010416666666666666,0.024124969641424413,0.030396770363690453,0.030396770363690453,0.4317794725337376,-0.45097893002253253,0.6621614349665509,4.635130044765857,LOW,False
1997,31,1,2434.972,0.03225806451612903,0.02220050685316445,0.029705308713642513,0.029705308713642513,1.4530327946783332,0.3385777862105008,0.5016440753080604,4.700719613187047,LOW,False
1998,34,5,4239.12,0.14705882352941177,0.02354459287466983,0.02938519130208574,0.02938519130208574,6.2459701177344735,4.203281489134801,0.5146148872057391,28.116660725404927,LOW,False
1999,11,1,1342.026,0.09090909090909091,0.02967204385506199,0.03825576361746442,0.03825576361746442,3.0637960550729644,1.600727348337994,0.35967503973766723,10.563372071708926,LOW,False
2000,19,1,1880.862,0.05263157894736842,0.03345992264294077,0.03966477600507454,0.03966477600507454,1.5729737187085935,0.48334210438941866,0.4336139245415396,4.539353483400835,LOW,False
2001,9,1,1276.3,0.1111111111111111,0.035652905099081124,0.03918647633302231,0.03918647633302231,3.1164672500691886,1.9256185570439162,0.33328510947992757,11.938303484858244,LOW,False
2002,8,0,515.65,0.0,0.04028253472871076,0.04129782932001373,0.04129782932001373,0.0,-0.9754153037091724,0.31803481922888616,2.226243734602203,LOW,False
2003,29,0,2612.339,0.0,0.04028253472871076,0.04129782932001373,0.04129782932001373,0.0,-0.9754153037091724,0.4923025190943706,3.4461176336605943,LOW,False
2004,68,1,8514.378,0.014705882352941176,0.037196114975624334,0.04143036957824089,0.04143036957824089,0.39536070803572787,-0.5428441225997406,0.6128610205234314,4.29002714366402,LOW,False
2005,96,0,12673.929,0.0,0.03260052674033021,0.037164943174360435,0.037164943174360435,0.0,-0.8771848940380151,0.6621614349665509,4.635130044765857,LOW,False
2006,149,6,19105.268,0.040268456375838924,0.03147440061420409,0.03774609316378796,0.03774609316378796,1.2794034386683812,0.23297923108162855,0.725258813512686,16.600702060266578,LOW,False
2007,159,6,20200.049,0.03773584905660377,0.03282156513250955,0.037445264518193536,0.037445264518193536,1.1497272876614484,0.1312391296289687,0.7346003697263758,15.814962051988376,LOW,False
2008,176,5,23329.838,0.028409090909090908,0.03359261012525266,0.03734362899237644,0.03734362899237644,0.8456946573417607,-0.1388059852785048,0.7492160161873449,14.9843203237469,LOW,False
2009,177,3,29635.893,0.01694915254237288,0.03265047190632873,0.037169652269496235,0.037169652269496235,0.5191089608443785,-0.4224230899475307,0.7500314768453384,15.00062953690677,LOW,False
2010,218,8,27554.03,0.03669724770642202,0.031799054196840364,0.037290367786668756,0.037290367786668756,1.1540358238097645,0.13135278090050784,0.7800351730461409,16.755972139496052,LOW,False
2011,195,11,26593.787,0.05641025641025641,0.03260136199856144,0.03717500312721469,0.03717500312721469,1.7303036729798456,0.6404544023902236,0.7639748156980716,20.756773861310272,LOW,False
2012,185,8,21292.396,0.043243243243243246,0.0335495457592452,0.03749187633413707,0.03749187633413707,1.288936772901814,0.2585546105403038,0.7563948700797809,17.294923198359225,LOW,False
2013,218,4,31307.357,0.01834862385321101,0.03334989195697131,0.03742408129561167,0.03742408129561167,0.5501854062041571,-0.4008453269771872,0.7800351730461409,15.60070346092282,LOW,False
2014,231,9,35003.72,0.03896103896103896,0.033905037716349236,0.03708291061489984,0.03708291061489984,1.1491224191221496,0.13634316079434802,0.7883819220178166,16.886056583772458,LOW,False
2015,211,7,25345.1,0.03317535545023697,0.0339486355087622,0.037088444336312865,0.037088444336312865,0.9772220577664854,-0.0208496223652098,0.7753331020967204,15.506662041934408,LOW,False
2016,181,0,34102.03,0.0,0.03447624113115455,0.03697890596615501,0.03697890596615501,0.0,-0.9323218259271644,0.7532481399770573,15.06496279954115,LOW,False
2017,194,5,26208.959,0.02577319587628866,0.03426997050409184,0.037164106437338064,0.037164106437338064,0.7520635558531145,-0.22862851935185066,0.76323443616078,15.264688723215603,LOW,False
2018,124,7,13078.351,0.056451612903225805,0.03508978862495347,0.03673010176833246,0.03673010176833246,1.6087760888670974,0.5815890305180105,0.6988688832549463,18.54319833160216,LOW,False
2019,125,4,11753.783,0.032,0.037146430888356195,0.036475278391907465,0.036475278391907465,0.8614555755350004,-0.14109366988403851,0.7000222270779219,14.00044454155844,LOW,False
2020,114,6,14099.326,0.05263157894736842,0.03847976422168953,0.03563353222501855,0.03563353222501855,1.367772906407313,0.39714880456736773,0.6867999053273037,16.49429490460092,LOW,False
2021,62,4,8141.581,0.06451612903225806,0.0402387189000521,0.03522764510469719,0.03522764510469719,1.6033345691871548,0.6891579059586034,0.5996934120163099,5.78160712823045,LOW,False
2022,32,0,4028.93,0.0,0.04158280492155748,0.03552405475048297,0.03552405475048297,0.0,-1.1705534521222452,0.5060980846989978,3.542686592892984,LOW,False
2023,23,0,3316.5889,0.0,0.03545535394116532,0.028535171392680105,0.028535171392680105,0.0,-1.2425141399452184,0.46000385479927935,3.2200269835949555,LOW,False
2024,25,8,2399.021,0.32,0.03166747515328653,0.026837271867544206,0.026837271867544206,10.105005165427267,10.743734544620755,0.47158954718963364,31.301126830327433,MEDIUM,False
2025,19,3,6090.739,0.15789473684210525,0.04280782603047952,0.06470100930679425,0.06470100930679425,3.6884549271360547,1.7787498532815076,0.4336139245415396,13.499522263629517,LOW,False
2026,19,0,2902.3,0.0,0.04475714376927093,0.06749284537224018,0.06749284537224018,0.0,-0.6631390856678796,0.4336139245415396,3.0352974717907775,LOW,False
2027,33,0,4981.409,0.0,0.04475714376927093,0.06749284537224018,0.06749284537224018,0.0,-0.6631390856678796,0.5104191185326289,3.5729338297284023,LOW,False
2028,76,3,16644.676,0.039473684210526314,0.04475714376927093,0.06749284537224018,0.06749284537224018,0.881952709360062,-0.07828177238053895,0.6287392678719785,4.40117487510385,LOW,False
2029,118,1,21377.723,0.00847457627118644,0.045789135513336986,0.06720210029174697,0.06720210029174697,0.1850783199153881,-0.5552588249497481,0.6917488962584405,13.83497792516881,LOW,False
2030,176,5,31974.895,0.028409090909090908,0.04614224285796975,0.0669729184361143,0.0669729184361143,0.6156850891825266,-0.26478093478626824,0.7492160161873449,14.9843203237469,LOW,False
2031,226,9,37536.4,0.03982300884955752,0.045648102630188585,0.06706183214648966,0.06706183214648966,0.8723913274594958,-0.08686153649823862,0.78522833575215,15.704566715043,LOW,False
2032,197,4,41915.367,0.02030456852791878,0.045735067621561654,0.06705247816984972,0.06705247816984972,0.44396061018058397,-0.37926262813471595,0.7654443093750529,15.30888618750106,LOW,False
2033,207,4,36400.605,0.01932367149758454,0.04539737918901282,0.06716384413998004,0.06716384413998004,0.42565610268227333,-0.38821047284140797,0.7725759923744698,15.451519847489397,LOW,False
2034,236,15,46888.574,0.0635593220338983,0.0454963174788133,0.0671218511607853,0.0671218511607853,1.3970212438291643,0.26910766378919504,0.7914682624872543,18.807024578463817,LOW,False
2035,233,5,43829.184,0.02145922746781116,0.046615570575791486,0.06719267229056256,0.06719267229056256,0.4603446274012876,-0.3743911687154854,0.7896243664185199,15.792487328370397,LOW,False
2036,241,16,40689.676,0.06639004149377593,0.045159277703189594,0.0673497285792959,0.0673497285792959,1.4701307210918215,0.3152316161985681,0.7944901652307216,19.415783712803094,LOW,False
2037,227,4,50698.867,0.01762114537444934,0.046123727630295125,0.0674866900978664,0.0674866900978664,0.38204079071170666,-0.4223437571840095,0.7858645736290825,15.717291472581651,LOW,False
2038,238,7,36388.004,0.029411764705882353,0.04609341602701338,0.06749986975278575,0.06749986975278575,0.6380903660654131,-0.2471360519987162,0.7926846048043299,15.853692096086599,LOW,False
2039,224,6,33252.676,0.026785714285714284,0.0456955295997152,0.06757184670516388,0.06757184670516388,0.5861780029764931,-0.2798475435562695,0.783947408065517,15.678948161310341,LOW,False
2040,214,12,30004.506,0.056074766355140186,0.04542929455119341,0.06763587868053102,0.06763587868053102,1.2343305549671388,0.1573938568053389,0.777367007468166,17.30481931161686,LOW,False
2041,225,10,26415.92,0.044444444444444446,0.047765743149324254,0.06696350966390487,0.06696350966390487,0.9304669311959235,-0.049598635459068195,0.7845892888688628,15.691785777377257,LOW,False
2042,154,1,18603.617,0.006493506493506494,0.048543711839664085,0.06680516793743223,0.06680516793743223,0.1337661717124973,-0.629445395385288,0.7300049398220412,14.600098796440825,LOW,False
2043,121,3,11715.739,0.024793388429752067,0.046462124072592446,0.06732435870944369,0.06732435870944369,0.5336258064959506,-0.32185580461831975,0.6953526645809566,13.907053291619132,LOW,False
2044,90,1,9074.326,0.011111111111111112,0.04616184859049879,0.06740768580954935,0.06740768580954935,0.24069900687205242,-0.5199813205042887,0.6529193249154452,4.5704352744081165,LOW,False
2045,50,3,4896.562,0.06,0.044431829097321386,0.06776627865103095,0.06776627865103095,1.3503832999667609,0.229733301172526,0.5691077130854598,4.9035101540109665,LOW,False
2046,37,2,3653.271,0.05405405405405406,0.04424365705431064,0.06771433444127231,0.06771433444127231,1.2217356713460827,0.14487917633232944,0.5265183489530272,4.267684579954658,LOW,False
2047,23,6,2877.08,0.2608695652173913,0.046495909306562895,0.06707468724188681,0.06707468724188681,5.6105917511450745,3.196044062609603,0.46000385479927935,23.32771975751197,LOW,False
2048,20,3,3124.03,0.15,0.05736547452395419,0.0792453456023695,0.0792453456023695,2.61481319983441,1.168958564971871,0.44067600240186683,8.062810388130329,LOW,False
2049,24,13,1819.028,0.5416666666666666,0.05028214119062086,0.06001306562928588,0.06001306562928588,10.772545755623147,8.18795907730223,0.46591258883663084,31.261388121856417,MEDIUM,False
2050,22,7,2416.9,0.3181818181818182,0.06627263826664426,0.11545329232052609,0.11545329232052609,4.801103841703592,2.1819142170135217,0.4538436109089882,18.325677560269003,LOW,False
2051,48,16,5900.934,0.3333333333333333,0.07953021402422002,0.12535610060585295,0.12535610060585295,4.191279219138282,2.024657101508972,0.5633171855748474,16.803203068363675,LOW,False
2052,92,3,20227.977,0.03260869565217391,0.0934191029131089,0.13430769893728886,0.13430769893728886,0.34905811162095995,-0.4527693329727037,0.6560660550181688,4.592462385127182,LOW,False
2053,108,0,22003.963,0.0,0.09313306172317753,0.13443483432193565,0.13443483432193565,0.0,-0.6927747722004004,0.679043913423446,13.580878268468922,LOW,False
2054,186,9,37597.516,0.04838709677419355,0.09277995437854476,0.13467777700103128,0.13467777700103128,0.5215253348452066,-0.3296227380112703,0.7571709785555715,15.14341957111143,LOW,False
2055,167,3,26028.246,0.017964071856287425,0.09361237128959073,0.13432389002529843,0.13432389002529843,0.19189848103212132,-0.5631782955292299,0.7416624475867031,14.833248951734063,LOW,False
2056,231,4,41550.14,0.017316017316017316,0.09270158224820448,0.13477780938178768,0.13477780938178768,0.18679311502639112,-0.5593321725436347,0.7883819220178166,15.767638440356336,LOW,False
2057,238,16,40455.484,0.06722689075630252,0.09257705928104192,0.13484896791557385,0.13484896791557385,0.7261722426526607,-0.1879893403456422,0.7926846048043299,15.853692096086599,LOW,False
2058,230,7,45748.586,0.030434782608695653,0.09457302675015516,0.13406983487797444,0.13406983487797444,0.3218125046277608,-0.478394295031659,0.7877566774864215,15.75513354972843,LOW,False
2059,235,13,36241.54,0.05531914893617021,0.09319283760743839,0.1345725472211306,0.1345725472211306,0.5935987180602256,-0.28143696060856943,0.7908562366961261,15.817124733922524,LOW,False
2060,279,5,47248.67,0.017921146953405017,0.09460366766862001,0.13396392369382693,0.13396392369382693,0.18943395531111584,-0.5724117254916484,0.8156013323905754,16.31202664781151,LOW,False
2061,271,12,47264.625,0.04428044280442804,0.09258413039610457,0.13477065399918578,0.13477065399918578,0.47827249243452546,-0.358413988196335,0.8114055637174651,16.228111274349303,LOW,False
2062,241,16,42953.39,0.06639004149377593,0.093694934455687,0.13423473194391464,0.13423473194391464,0.7085766362873661,-0.20341153564726805,0.7944901652307216,15.889803304614434,LOW,False
2063,268,22,39357.887,0.08208955223880597,0.0952356959885159,0.13367585901878148,0.13367585901878148,0.8619620131584361,-0.0983434394677269,0.8098002546497061,16.196005092994124,LOW,False
2064,252,16,37150.44,0.06349206349206349,0.0975400225698947,0.13291913110870426,0.13291913110870426,0.6509334508977245,-0.25615544424516307,0.8009242859935429,16.01848571987086,LOW,False
2065,180,9,20138.629,0.05,0.09784907661726654,0.13282711847207004,0.13282711847207004,0.5109910254500752,-0.36023574980532236,0.7524506509957629,15.049013019915257,LOW,False
2066,155,12,20270.994,0.07741935483870968,0.098080558098748,0.13273481107309365,0.13273481107309365,0.7893445585899245,-0.15565775920425817,0.7309357718656888,14.618715437313776,LOW,False
2067,112,2,11603.512,0.017857142857142856,0.10103580177979815,0.13138977621487657,0.13138977621487657,0.17674074479125226,-0.6330679701183434,0.6842604738072507,13.685209476145015,LOW,False
2068,79,1,9408.399,0.012658227848101266,0.10074679154760609,0.13157227552848158,0.13157227552848158,0.12564397985934717,-0.6695070321287877,0.6342715546647637,4.439900882653346,LOW,False
2069,35,3,4339.708,0.08571428571428572,0.10081125474498069,0.1315268206956976,0.1315268206956976,0.850245202592852,-0.11478243715495524,0.5186924493521103,3.630847145464772,LOW,False
2070,33,1,6164.968,0.030303030303030304,0.10188268331640925,0.13128442635427995,0.13128442635427995,0.29743062625196576,-0.5452257743063628,0.5104191185326289,3.5729338297284023,LOW,False
2071,29,13,2162.147,0.4482758620689655,0.10089305732678326,0.1317493302005876,0.1317493302005876,4.443079374798224,2.636695034527264,0.4923025190943706,19.644741768562714,LOW,False
2072,11,0,1321.37,0.0,0.10870165302893219,0.14638399890884074,0.14638399890884074,0.0,-0.7425787916657826,0.35967503973766723,2.5177252781636708,LOW,False
2073,6,0,680.82,0.0,0.10245165302893218,0.14773997781784223,0.14773997781784223,0.0,-0.6934592419883207,0.2816585927874237,1.971610149511966,LOW,False
2074,12,0,1589.638,0.0,0.07988220858448775,0.11560516035420715,0.11560516035420715,0.0,-0.6909917199174633,0.3712607321280216,2.598825124896151,LOW,False
2075,15,0,2577.285,0.0,0.06662463282691199,0.10483130653099017,0.10483130653099017,0.0,-0.6355413762511531,0.4013152602464483,2.8092068217251382,LOW,False
2076,31,1,4385.101,0.03225806451612903,0.052735743938023105,0.08881748413135467,0.08881748413135467,0.6116926036738922,-0.23055910243538377,0.5016440753080604,3.5115085271564226,LOW,False
2077,69,3,8925.326,0.043478260869565216,0.05272113430735456,0.08882096755245612,0.08882096755245612,0.8246837144302495,-0.1040618413926944,0.6149437022673513,4.304605915871458,LOW,False
2078,129,1,16658.023,0.007751937984496124,0.05453272851025311,0.08813969300548892,0.08813969300548892,0.14215202863063459,-0.5307573572197909,0.7045458416079491,14.090916832158982,LOW,False
2079,142,1,22942.541,0.007042253521126761,0.05283959689401572,0.08865168749762085,0.08865168749762085,0.13327606444939255,-0.5165986645670791,0.7183414072125762,14.366828144251526,LOW,False
2080,180,3,30970.764,0.016666666666666666,0.05238452113005069,0.08886627060305112,0.08886627060305112,0.3181601417199123,-0.40192813562447044,0.7524506509957629,15.049013019915257,LOW,False
2081,200,4,24800.344,0.02,0.05235746485299442,0.08887750993686414,0.08887750993686414,0.38198946523011734,-0.36406808512052335,0.7676209501511251,15.352419003022503,LOW,False
2082,186,8,20297.236,0.043010752688172046,0.050389677738148474,0.08905661218700066,0.08905661218700066,0.8535627656060585,-0.08285656582671475,0.7571709785555715,15.14341957111143,LOW,False
2083,182,6,25551.67,0.03296703296703297,0.05091367649146,0.08897105169411701,0.08897105169411701,0.64750839536333,-0.20171328969031072,0.7540412591337875,15.08082518267575,LOW,False
2084,193,6,25643.234,0.031088082901554404,0.04998233832607927,0.08903989368657206,0.08903989368657206,0.6219813626713335,-0.2121998875137277,0.762490250028163,15.24980500056326,LOW,False
2085,195,23,20579.85,0.11794871794871795,0.050530960657252176,0.08887416863873056,0.08887416863873056,2.3341871283381193,0.7585753917487079,0.7639748156980716,25.285899776497327,LOW,False
2086,103,6,12160.384,0.05825242718446602,0.053600472121597575,0.0899149767444236,0.0899149767444236,1.0867894419346729,0.05173726592947102,0.6722471773128578,14.095864360767205,LOW,False
2087,132,6,16025.631,0.045454545454545456,0.05326140485870967,0.0898799872270328,0.0898799872270328,0.8534237047469171,-0.0868587062039121,0.7078481266788389,14.156962533576777,LOW,False
2088,225,8,24902.775,0.035555555555555556,0.05173494624269881,0.0896799724481837,0.0896799724481837,0.6872637962888267,-0.18041252963688814,0.7845892888688628,15.691785777377257,LOW,False
2089,162,6,21119.033,0.037037037037037035,0.05057092507867766,0.08970203471386368,0.08970203471386368,0.7323780804763853,-0.15087604294386117,0.7372891879239116,14.745783758478234,LOW,False
2090,160,5,22063.695,0.03125,0.05003080162188753,0.08974463876473118,0.08974463876473118,0.6246152167653599,-0.209269343332275,0.735502203696412,14.710044073928238,LOW,False
2091,103,1,11687.739,0.009708737864077669,0.04810707850360796,0.08962677999160665,0.08962677999160665,0.20181516246823278,-0.42842485965830984,0.6722471773128578,13.444943546257157,LOW,False
2092,80,4,9869.6,0.05,0.0477675616288969,0.08976168455961253,0.08976168455961253,1.046735447550092,0.024870727215691855,0.6360696384577723,4.575168019023398,LOW,False
2093,42,2,3741.646,0.047619047619047616,0.04932346880189269,0.08944974262386278,0.08944974262386278,0.9654440122674488,-0.019054511872797535,0.5444107130498506,3.810874991348954,LOW,False
2094,22,1,2007.938,0.045454545454545456,0.0477361672145911,0.08911327509071561,0.08911327509071561,0.9522034990830132,-0.025603612455304722,0.4538436109089882,3.176905276362918,LOW,False
2095,19,2,1463.4601,0.10526315789473684,0.04836748034590423,0.08903804011790252,0.08903804011790252,2.176320890439986,0.6390041545556528,0.4336139245415396,6.123139809195742,LOW,False
2096,16,1,1387.782,0.0625,0.0340752843386447,0.030033871512880485,0.030033871512880485,1.8341739830801322,0.9464219639204665,0.41009030347101677,5.060338829882465,LOW,False
2097,10,1,2184.0469,0.1,0.03667945100531137,0.029658086452245266,0.029658086452245266,2.7263221574804786,2.1350180193400496,0.34708067508455476,11.926864223590856,LOW,False
2098,9,0,1439.85,0.0,0.04084611767197804,0.03126206984195459,0.03126206984195459,0.0,-1.3065711220810268,0.33328510947992757,2.3329957663594927,LOW,False
2099,26,1,2553.275,0.038461538461538464,0.04084611767197804,0.03126206984195459,0.03126206984195459,0.9416204196053746,-0.07627707386282528,0.47705222884332926,3.339365601903305,LOW,False
2100,21,3,2782.046,0.14285714285714285,0.04244868177454214,0.030039057949062857,0.030039057949062857,3.3654082267124474,3.3425968701436326,0.4474094901461668,19.589924333021735,LOW,False
2101,50,0,5605.114,0.0,0.04705697670541772,0.036249301199582265,0.036249301199582265,0.0,-1.298148520059195,0.5691077130854598,3.9837539915982183,LOW,False
2102,95,3,11930.482,0.031578947368421054,0.045245382502519166,0.03750075891742893,0.03750075891742893,0.697948511467724,-0.3644308949637409,0.6606614849225034,4.624630394457523,LOW,False
2103,86,9,9695.44,0.10465116279069768,0.0462381745601827,0.036773346294852384,0.036773346294852384,2.2633065380746333,1.5884599612489376,0.6464128864474235,10.415582198041978,LOW,False
2104,139,12,17342.32,0.08633093525179857,0.05030521244641482,0.03763739744240934,0.03763739744240934,1.7161429413255813,0.9571789032572805,0.7152725173289632,19.676522406521123,LOW,False
2105,142,2,17596.008,0.014084507042253521,0.053207890304128654,0.037616649178747096,0.037616649178747096,0.26470711320724244,-1.0400549787400872,0.7183414072125762,14.366828144251526,LOW,False
2106,185,5,23411.574,0.02702702702702703,0.05296141143088922,0.03786227897457421,0.03786227897457421,0.5103154598191804,-0.6849662805896602,0.7563948700797809,15.12789740159562,LOW,False
2107,186,2,26484.125,0.010752688172043012,0.05229542286167483,0.03818412576885198,0.03818412576885198,0.20561432690743603,-1.0879582510572905,0.7571709785555715,15.14341957111143,LOW,False
2108,173,5,17454.73,0.028901734104046242,0.05136982516188359,0.03893488555320887,0.03893488555320887,0.5626208384585145,-0.5770683729667625,0.7467417015090355,14.93483403018071,LOW,False
2109,177,16,26092.748,0.0903954802259887,0.05127872729532074,0.03898692594397997,0.03898692594397997,1.7628261268145284,1.0033300134223082,0.7500314768453384,20.763450655794585,LOW,False
2110,216,6,22147.438,0.027777777777777776,0.05013067572354037,0.03730785512529578,0.03730785512529578,0.5541073878789525,-0.5991472270569288,0.7787072381911495,15.574144763822991,LOW,False
2111,205,4,23694.72,0.01951219512195122,0.04886089866492835,0.0375373103853649,0.0375373103853649,0.3993417160777027,-0.7818541936456813,0.7711774898627489,15.42354979725498,LOW,False
2112,173,0,17271.75,0.0,0.04777996740107026,0.038010206691140073,0.038010206691140073,0.0,-1.2570299285483089,0.7467417015090355,14.93483403018071,LOW,False
2113,186,5,17849.87,0.026881720430107527,0.046298485919588774,0.03918221526181435,0.03918221526181435,0.5806177004750374,-0.4955504776781767,0.7571709785555715,15.14341957111143,LOW,False
2114,144,7,13956.544,0.04861111111111111,0.04587534772763338,0.03934109317422721,0.03934109317422721,1.059634717097301,0.0695395873053665,0.7203517712512958,14.854295803255674,LOW,False
2115,147,4,14629.454,0.027210884353741496,0.04659872735726301,0.03921990511168758,0.03921990511168758,0.5839405043215269,-0.4943368156631239,0.7233159134155036,14.466318268310072,LOW,False
2116,120,7,13119.631,0.058333333333333334,0.04732798346099901,0.03866291088406511,0.03866291088406511,1.2325336738972488,0.28464876597975386,0.6941613501691095,15.627229557611555,LOW,False
2117,61,0,7418.859,0.0,0.04767520568322123,0.03872532040431066,0.03872532040431066,0.0,-1.2311119749422221,0.5973774604653378,4.181642223257365,LOW,False
2118,34,1,4664.842,0.029411764705882353,0.045691078699094244,0.03992950308135461,0.03992950308135461,0.643709134108611,-0.4077013921271072,0.5146148872057391,3.6023042104401735,LOW,False
2119,26,0,5202.031,0.0,0.04502262950123328,0.040067679866663417,0.040067679866663417,0.0,-1.1236645009408797,0.47705222884332926,3.339365601903305,LOW,False
2120,9,2,3527.35,0.2222222222222222,0.04063666458895258,0.03893197618178317,0.03893197618178317,5.468515304345013,4.66417519586987,0.33328510947992757,28.863762248290172,LOW,False
2121,8,2,1508.08,0.25,0.047291757181545165,0.05368726463200575,0.05368726463200575,5.286333494445802,3.7757230547672562,0.31803481922888616,24.87003209920895,LOW,False
2122,16,2,2028.3,0.125,0.05354175718154517,0.06713658617354745,0.06713658617354745,2.334626403391279,1.0643711110620957,0.41009030347101677,6.655650044095894,LOW,False
2123,23,0,2069.732,0.0,0.058750090514878506,0.06764900034861043,0.06764900034861043,0.0,-0.8684546735668841,0.46000385479927935,3.2200269835949555,LOW,False
2124,42,0,4507.326,0.0,0.05714752641231441,0.06859940975092825,0.06859940975092825,0.0,-0.8330614887184379,0.5444107130498506,3.810874991348954,LOW,False
2125,87,0,16011.977,0.0,0.05119514545993346,0.06701867964975347,0.06701867964975347,0.0,-0.7638936745320046,0.648067120269391,4.536469841885736,LOW,False
2126,149,3,26733.404,0.020134228187919462,0.05119514545993346,0.06701867964975347,0.06701867964975347,0.3932839336041537,-0.4634665653567267,0.725258813512686,14.50517627025372,LOW,False
2127,182,0,32021.703,0.0,0.050718282160745885,0.06720478324513271,0.06720478324513271,0.0,-0.754682623939854,0.7540412591337875,15.08082518267575,LOW,False
2128,199,5,31709.967,0.02512562814070352,0.046357817044466815,0.0669478600759241,0.0669478600759241,0.5419933409850339,-0.3171451466810789,0.7668990340214671,15.337980680429341,LOW,False
2129,210,2,37101.477,0.009523809523809525,0.043807595914837856,0.06652336493101484,0.06652336493101484,0.21740087135399644,-0.515364585459272,0.7746487325761663,15.492974651523328,LOW,False
2130,234,6,53230.3,0.02564102564102564,0.043617566851569346,0.06661840887121193,0.06661840887121193,0.5878600640031594,-0.2698434489075884,0.7902416120615733,15.804832241231468,LOW,False
2131,215,7,32432.416,0.03255813953488372,0.043559816793819296,0.06663401507416719,0.06663401507416719,0.7474351806618111,-0.16510602350301307,0.7780386740281655,15.560773480563311,LOW,False
2132,226,9,39284.64,0.03982300884955752,0.04446837726727099,0.06631513462108479,0.06631513462108479,0.8955354635544011,-0.07004989802488441,0.78522833575215,15.704566715043,LOW,False
2133,65,2,4818.529,0.03076923076923077,0.044923430381667295,0.0662411018286751,0.0662411018286751,0.6849261177923608,-0.21367699542566057,0.6064268997606098,4.244988298324269,LOW,False
2134,203,4,34116.11,0.019704433497536946,0.04243900332096905,0.06557631436330158,0.06557631436330158,0.4643001002759415,-0.3466887403503579,0.769765343208684,15.39530686417368,LOW,False
2135,262,7,41022.12,0.026717557251908396,0.04210261397595901,0.06567542471670433,0.06567542471670433,0.6345819114025645,-0.234258960492683,0.8065352165719889,16.13070433143978,LOW,False
2136,265,11,34654.35,0.04150943396226415,0.04240283739804057,0.06558407223042047,0.06558407223042047,0.9789305742115808,-0.013622262317557452,0.808176941740451,16.16353883480902,LOW,False
2137,257,7,37314.207,0.027237354085603113,0.044132397146468244,0.06496160294044222,0.06496160294044222,0.6171736829795754,-0.260077373342446,0.8037569377259057,16.075138754518115,LOW,False
2138,189,3,30617.2,0.015873015873015872,0.044147215215447226,0.06495753732235574,0.06495753732235574,0.3595473869767863,-0.43527203320715374,0.7594746433713426,15.189492867426853,LOW,False
2139,145,10,18058.51,0.06896551724137931,0.042783127913859915,0.06520300220700573,0.06520300220700573,1.6119793153094215,0.401551898552092,0.7213465784933099,19.016776434686857,LOW,False
2140,108,0,13305.624,0.0,0.04452290428417816,0.06532637241085157,0.06532637241085157,0.0,-0.6815456398552803,0.679043913423446,13.580878268468922,LOW,False
2141,51,0,4042.473,0.0,0.04209234872862261,0.06587309343574736,0.06587309343574736,0.0,-0.6389915295184899,0.5719183622512457,4.0034285357587205,LOW,False
2142,32,0,3631.5898,0.0,0.04209234872862261,0.06587309343574736,0.06587309343574736,0.0,-0.6389915295184899,0.5060980846989978,3.542686592892984,LOW,False
2143,15,3,3091.772,0.2,0.040866858532544174,0.06639080831918381,0.06639080831918381,4.893941134250158,2.3969152582447752,0.4013152602464483,19.142306553952697,LOW,False
2144,16,3,1325.981,0.1875,0.049200191865877506,0.07323713621833011,0.07323713621833011,3.810960748103088,1.8883836162275853,0.41009030347101677,14.136082409063409,LOW,False
2145,14,1,1746.705,0.07142857142857142,0.04775343260661825,0.06993928299617329,0.06993928299617329,1.495778785516499,0.33850988754415107,0.3919737040327585,4.045235240210119,LOW,False
2146,18,4,3558.535,0.2222222222222222,0.040312956416142055,0.05549491075439526,0.05549491075439526,5.51242682199414,3.277945010330028,0.4261895338914151,23.449336157433777,LOW,False
2147,27,0,2560.89,0.0,0.044363882342067985,0.06472618023047334,0.06472618023047334,0.0,-0.6854086272988699,0.4823162229106479,3.3762135603745356,LOW,False
2148,60,4,7347.883,0.06666666666666667,0.044363882342067985,0.06472618023047334,0.06472618023047334,1.502723908440495,0.34457130399452246,0.5950238495193444,5.48481720629171,LOW,False
2149,111,3,13612.439,0.02702702702702703,0.04714166011984577,0.06416760604691606,0.06416760604691606,0.5733151305727808,-0.3134702123391038,0.682973853033872,13.65947706067744,LOW,False
2150,136,1,24207.336,0.007352941176470588,0.04826778624597189,0.06353838443347797,0.06353838443347797,0.15233640795125997,-0.6439390210233852,0.7121371481527359,14.242742963054718,LOW,False
2151,161,0,26895.596,0.0,0.04773523262049486,0.06383730187815342,0.06383730187815342,0.0,-0.7477639439023807,0.7363984535193844,14.727969070387688,LOW,False
2152,199,8,36714.797,0.04020100502512563,0.04773523262049486,0.06383730187815342,0.06383730187815342,0.8421663165388147,-0.11802233762557585,0.7668990340214671,15.337980680429341,LOW,False
2153,206,9,46690.703,0.043689320388349516,0.048363373324012436,0.06367912990576834,0.06367912990576834,0.9033555226938181,-0.07340007538701504,0.7718784301378744,15.43756860275749,LOW,False
2154,166,9,30828.363,0.05421686746987952,0.0497869362767016,0.06315282525502527,0.06315282525502527,1.0889777826166611,0.07014620763661579,0.7407983024292605,15.48329941821017,LOW,False
2155,193,7,26915.69,0.03626943005181347,0.05097759635290385,0.06294683745305522,0.06294683745305522,0.7114778382395709,-0.23366013125058913,0.762490250028163,15.24980500056326,LOW,False
2156,216,13,44011.957,0.06018518518518518,0.05113223345777593,0.06290416444571091,0.06290416444571091,1.1770498003942076,0.14391657225210192,0.7787072381911495,16.902018266779546,LOW,False
2157,186,4,30139.84,0.021505376344086023,0.051980657471760415,0.06288231292780515,0.06288231292780515,0.41371882138599864,-0.4846399521382571,0.7571709785555715,15.14341957111143,LOW,False
2158,230,6,33367.035,0.02608695652173913,0.051594663537379376,0.0630463955339366,0.0630463955339366,0.5056134633543954,-0.40458628601392393,0.7877566774864215,15.75513354972843,LOW,False
2159,225,8,29097.117,0.035555555555555556,0.051860601996721135,0.06291936273232321,0.06291936273232321,0.6855985890368866,-0.25914195142967145,0.7845892888688628,15.691785777377257,LOW,False
2160,263,1,35314.953,0.0038022813688212928,0.05222885192603977,0.0627915426321635,0.0627915426321635,0.07280040109259202,-0.7712275973359047,0.807084529883834,16.141690597676682,LOW,False
2161,176,12,32405.805,0.06818181818181818,0.05065772056797965,0.06353871600483987,0.06353871600483987,1.3459314279710282,0.2758018845156342,0.7492160161873449,17.578806033529613,LOW,False
2162,162,8,17282.863,0.04938271604938271,0.05236373990532194,0.0634321281607392,0.0634321281607392,0.9430708375427506,-0.046995488601378956,0.7372891879239116,14.745783758478234,LOW,False
2163,135,0,21970.025,0.0,0.05375997741267056,0.06296103984128035,0.06296103984128035,0.0,-0.8538610154501114,0.711076748655853,14.22153497311706,LOW,False
2164,92,2,10854.797,0.021739130434782608,0.05088641419427975,0.06380502853559224,0.06380502853559224,0.4272089275495924,-0.4568179723207548,0.6560660550181688,4.592462385127182,LOW,False
2165,60,2,4788.741,0.03333333333333333,0.05179221129572903,0.0632026843429334,0.0632026843429334,0.6435974155071869,-0.2920584490088918,0.5950238495193444,4.165166946635411,LOW,False
2166,37,3,3907.548,0.08108108108108109,0.05318110018461791,0.06237590282205902,0.06237590282205902,1.5246221082228184,0.4472878088202427,0.5265183489530272,5.062761476756089,LOW,False
2167,12,2,1162.526,0.16666666666666666,0.05655947856299629,0.061560709435234895,0.061560709435234895,2.9467504103849245,1.7885951788698753,0.3712607321280216,11.159148859712282,LOW,False
2168,16,0,2484.42,0.0,0.05517058967410741,0.058482883095073906,0.058482883095073906,0.0,-0.9433630278524094,0.41009030347101677,2.870632124297117,LOW,False
2169,7,0,1346.8,0.0,0.04735808967410741,0.052225919154551485,0.052225919154551485,0.0,-0.9067928423425393,0.3009864451848362,2.1069051162938535,LOW,False
2170,14,0,2521.72,0.0,0.044381899197916935,0.05282637189602879,0.05282637189602879,0.0,-0.8401466465512339,0.3919737040327585,2.7438159282293095,LOW,False
2171,38,1,5428.8,0.02631578947368421,0.03512263993865767,0.03757273952316796,0.03757273952316796,0.7492543134469737,-0.23439468552840054,0.5302781417424646,3.7119469921972517,LOW,False
2172,79,3,13672.177,0.0379746835443038,0.03621913116672785,0.0368808027816748,0.0368808027816748,1.048470306189693,0.047600709452242256,0.6342715546647637,4.56713543640129,LOW,False
2173,115,7,19814.639,0.06086956521739131,0.03502363186996273,0.036311563266889904,0.036311563266889904,1.7379569726917665,0.7117824467501171,0.6880531069562045,19.29573943431234,LOW,False
2174,173,5,31839.852,0.028901734104046242,0.03643373762789458,0.03664312406108136,0.03664312406108136,0.7932684370521007,-0.20555025579404873,0.7467417015090355,14.93483403018071,LOW,False
2175,183,5,38824.156,0.0273224043715847,0.037331603999876894,0.036160401630784045,0.036160401630784045,0.7318840190117413,-0.2768000126351244,0.7548300560938245,15.09660112187649,LOW,False
2176,193,9,30657.283,0.046632124352331605,0.03847003751535959,0.035355122339305045,0.035355122339305045,1.2121673739910759,0.23086009316104253,0.762490250028163,16.84106030549633,LOW,False
2177,229,12,52391.637,0.05240174672489083,0.03873800082065984,0.03539316296567983,0.03539316296567983,1.3527220201034176,0.38605608426352,0.7871287203889158,18.38798955855395,LOW,False
2178,211,8,30277.14,0.037914691943127965,0.039101018584682394,0.035490701335515185,0.035490701335515185,0.9696599555588261,-0.03342640739441472,0.7753331020967204,15.506662041934408,LOW,False
2179,230,11,51237.26,0.04782608695652174,0.03842176127106774,0.03534452320960004,0.03534452320960004,1.2447656061133152,0.2660758961065758,0.7877566774864215,17.590875595578296,LOW,False
2180,240,11,36206.977,0.04583333333333333,0.03890328864209726,0.03539261550731862,0.03539261550731862,1.1781351894178187,0.19580481950544318,0.7938908108176181,17.213830136986005,LOW,False
2181,238,7,40256.96,0.029411764705882353,0.03830529481493676,0.0351377292741259,0.0351377292741259,0.7678250447615282,-0.25310486171920243,0.7926846048043299,15.853692096086599,LOW,False
2182,238,10,43891.28,0.04201680672268908,0.03863472766334494,0.03501020560499676,0.03501020560499676,1.087539870574859,0.09660266202096902,0.7926846048043299,16.510241125398043,LOW,False
2183,212,13,30252.021,0.06132075471698113,0.039298471421717864,0.03491284302068086,0.03491284302068086,1.5603852388796196,0.6307788592930751,0.77601425104291,19.72317431245535,LOW,False
2184,216,3,40601.36,0.013888888888888888,0.04037202138677726,0.03518779636081259,0.03518779636081259,0.34402262784488197,-0.7526226486686647,0.7787072381911495,15.574144763822991,LOW,False
2185,206,21,32827.02,0.10194174757281553,0.04079229670011341,0.03479001266141601,0.03479001266141601,2.4990440798723674,1.7576725673491964,0.7718784301378744,36.1513062936652,MEDIUM,False
2186,207,22,21721.354,0.10628019323671498,0.0421989604247383,0.036581959886159976,0.036581959886159976,2.518550034574082,1.7517167754650693,0.7725759923744698,36.237104800108376,MEDIUM,False
2187,146,8,17761.135,0.0547945205479452,0.044569688640877146,0.038841609663519135,0.038841609663519135,1.2294122355095463,0.2632442886802252,0.7223345951892906,16.16728367010741,LOW,False
2188,110,8,15447.962,0.07272727272727272,0.046852793663708196,0.03770158175998987,0.03770158175998987,1.5522505071796113,0.6862969099886244,0.6816756929067226,17.775392661981538,LOW,False
2189,56,3,9844.343,0.05357142857142857,0.048977299592561946,0.03766146751923378,0.03766146751923378,1.093801189879491,0.12198486361479124,0.5852069435058582,4.342676727974671,LOW,False
2190,65,8,7663.51,0.12307692307692308,0.04982055356081592,0.03752227605487988,0.03752227605487988,2.4704045675984543,1.9523434401730535,0.6064268997606098,12.271302839027319,LOW,False
2191,42,2,4587.903,0.047619047619047616,0.05157038031064267,0.03994451437220375,0.03994451437220375,0.9233798031390587,-0.09892053398813315,0.5444107130498506,3.810874991348954,LOW,False
2192,30,10,7941.94,0.3333333333333333,0.0466100628503252,0.03153736305016922,0.03153736305016922,7.1515315137792745,9.091542308939797,0.49704864540372573,31.47934051782608,MEDIUM,False
2193,28,0,5385.1,0.0,0.06049895173921408,0.06536985989954104,0.06536985989954104,0.0,-0.9254869420278327,0.4873954768329804,3.411768337830863,LOW,False
2194,33,5,6374.625,0.15151515151515152,0.06049895173921408,0.06536985989954104,0.06536985989954104,2.5044260629220583,1.3923266764807074,0.5104191185326289,9.238481454501898,LOW,False
2195,46,2,6031.612,0.043478260869565216,0.0668120830523454,0.06657826967210807,0.06657826967210807,0.6507544576255947,-0.3504720428707015,0.5572853176432578,3.900997223502805,LOW,False
2196,79,0,12877.507,0.0,0.06752718602717378,0.06621557755705573,0.06621557755705573,0.0,-1.0198081557015475,0.6342715546647637,4.439900882653346,LOW,False
2197,178,3,25470.184,0.016853932584269662,0.06594490754616113,0.06739566696273251,0.06739566696273251,0.255575952888735,-0.7283995718751042,0.7508423690723203,15.016847381446407,LOW,False
2198,216,1,34818.93,0.004629629629629629,0.06411092285311439,0.06813461324579284,0.06813461324579284,0.07221280592445459,-0.8729967103344143,0.7787072381911495,15.574144763822991,LOW,False
2199,245,4,44311.19,0.0163265306122449,0.06309958516668036,0.06885627027326191,0.06885627027326191,0.25874228125458576,-0.6792853340561819,0.7968630689303519,15.937261378607037,LOW,False
2200,285,6,47141.434,0.021052631578947368,0.0626414237600412,0.06914067294400339,0.06914067294400339,0.3360816264265179,-0.6015097974932403,0.8186702222741883,16.373404445483768,LOW,False
2201,245,3,34685.336,0.012244897959183673,0.06157561156115019,0.06959385845609446,0.06959385845609446,0.19885954274320725,-0.7088371689161105,0.7968630689303519,15.937261378607037,LOW,False
2202,289,18,43048.297,0.06228373702422145,0.05990240952924573,0.07030312847515165,0.07030312847515165,1.039753450882691,0.03387228344777563,0.8206805863129079,16.71176260787834,LOW,False
2203,296,17,54248.457,0.057432432432432436,0.06091778640762462,0.07014756319766599,0.07014756319766599,0.9427859385455944,-0.04968603065185528,0.824132903927884,16.48265807855768,LOW,False
2204,251,10,44828.316,0.0398406374501992,0.061318050802454234,0.07009700245990752,0.07009700245990752,0.6497375067996225,-0.3063956032148335,0.8003510421395341,16.007020842790684,LOW,False
2205,250,13,48097.367,0.052,0.06106835514065698,0.070165199722394,0.070165199722394,0.8515048404403541,-0.12924291780734024,0.7997755189799128,15.995510379598258,LOW,False
2206,251,4,35885.746,0.01593625498007968,0.06200953161124522,0.06987299242798545,0.06987299242798545,0.2569968610630449,-0.6593860521810474,0.8003510421395341,16.007020842790684,LOW,False
2207,237,9,32742.996,0.0379746835443038,0.060922841955303154,0.07039827781200475,0.07039827781200475,0.6233242298867874,-0.32597613356794497,0.7920777113200527,15.841554226401055,LOW,False
2208,227,12,32054.879,0.05286343612334802,0.059950088989774934,0.07055366524067255,0.07055366524067255,0.8817907865385218,-0.10044344035498277,0.7858645736290825,15.717291472581651,LOW,False
2209,204,10,24222.049,0.049019607843137254,0.0615740284578774,0.06989282068099334,0.06989282068099334,0.7961085066355763,-0.17962389401969286,0.7704731386726122,15.409462773452246,LOW,False
2210,164,6,22650.818,0.036585365853658534,0.05936893930247414,0.06939693938157095,0.06939693938157095,0.6162374851816474,-0.32830804430066857,0.7390543791173132,14.781087582346263,LOW,False
2211,120,5,13197.73,0.041666666666666664,0.056464988161513456,0.0688042417161508,0.0688042417161508,0.7379204002927016,-0.2150786219823,0.6941613501691095,13.88322700338219,LOW,False
2212,116,5,11547.228,0.04310344827586207,0.05591799424979351,0.06887025091272007,0.06887025091272007,0.7708332327392312,-0.18606794376531946,0.6892955513569078,13.785911027138157,LOW,False
2213,67,3,6009.8,0.04477611940298507,0.05468366823098473,0.06882133734035734,0.06882133734035734,0.8188206982357145,-0.1439604228991028,0.610747933594241,4.275235535159687,LOW,False
2214,51,2,5434.546,0.0392156862745098,0.05431719701563293,0.06885092847889296,0.06885092847889296,0.7219755147384209,-0.21933634120493622,0.5719183622512457,4.0034285357587205,LOW,False
2215,33,2,4222.367,0.06060606060606061,0.05082297881553236,0.06732061004401196,0.06732061004401196,1.1924932780118425,0.14532075369091865,0.5104191185326289,4.078228684509489,LOW,False
2216,36,7,5424.731,0.19444444444444445,0.05136410435665791,0.06734592730135641,0.06734592730135641,3.785609559046856,2.124558170348406,0.5226582832922795,15.890775070818227,LOW,False
2217,19,1,2543.54,0.05263157894736842,0.04557706731962088,0.043975033796231605,0.043975033796231605,1.1547820437474832,0.16042083470444246,0.4336139245415396,3.4416003366279204,LOW,False
2218,37,0,5220.713,0.0,0.04777004977576122,0.04290259933308571,0.04290259933308571,0.0,-1.1134535090726267,0.5265183489530272,3.68562844267119,LOW,False
2219,36,0,3708.42,0.0,0.041456918462629916,0.037819339515839476,0.037819339515839476,0.0,-1.0961830373919395,0.5226582832922795,3.6586079830459566,LOW,False
2220,79,2,11168.614,0.02531645569620253,0.039645324259731364,0.038748229384780154,0.038748229384780154,0.6385735561234145,-0.3697941503659272,0.6342715546647637,4.439900882653346,LOW,False
2221,169,4,30792.17,0.023668639053254437,0.04070017658040647,0.037958582157906665,0.037958582157906665,0.5815365200319251,-0.4486873997638084,0.7433754129509443,14.867508259018889,LOW,False
2222,256,8,55541.17,0.03125,0.04098412268328083,0.037797593652160295,0.037797593652160295,0.7624903975984877,-0.25753286764392963,0.8031948248487742,16.063896496975484,LOW,False
2223,361,2,54411.965,0.00554016620498615,0.042093304782046266,0.03706792420766874,0.03706792420766874,0.1316163279094483,-0.9861123696130218,0.852779466057375,17.0555893211475,LOW,False
2224,506,9,73520.3,0.017786561264822136,0.04164387293174382,0.0374572629919512,0.0374572629919512,0.4271111213401095,-0.6369208468875084,0.9015388738704863,18.030777477409725,LOW,False
2225,649,25,112872.125,0.03852080123266564,0.04150778666865527,0.03754116482738477,0.03754116482738477,0.9280379496060853,-0.07956560351080916,0.9375021360262645,18.750042720525293,LOW,False
2226,687,9,114315.95,0.013100436681222707,0.042602615971717016,0.03703032605571658,0.03703032605571658,0.307503104737038,-0.796703200671383,0.9457259732962989,18.91451946592598,LOW,False
2227,748,7,124518.75,0.009358288770053475,0.04055331179075873,0.03725404945203104,0.03725404945203104,0.2307650930789341,-0.8373592530087905,0.9580219873100276,19.160439746200552,LOW,False
2228,661,5,114161.414,0.007564296520423601,0.038550222471492944,0.037597874915163136,0.037597874915163136,0.196219270226449,-0.8241403542350951,0.9401499638377386,18.802999276754772,LOW,False
2229,447,7,87511.72,0.015659955257270694,0.03720537493275229,0.03812328983232232,0.03812328983232232,0.4209057235836392,-0.5651511128825667,0.8836314831570962,17.672629663141926,LOW,False
2230,245,2,36269.473,0.00816326530612245,0.03569120640180524,0.038231650592517735,0.038231650592517735,0.22871923168474229,-0.7200301496025454,0.7968630689303519,15.937261378607037,LOW,False
2231,334,14,49339.926,0.041916167664670656,0.03536733183205702,0.03843864191559834,0.03843864191559834,1.1851662393903788,0.1703711553335636,0.8415598349549974,18.21994349452779,LOW,False
2232,462,14,63214.13,0.030303030303030304,0.035531560337072304,0.03845868086945374,0.03845868086945374,0.8528482851740472,-0.1359518817556434,0.8883984524190321,17.767969048380643,LOW,False
2233,407,5,47911.56,0.012285012285012284,0.0345915434278924,0.03829198436506009,0.03829198436506009,0.35514495936328877,-0.5825378734676894,0.870094158270296,17.40188316540592,LOW,False
2234,297,5,34973.16,0.016835016835016835,0.033060935279637195,0.038424140707596977,0.038424140707596977,0.5092117537698885,-0.4222844843323269,0.824619438449672,16.49238876899344,LOW,False
2235,270,6,32018.316,0.022222222222222223,0.032238004070527126,0.03855664449002723,0.03855664449002723,0.6893175574271483,-0.2597679850199493,0.810872436470378,16.21744872940756,LOW,False
2236,126,2,15944.873,0.015873015873015872,0.031427818885341935,0.038554198889612826,0.038554198889612826,0.5050625985508371,-0.4034528912625597,0.7011664534630849,14.0233290692617,LOW,False
2237,63,3,7511.0537,0.047619047619047616,0.03029321753522335,0.03859631638549644,0.03859631638549644,1.5719375983643438,0.448898540233101,0.6019728903696724,5.715146428294109,LOW,False
2238,38,8,3895.893,0.21052631578947367,0.030411672877559286,0.038647027484390334,0.038647027484390334,6.922549661673516,4.66050443296482,0.5302781417424646,30.226653886418337,MEDIUM,False
2239,30,2,3436.899,0.06666666666666667,0.03754961577401612,0.053362420141030584,0.053362420141030584,1.7754287305597198,0.5456471204959898,0.49704864540372573,5.514840935545345,LOW,False
2240,16,1,2423.55,0.0625,0.03780214102654137,0.053490459882600074,0.053490459882600074,1.6533455064388534,0.46172455850379784,0.41009030347101677,4.585664078699108,LOW,False
2241,21,5,4861.785,0.23809523809523808,0.03230445584135618,0.042301227171382995,0.042301227171382995,7.370352847436868,4.864889177331017,0.4474094901461668,30.540756581846367,MEDIUM,False
2242,17,2,2503.248,0.11764705882352941,0.04003210830585075,0.05958534737045286,0.05958534737045286,2.9388174593426326,1.3025845101671139,0.4183636342904982,9.34174850278902,LOW,False
2243,28,0,2788.29,0.0,0.04493406909016448,0.06097195466079351,0.06097195466079351,0.0,-0.7369629092612674,0.4873954768329804,3.411768337830863,LOW,False
2244,38,1,3435.026,0.02631578947368421,0.04493406909016448,0.06097195466079351,0.06097195466079351,0.5856533807539014,-0.3053580899621755,0.5302781417424646,3.7119469921972517,LOW,False
2245,104,3,12437.343,0.028846153846153848,0.044975707997559546,0.06095831463708788,0.06095831463708788,0.6413718678473963,-0.26459973914029855,0.6736322968201822,13.472645936403646,LOW,False
2246,139,5,21481.129,0.03597122302158273,0.045191437780597025,0.06088875287877545,0.06088875287877545,0.7959742992958503,-0.15142722297779673,0.7152725173289632,14.305450346579265,LOW,False
2247,181,8,36508.574,0.04419889502762431,0.0453881554064963,0.060849366810709175,0.060849366810709175,0.9737980015221818,-0.019544334496882393,0.7532481399770573,15.06496279954115,LOW,False
2248,231,18,32533.568,0.07792207792207792,0.04699893577410622,0.06025746445714648,0.06025746445714648,1.6579540927607261,0.5131835935440566,0.7883819220178166,20.70229413606178,LOW,False
2249,238,6,32353.592,0.025210084033613446,0.04950458230149188,0.06024021698379075,0.06024021698379075,0.5092474850121846,-0.40329367130957583,0.7926846048043299,15.853692096086599,LOW,False
2250,248,2,28746.842,0.008064516129032258,0.04894996908486471,0.06040678156994032,0.06040678156994032,0.16475017818807572,-0.6768354792829736,0.7986175617325333,15.972351234650667,LOW,False
2251,277,11,42930.465,0.039711191335740074,0.04874013906185678,0.06054531094262614,0.06054531094262614,0.8147533449861942,-0.14912711794762606,0.8145637373814031,16.291274747628062,LOW,False
2252,281,12,37436.562,0.042704626334519574,0.05000484333542705,0.06000148617479997,0.06000148617479997,0.8540098015718515,-0.12166726970128769,0.8166315423193131,16.332630846386266,LOW,False
2253,269,9,31342.607,0.03345724907063197,0.05146902374434772,0.059345980144834616,0.059345980144834616,0.6500463120656376,-0.30350454453288644,0.8103373383232568,16.206746766465137,LOW,False
2254,403,11,47823.54,0.02729528535980149,0.05221057765323777,0.05898919586163914,0.05898919586163914,0.522792249897829,-0.4223704346110399,0.868668098617331,17.373361972346622,LOW,False
2255,340,12,33509.195,0.03529411764705882,0.053007745155474385,0.058495274760367005,0.058495274760367005,0.6658294470655071,-0.3028215113268822,0.8441293204882805,16.882586409765608,LOW,False
2256,225,6,30340.246,0.02666666666666667,0.05273182640474056,0.05856544360768495,0.05856544360768495,0.505703452446118,-0.4450603996561144,0.7845892888688628,15.691785777377257,LOW,False
2257,203,9,28505.28,0.04433497536945813,0.05258031125322541,0.05863065971479026,0.05863065971479026,0.8431858677279798,-0.14063181147674003,0.769765343208684,15.39530686417368,LOW,False
2258,138,4,14353.199,0.028985507246376812,0.053915726381743995,0.058034930406246917,0.058034930406246917,0.537607655346203,-0.4295726549658045,0.714234922319791,14.284698446395822,LOW,False
2259,102,2,16973.053,0.0196078431372549,0.054421996815550655,0.05774968765529287,0.05774968765529287,0.3602926074857311,-0.6028457484670909,0.6708486748011367,13.416973496022736,LOW,False
2260,86,3,8502.051,0.03488372093023256,0.054313064353677026,0.057815494681170414,0.057815494681170414,0.642271272029064,-0.3360577217334144,0.6464128864474235,4.524890205131964,LOW,False
2261,47,3,7638.5083,0.06382978723404255,0.055105177064394384,0.05739463928073439,0.05739463928073439,1.1583265064088775,0.15201088950090758,0.5603326698608914,4.337935768349543,LOW,False
2262,36,0,5570.825,0.0,0.0557806245483525,0.05739809624288151,0.05739809624288151,0.0,-0.9718201159898294,0.5226582832922795,3.6586079830459566,LOW,False
2263,19,0,2612.73,0.0,0.0470086947237911,0.048045712133725244,0.048045712133725244,0.0,-0.9784160258245768,0.4336139245415396,3.0352974717907775,LOW,False
2264,11,1,1310.8,0.09090909090909091,0.044230916946013325,0.04878131181079615,0.04878131181079615,2.055329104301665,0.9568864024018906,0.35967503973766723,5.2879641769555406,LOW,False
2265,14,1,3321.34,0.07142857142857142,0.04541462906722544,0.049582009855092354,0.049582009855092354,1.572809750858883,0.5246649427357614,0.3919737040327585,4.247441524233877,LOW,False
2266,8,0,592.16296,0.0,0.038470184622781005,0.028693387985196276,0.028693387985196276,0.0,-1.340733434567882,0.31803481922888616,2.226243734602203,LOW,False
2267,13,0,1300.129,0.0,0.033568223838467276,0.024290289929314923,0.024290289929314923,0.0,-1.3819606079693272,0.3819874078490358,2.673911854943251,LOW,False
2268,30,1,2599.033,0.03333333333333333,0.033568223838467276,0.024290289929314923,0.024290289929314923,0.9930025935758695,-0.009670140036099928,0.49704864540372573,3.4793405178260803,LOW,False
2269,68,0,6542.071,0.0,0.03386062149928599,0.024241380097280257,0.024241380097280257,0.0,-1.396810798865571,0.6128610205234314,4.29002714366402,LOW,False
2270,96,1,11642.691,0.010416666666666666,0.032658698422362915,0.025197092354652315,0.025197092354652315,0.3189553524746073,-0.8827221586775488,0.6621614349665509,4.635130044765857,LOW,False
2271,139,2,20626.498,0.014388489208633094,0.03159392524090807,0.02558793448949896,0.02558793448949896,0.4554194864651626,-0.6724042551905048,0.7152725173289632,14.305450346579265,LOW,False
2272,212,2,22307.889,0.009433962264150943,0.03035182499845011,0.02567284918092977,0.02567284918092977,0.31082026417300046,-0.8147854017635608,0.77601425104291,15.520285020858202,LOW,False
2273,181,5,18338.617,0.027624309392265192,0.02749815351270315,0.023900495439583,0.023900495439583,1.0045877945769617,0.0052783792654401,0.7532481399770573,15.099371258868361,LOW,False
2274,203,5,22919.795,0.024630541871921183,0.0275987462359803,0.023895526679589607,0.023895526679589607,0.892451478096875,-0.12421590048460467,0.769765343208684,15.39530686417368,LOW,False
2275,218,5,27746.15,0.022935779816513763,0.02828899730860068,0.02354339366954601,0.02354339366954601,0.8107667997670818,-0.22737662918203003,0.7800351730461409,15.60070346092282,LOW,False
2276,192,3,20986.994,0.015625,0.027590021828632915,0.02343832488248375,0.02343832488248375,0.5663279317809158,-0.5104896313462562,0.7617422179553044,15.23484435910609,LOW,False
2277,203,7,20410.541,0.034482758620689655,0.0264617040646946,0.02333063179634649,0.02333063179634649,1.3031193507562804,0.3437992861063938,0.769765343208684,17.668701994845783,LOW,False
2278,254,7,28254.314,0.027559055118110236,0.026504433629280334,0.023344935757561566,0.023344935757561566,1.0397903801145492,0.045175600386405175,0.8020640075037752,16.33970800093462,LOW,False
2279,233,14,24106.225,0.060085836909871244,0.026515424035876537,0.023345386350044767,0.023345386350044767,2.266071130092902,1.4379891757041035,0.7896243664185199,30.762885500368455,MEDIUM,False
2280,225,9,24512.398,0.04,0.027548412338493717,0.0242804806835583,0.0242804806835583,1.451989301906431,0.5128229471147976,0.7845892888688628,19.08170554167549,LOW,False
2281,220,7,22650.326,0.031818181818181815,0.028103967894049276,0.024411612724472887,0.024411612724472887,1.1321597696857242,0.15214946943710123,0.7813510355990383,16.6182189846237,LOW,False
2282,194,8,19677.31,0.041237113402061855,0.02758243482941276,0.024182403846535135,0.024182403846535135,1.4950497900964246,0.5646534835537264,0.76323443616078,18.977562148938787,LOW,False
2283,165,5,18649.135,0.030303030303030304,0.028092918419232976,0.024342096721302622,0.024342096721302622,1.0786714947452465,0.09079381735687465,0.7399289671797024,15.388615554183396,LOW,False
2284,122,7,12881.614,0.05737704918032787,0.02853855121780695,0.024277819936476014,0.024277819936476014,2.0105102302644857,1.1878536885922262,0.6965342538687398,23.857682911761266,LOW,False
2285,76,10,7890.709,0.13157894736842105,0.029475773228227586,0.024958056104361182,0.024958056104361182,4.463969319807833,4.090990649001382,0.6287392678719785,27.017178428980458,LOW,False
2286,41,1,4328.338,0.024390243902439025,0.032298654900493357,0.03188322239212445,0.03188322239212445,0.7551473576092009,-0.24804302716929288,0.541004817463479,3.787033722244353,LOW,False
2287,12,0,1101.548,0.0,0.03331491506309498,0.031190139213295342,0.031190139213295342,0.0,-1.06812332049143,0.3712607321280216,2.598825124896151,LOW,False
2288,10,0,832.251,0.0,0.03331491506309498,0.031190139213295342,0.031190139213295342,0.0,-1.06812332049143,0.34708067508455476,2.429564725591883,LOW,False
2289,12,4,1533.604,0.3333333333333333,0.029527036275216193,0.0293579201168663,0.0293579201168663,11.289088760090694,10.34835900665792,0.3712607321280216,30.59882512489615,MEDIUM,False
2290,25,6,2906.741,0.24,0.040439734687914605,0.0683685192293022,0.0683685192293022,5.934757036665818,2.91889114407725,0.47158954718963364,22.196275585665404,LOW,False
2291,30,3,2886.668,0.1,0.05043973468791461,0.07893221611714717,0.07893221611714717,1.9825639571407196,0.6278838698577851,0.49704864540372573,6.058570905320469,LOW,False
2292,65,6,8477.311,0.09230769230769231,0.05460640135458127,0.07879311530356019,0.07879311530356019,1.69041888895592,0.47848458342917616,0.6064268997606098,6.057337881833559,LOW,False
2293,131,6,24488.482,0.04580152671755725,0.057063666311846235,0.07902011129077058,0.07902011129077058,0.8026390464863804,-0.14252244663194222,0.7067557148222219,14.135114296444437,LOW,False
2294,159,6,26857.424,0.03773584905660377,0.05897206325841112,0.07813012001028305,0.07813012001028305,0.6398936542418083,-0.2718057286871229,0.7346003697263758,14.692007394527515,LOW,False
2295,234,10,47438.246,0.042735042735042736,0.06011036252465849,0.07758908284508757,0.07758908284508757,0.710943021139025,-0.22394026520853308,0.7902416120615733,15.804832241231468,LOW,False
2296,213,4,38004.473,0.018779342723004695,0.061291468921592235,0.07707687991689137,0.07707687991689137,0.30639407169419236,-0.5515548403675201,0.776692209584216,15.53384419168432,LOW,False
2297,266,14,38386.406,0.05263157894736842,0.06168085977404447,0.07682670659946353,0.07682670659946353,0.8532886723721704,-0.11778821749908572,0.8087200713981695,16.174401427963392,LOW,False
2298,270,9,40564.29,0.03333333333333333,0.06272282933884044,0.07651367298240955,0.07651367298240955,0.5314386115023677,-0.3841077661016709,0.810872436470378,16.21744872940756,LOW,False
2299,256,6,46453.023,0.0234375,0.06308544564973262,0.07634573359049254,0.07634573359049254,0.37151992442331805,-0.5193210384538114,0.8031948248487742,16.063896496975484,LOW,False
2300,264,8,37091.63,0.030303030303030304,0.06310635065737787,0.07633432964699247,0.07633432964699247,0.48018986975738753,-0.42973221230927516,0.8076317663918116,16.152635327836233,LOW,False
2301,231,6,36315.797,0.025974025974025976,0.06371793525333747,0.07599542023096727,0.07599542023096727,0.40764073523028177,-0.49666031406365296,0.7883819220178166,15.767638440356336,LOW,False
2302,247,8,39271.188,0.032388663967611336,0.06336340472639315,0.07615741139512465,0.07615741139512465,0.5111572540564615,-0.40671997894041756,0.798035090588562,15.96070181177124,LOW,False
2303,243,7,38687.02,0.02880658436213992,0.0635646384284557,0.07606501548974755,0.07606501548974755,0.45318568742529347,-0.4569519093965169,0.7956814796425686,15.913629592851375,LOW,False
2304,234,12,27771.898,0.05128205128205128,0.06226133623896688,0.07639446978551168,0.07639446978551168,0.8236580577908621,-0.1437183213358441,0.7902416120615733,15.804832241231468,LOW,False
2305,260,3,32402.434,0.011538461538461539,0.06273142170905235,0.07628616587681625,0.07628616587681625,0.1839343222918938,-0.6710647937563816,0.8054302960618666,16.10860592123733,LOW,False
2306,176,1,23267.93,0.005681818181818182,0.06188643336406401,0.07675434389051501,0.07675434389051501,0.0918103996782836,-0.7322662449231276,0.7492160161873449,14.9843203237469,LOW,False
2307,127,2,12974.626,0.015748031496062992,0.06040496272988719,0.07750965276957782,0.07750965276957782,0.2607075773969673,-0.5761467073859973,0.7023017054312845,14.04603410862569,LOW,False
2308,106,4,15647.84,0.03773584905660377,0.059798504446263556,0.07781177189312258,0.07781177189312258,0.6310500472551811,-0.28353878664996446,0.676363394522604,13.52726789045208,LOW,False
2309,59,0,5041.707,0.0,0.058980121107775056,0.0779415265006256,0.0779415265006256,0.0,-0.7567226837326781,0.5926313341559827,4.148419339091879,LOW,False
2310,34,2,4190.744,0.058823529411764705,0.053497664967424176,0.07723734313879554,0.07723734313879554,1.0995532131651644,0.06895452676006666,0.5146148872057391,3.8636313949987304,LOW,False
2311,30,5,4090.56,0.16666666666666666,0.05493238519697941,0.07699257043997561,0.07699257043997561,3.034032949216107,1.4512345909635103,0.49704864540372573,10.792828344983718,LOW,False
2312,20,1,1870.15,0.05,0.06187682964142385,0.0793041095137453,0.0793041095137453,0.8080569138682434,-0.1497631045130809,0.44067600240186683,3.084732016813068,LOW,False
2313,9,2,868.75,0.2222222222222222,0.06396016297475719,0.07825777123290456,0.07825777123290456,3.4743848653094496,2.0223174868660396,0.33328510947992757,13.30089504283572,LOW,False
2314,14,0,2145.65,0.0,0.059330533345127556,0.06352985694448472,0.06352985694448472,0.0,-0.9338999991291225,0.3919737040327585,2.7438159282293095,LOW,False
2315,28,0,2725.113,0.0,0.04933053334512757,0.05162895995700023,0.05162895995700023,0.0,-0.9554818339593334,0.4873954768329804,3.411768337830863,LOW,False
2316,53,2,8463.988,0.03773584905660377,0.045163866678460896,0.05139661579364682,0.05139661579364682,0.8355318495039394,-0.14452347702580268,0.5773810439049414,4.041667307334589,LOW,False
2317,120,3,16183.65,0.025,0.0428900398763322,0.050418089781916274,0.050418089781916274,0.582885911789409,-0.3548337502217094,0.6941613501691095,13.88322700338219,LOW,False
2318,128,4,18603.62,0.03125,0.04202330959643399,0.050544502274898234,0.050544502274898234,0.7436349088186003,-0.21314503282356595,0.7034281226642937,14.068562453285875,LOW,False
2319,165,2,27598.604,0.012121212121212121,0.04175306588574216,0.05058574445041392,0.05058574445041392,0.2903071155153489,-0.5857747886576288,0.7399289671797024,14.798579343594048,LOW,False
2320,195,4,31546.043,0.020512820512820513,0.04047748961016589,0.05094461428198011,0.05094461428198011,0.5067710648653649,-0.3918896899845051,0.7639748156980716,15.279496313961433,LOW,False
2321,164,3,23277.848,0.018292682926829267,0.04054971785140821,0.050913733044277744,0.050913733044277744,0.4511173910965696,-0.4371518958396321,0.7390543791173132,14.781087582346263,LOW,False
2322,224,14,37850.42,0.0625,0.039118930517219076,0.05104178231613917,0.05104178231613917,1.5976919402867933,0.45807705808478283,0.783947408065517,20.16163771346129,LOW,False
2323,231,1,39258.95,0.004329004329004329,0.04033420829499686,0.05124485855004287,0.05124485855004287,0.10732835754064642,-0.7026110518157027,0.7883819220178166,15.767638440356336,LOW,False
2324,218,7,32937.016,0.03211009174311927,0.03953802097537203,0.05166551248980895,0.05166551248980895,0.8121319922188424,-0.14376958389250333,0.7800351730461409,15.60070346092282,LOW,False
2325,228,7,33682.008,0.03070175438596491,0.039613315202042414,0.05165278399747404,0.05165278399747404,0.7750362278283128,-0.17252818002052517,0.7864980270862671,15.729960541725344,LOW,False
2326,209,6,26832.354,0.028708133971291867,0.0398103038858732,0.0516075013819398,0.0516075013819398,0.7211232060320703,-0.21512705744879504,0.7739611118817943,15.479222237635886,LOW,False
2327,211,6,26755.527,0.02843601895734597,0.03965694846935989,0.05163597481320323,0.05163597481320323,0.7170501023122459,-0.21730836984498542,0.7753331020967204,15.506662041934408,LOW,False
2328,221,8,32767.504,0.03619909502262444,0.039641508244160135,0.05163941564986351,0.05163941564986351,0.913161396374397,-0.06666251308645078,0.7820045079683347,15.640090159366693,LOW,False
2329,178,3,28337.975,0.016853932584269662,0.039013051733350686,0.05158333978755105,0.05158333978755105,0.4320075419750338,-0.42957899275899214,0.7508423690723203,15.016847381446407,LOW,False
2330,143,6,22281.324,0.04195804195804196,0.039234529693592694,0.05147153620293618,0.05147153620293618,1.0694162077567617,0.05291297803336018,0.7193500794753345,14.907623147682402,LOW,False
2331,139,5,17719.94,0.03597122302158273,0.04074603901760202,0.05097362451727984,0.05097362451727984,0.8828152107262107,-0.09367228721200015,0.7152725173289632,14.305450346579265,LOW,False
2332,72,1,8764.223,0.013888888888888888,0.041588671997832005,0.050708886485361995,0.050708886485361995,0.3339584608427244,-0.5462510622657656,0.6210177634316978,4.347124344021885,LOW,False
2333,50,3,5596.424,0.06,0.04059504865751055,0.05102034364963188,0.05102034364963188,1.4780127622509773,0.3803375272371271,0.5691077130854598,5.238537492507034,LOW,False
2334,33,5,2686.72,0.15151515151515152,0.04309504865751055,0.050411062399648536,0.050411062399648536,3.515836650267841,2.150720450961908,0.5104191185326289,15.211407009639832,LOW,False
2335,22,3,3199.4539,0.13636363636363635,0.04695719957848501,0.055009435730198064,0.055009435730198064,2.9039984834639894,1.6252927447512544,0.4538436109089882,10.910557053742629,LOW,False
2336,9,1,451.128,0.1111111111111111,0.045694573315858744,0.05242956661346529,0.05242956661346529,2.4316040844296256,1.2477031953655646,0.33328510947992757,7.174657967711605,LOW,False
2337,9,0,786.8,0.0,0.048240869612155034,0.05410494922055116,0.05410494922055116,0.0,-0.8916165768035003,0.33328510947992757,2.3329957663594927,LOW,False
2338,8,1,1096.457,0.125,0.038981610352895775,0.040286476568947314,0.040286476568947314,3.2066402303134787,2.135167852167219,0.31803481922888616,12.98503369240667,LOW,False
2339,18,0,2417.474,0.0,0.04418994368622911,0.043015447283473285,0.043015447283473285,0.0,-1.0273040611437991,0.4261895338914151,2.9833267372399055,LOW,False
2340,50,3,7365.581,0.06,0.04418994368622911,0.043015447283473285,0.043015447283473285,1.3577749821549958,0.36754369214347743,0.5691077130854598,4.922913319755082,LOW,False
2341,97,2,16324.29,0.020618556701030927,0.045117616642203956,0.04311017680083142,0.04311017680083142,0.45699569781227983,-0.5682894796362918,0.6636460006364596,4.645522004455216,LOW,False
2342,125,5,17755.617,0.04,0.044935056504746905,0.04320823918467568,0.04320823918467568,0.8901735774110895,-0.1142156356720313,0.7000222270779219,14.00044454155844,LOW,False
2343,180,10,33136.703,0.05555555555555555,0.04529963983808024,0.04312458109494013,0.04312458109494013,1.2264017054911303,0.23782064560572982,0.7524506509957629,16.747025811098734,LOW,False
2344,195,2,26852.38,0.010256410256410256,0.04710940414784456,0.042579617594316145,0.042579617594316145,0.21771470987453634,-0.8655078644096071,0.7639748156980716,15.279496313961433,LOW,False
2345,217,11,35062.77,0.05069124423963134,0.04668205372049412,0.04290836039413564,0.04290836039413564,1.0858829078759473,0.0934361155334466,0.7793727284850581,16.23157637877077,LOW,False
2346,206,2,40907.6,0.009708737864077669,0.04803199377519421,0.04248391569212956,0.04248391569212956,0.20213064461820612,-0.9020650588998366,0.7718784301378744,15.43756860275749,LOW,False
2347,216,11,39093.383,0.05092592592592592,0.04583235785286411,0.04306493494977696,0.04306493494977696,1.1111347596258025,0.11827646039642269,0.7787072381911495,16.40765546101651,LOW,False
2348,242,12,28362.318,0.049586776859504134,0.04777389625273584,0.0421531806426164,0.0421531806426164,1.0379470955682095,0.04300697074648476,0.7950870480722153,16.18634417820588,LOW,False
2349,217,16,31200.688,0.07373271889400922,0.04850209146591855,0.04202157313787609,0.04202157313787609,1.5201966897823307,0.6004208206415069,0.7793727284850581,19.488929743068645,LOW,False
2350,221,16,36693.59,0.07239819004524888,0.050295048320420394,0.042146880798540926,0.042146880798540926,1.4394695395064236,0.5244312581630872,0.7820045079683347,18.93611170566487,LOW,False
2351,234,9,33030.1,0.038461538461538464,0.052115467323501946,0.04211748046612729,0.04211748046612729,0.7380062088437588,-0.32418674409891557,0.7902416120615733,15.804832241231468,LOW,False
2352,200,11,27332.678,0.055,0.05253319730284329,0.041921673981845285,0.041921673981845285,1.046957025724821,0.058843134418367735,0.7676209501511251,15.704596695958662,LOW,False
2353,194,13,24159.865,0.06701030927835051,0.05331656834356727,0.04177859310953096,0.04177859310953096,1.2568383780167918,0.327769317144844,0.76323443616078,17.190976558341543,LOW,False
2354,165,11,21703.33,0.06666666666666667,0.055406417372487304,0.04112470158475881,0.04112470158475881,1.2032300557980269,0.27380744079009955,0.7399289671797024,16.322804762079247,LOW,False
2355,142,5,15009.336,0.035211267605633804,0.05643594340201335,0.04108265321572638,0.04108265321572638,0.6239156375009343,-0.5166335213290161,0.7183414072125762,14.366828144251526,LOW,False
2356,103,3,8928.653,0.02912621359223301,0.05640427859301547,0.04109940183060569,0.04109940183060569,0.5163830531792264,-0.6637095379930609,0.6722471773128578,13.444943546257157,LOW,False
2357,66,1,7982.948,0.015151515151515152,0.05703916712232147,0.04052780021438551,0.04052780021438551,0.2656335272046043,-1.033553554578028,0.608603540536682,4.260224783756773,LOW,False
2358,32,1,5011.554,0.03125,0.05517048025363461,0.041409703051430165,0.041409703051430165,0.5664261006308943,-0.5776539914793827,0.5060980846989978,3.542686592892984,LOW,False
2359,19,6,2264.226,0.3157894736842105,0.050159432273836624,0.03619200002108926,0.03619200002108926,6.295714671573898,7.33946842549707,0.4336139245415396,31.035297471790773,MEDIUM,False
2360,14,2,1416.842,0.14285714285714285,0.05763550882886056,0.06321583205257078,0.06321583205257078,2.4786307219275936,1.3481058662236907,0.3919737040327585,8.14818473801789,LOW,False
2361,8,0,821.311,0.0,0.058958260151611874,0.0646981780100256,0.0646981780100256,0.0,-0.9112816151094043,0.31803481922888616,2.226243734602203,LOW,False
2362,11,3,897.106,0.2727272727272727,0.058958260151611874,0.0646981780100256,0.0646981780100256,4.6257686713609125,3.3040963308508515,0.35967503973766723,22.11578948795854,LOW,False
2363,24,3,2386.95,0.125,0.0651135631819149,0.0770942451683213,0.0770942451683213,1.9197229254798083,0.7767951639883617,0.46591258883663084,5.675660801240912,LOW,False
2364,74,1,9200.46,0.013513513513513514,0.07032189651524824,0.0767255380117816,0.0767255380117816,0.19216651118877764,-0.7404103571487698,0.6249299984510739,4.374509989157517,LOW,False
2365,118,0,18272.94,0.0,0.0683849595783113,0.07757946771519962,0.07757946771519962,0.0,-0.8814827117576768,0.6917488962584405,13.83497792516881,LOW,False
2366,156,19,23063.541,0.12179487179487179,0.06752585304910168,0.07824275423277587,0.07824275423277587,1.803677647823393,0.6935980114441938,0.7318606560601462,20.66479547987837,LOW,False
2367,144,3,22493.914,0.020833333333333332,0.07093397270722133,0.07877128274657876,0.07877128274657876,0.2937003601831598,-0.6360267044916698,0.7203517712512958,14.407035425025915,LOW,False
2368,193,8,26629.559,0.04145077720207254,0.06948721344796208,0.07938250500569823,0.07938250500569823,0.5965238084142546,-0.35318155107195254,0.762490250028163,15.24980500056326,LOW,False
2369,241,8,44002.883,0.03319502074688797,0.07078697873736467,0.07862226608996964,0.07862226608996964,0.4689424713272313,-0.4781337381888635,0.7944901652307216,15.889803304614434,LOW,False
2370,214,2,30944.113,0.009345794392523364,0.07005796942516702,0.07889733519732701,0.07889733519732701,0.13340087457867514,-0.7695085630053136,0.777367007468166,15.54734014936332,LOW,False
2371,203,3,30779.395,0.014778325123152709,0.07004284678051893,0.0789094394218491,0.0789094394218491,0.2109897841454242,-0.7003537480721747,0.769765343208684,15.39530686417368,LOW,False
2372,240,6,38551.215,0.025,0.06853669674707005,0.07963185905695071,0.07963185905695071,0.3647680904765629,-0.5467246057376822,0.7938908108176181,15.877816216352365,LOW,False
2373,336,8,50192.75,0.023809523809523808,0.06751224771125737,0.08004333474898434,0.08004333474898434,0.3526696950063725,-0.5459882954500231,0.8424214082366424,16.848428164732848,LOW,False
2374,384,9,59487.48,0.0234375,0.06543211458273715,0.0805219122191059,0.0805219122191059,0.35819566812813164,-0.5215302695304452,0.861695562290294,17.23391124580588,LOW,False
2375,385,3,43490.69,0.007792207792207792,0.06339208583085178,0.08095678992977913,0.08095678992977913,0.12292082978622335,-0.6867846179038298,0.8620710330169165,17.24142066033833,LOW,False
2376,207,7,26593.352,0.033816425120772944,0.062114197052963005,0.08160686897617661,0.08160686897617661,0.5444234446424324,-0.3467572311890926,0.7725759923744698,15.451519847489397,LOW,False
2377,173,6,20268.049,0.03468208092485549,0.06123154809966188,0.08180148795037827,0.08180148795037827,0.5664086896579217,-0.3245597096095808,0.7467417015090355,14.93483403018071,LOW,False
2378,132,0,14375.274,0.0,0.059884538584932916,0.0819681944165526,0.0819681944165526,0.0,-0.7305826242872548,0.7078481266788389,14.156962533576777,LOW,False
2379,123,5,10749.759,0.04065040650406504,0.057106760807155134,0.08285320390041148,0.08285320390041148,0.7118317678941403,-0.19862061487532126,0.6977062755269499,13.954125510538997,LOW,False
2380,106,2,12001.069,0.018867924528301886,0.05733339159458977,0.0827981291584045,0.0827981291584045,0.32909137247136705,-0.46456927779971957,0.676363394522604,13.52726789045208,LOW,False
2381,58,1,5635.255,0.017241379310344827,0.05690596288359264,0.08297636043595202,0.08297636043595202,0.3029801876055406,-0.4780226966433916,0.5901986065729019,4.131390246010313,LOW,False
2382,25,2,2092.34,0.08,0.05699304055687721,0.08293172160215831,0.08293172160215831,1.4036801549508942,0.2774204972313517,0.47158954718963364,4.360787237073532,LOW,False
2383,16,1,1829.093,0.0625,0.05902429055687721,0.08287077759191952,0.08287077759191952,1.0588860858865132,0.04194131567388231,0.41009030347101677,3.0252080997492152,LOW,False
2384,14,1,1801.72,0.07142857142857142,0.048470562486701764,0.062333111436537365,0.062333111436537365,1.4736484943447552,0.36831161501128795,0.3919737040327585,3.987143225884292,LOW,False
2385,16,2,2113.163,0.125,0.04549437201051129,0.059260018253313715,0.059260018253313715,2.7475926026876305,1.3416402885607093,0.41009030347101677,8.952738968805251,LOW,False
2386,19,2,3321.468,0.10526315789473684,0.050702705343844634,0.06056638825666614,0.06056638825666614,2.0760856285850218,0.9008371494710533,0.4336139245415396,5.86002224682646,LOW,False
2387,34,0,4067.78,0.0,0.04372503389248897,0.04004564503059765,0.04004564503059765,0.0,-1.0918798750545786,0.5146148872057391,3.6023042104401735,LOW,False
2388,59,3,5469.7407,0.05084745762711865,0.03851670055915563,0.037030687381365744,0.037030687381365744,1.3201405335595893,0.3329875284510109,0.5926313341559827,4.9887882396858005,LOW,False
2389,108,2,17904.0,0.018518518518518517,0.04007228156388918,0.036717525619763026,0.036717525619763026,0.4621278798162153,-0.5870156738930539,0.679043913423446,13.580878268468922,LOW,False
2390,149,5,27909.768,0.03355704697986577,0.04084388650216079,0.036026893207963984,0.036026893207963984,0.821592895624428,-0.20226111311436124,0.725258813512686,14.50517627025372,LOW,False
2391,188,1,38380.402,0.005319148936170213,0.0371673104682022,0.03164213943556535,0.03164213943556535,0.1431136358580724,-1.0065110040010465,0.758710821630753,15.174216432615061,LOW,False
2392,227,8,40753.438,0.03524229074889868,0.03652088611832041,0.03214481671838,0.03214481671838,0.9649900233723975,-0.039776097671468294,0.7858645736290825,15.717291472581651,LOW,False
2393,216,3,33168.938,0.013888888888888888,0.036262199182771494,0.03212839560022557,0.03212839560022557,0.38301286744593327,-0.6963718503804008,0.7787072381911495,15.574144763822991,LOW,False
2394,225,10,44875.324,0.044444444444444446,0.03545777702202154,0.03244862470326682,0.03244862470326682,1.2534470059090737,0.27695064134777203,0.7845892888688628,17.592638321695308,LOW,False
2395,228,14,31649.137,0.06140350877192982,0.036920220774184914,0.032008558224535306,0.032008558224535306,1.663140346518836,0.7648981821048689,0.7864980270862671,20.703513140616614,LOW,False
2396,253,11,35271.316,0.043478260869565216,0.038862936759550624,0.03202118032047318,0.03202118032047318,1.1187590155260299,0.14413347864830958,0.801495268524697,16.920597986939164,LOW,False
2397,275,13,41967.418,0.04727272727272727,0.03963286429578251,0.031895264081357975,0.031895264081357975,1.1927658551228595,0.2395296981224895,0.8135186506466554,17.716116926354555,LOW,False
2398,224,5,31810.322,0.022321428571428572,0.040610497773415986,0.03174842140397057,0.03174842140397057,0.5496467611889354,-0.5760623172180812,0.783947408065517,15.678948161310341,LOW,False
2399,226,1,36786.86,0.004424778761061947,0.040563994797225514,0.0317754747625877,0.0317754747625877,0.10908143498146272,-1.1373304822722496,0.78522833575215,15.704566715043,LOW,False
2400,233,5,36060.61,0.02145922746781116,0.0404236852542611,0.031933517042850426,0.031933517042850426,0.5308577714484634,-0.5938731321389443,0.7896243664185199,15.792487328370397,LOW,False
2401,215,7,26760.707,0.03255813953488372,0.03990880201872103,0.03214361185127927,0.03214361185127927,0.81581350198412,-0.22868190786545867,0.7780386740281655,15.560773480563311,LOW,False
2402,169,2,23076.316,0.011834319526627219,0.03982030446080554,0.03216154648792439,0.03216154648792439,0.29719309500196167,-0.8701691302278063,0.7433754129509443,14.867508259018889,LOW,False
2403,100,2,10199.103,0.02,0.04031340110774834,0.03161048251388231,0.03161048251388231,0.49611294136519657,-0.6426159771154187,0.6680104684941067,13.360209369882133,LOW,False
2404,72,6,12231.75,0.08333333333333333,0.039452967503412296,0.03188080538623064,0.03188080538623064,2.1122196530875863,1.3763882467308375,0.6210177634316978,8.913399512824212,LOW,False
2405,51,2,8561.954,0.0392156862745098,0.04213902620362194,0.032774232280741264,0.032774232280741264,0.9306263055300298,-0.08919629006321367,0.5719183622512457,4.0034285357587205,LOW,False
2406,36,0,3434.076,0.0,0.04305462232712881,0.03235266969822838,0.03235266969822838,0.0,-1.3307904024219204,0.5226582832922795,3.6586079830459566,LOW,False
2407,10,1,1195.734,0.1,0.03972128899379548,0.0325015473528203,0.0325015473528203,2.5175416642601944,1.8546412683633011,0.34708067508455476,10.152167143364334,LOW,False
2408,15,1,1567.748,0.06666666666666667,0.04128378899379548,0.0344851088990978,0.0344851088990978,1.6148388578549795,0.7360532845391495,0.4013152602464483,4.42315882359446,LOW,False
2409,4,0,610.17,0.0,0.04108537629538278,0.034317418996609186,0.034317418996609186,0.0,-1.1972163844676758,0.23295629441831542,1.6306940609282077,LOW,False
2410,8,1,1012.36,0.125,0.035877042962049445,0.03027559145921537,0.03027559145921537,3.4841221483115086,2.943723070051636,0.31803481922888616,17.25085280539582,LOW,False
2411,21,0,2288.1099,0.0,0.03669941138310208,0.03243341047691933,0.03243341047691933,0.0,-1.1315310614410585,0.4474094901461668,3.131866431023168,LOW,False
2412,41,0,5187.376,0.0,0.03669941138310208,0.03243341047691933,0.03243341047691933,0.0,-1.1315310614410585,0.541004817463479,3.787033722244353,LOW,False
2413,79,0,11103.881,0.0,0.03458076731530547,0.03312246877459925,0.03312246877459925,0.0,-1.0440274712199156,0.6342715546647637,4.439900882653346,LOW,False
2414,121,4,13384.076,0.03305785123966942,0.033809162377033866,0.033723167896879604,0.033723167896879604,0.9777778837290924,-0.02227878293231053,0.6953526645809566,13.907053291619132,LOW,False
2415,165,13,31640.926,0.07878787878787878,0.033788362554525685,0.03372348410367886,0.03372348410367886,2.331805178801888,1.3343673534741372,0.7399289671797024,28.96671010303492,LOW,False
2416,222,7,25846.764,0.03153153153153153,0.036849559631680205,0.03435546018130905,0.03435546018130905,0.8556827231233267,-0.15479426187520343,0.7826550433732524,15.65310086746505,LOW,False
2417,269,5,38914.77,0.01858736059479554,0.03669494466428991,0.03437135447160704,0.03437135447160704,0.5065373654285419,-0.5268219524037787,0.8103373383232568,16.206746766465137,LOW,False
2418,258,14,30403.459,0.05426356589147287,0.03689071431870269,0.0342489725593381,0.0342489725593381,1.4709274920155875,0.5072517589446173,0.8043168760797031,19.61829371171097,LOW,False
2419,225,12,25619.797,0.05333333333333334,0.037299844378995535,0.034401439951361544,0.034401439951361544,1.429854044199891,0.4660702859242735,0.7845892888688628,18.91569110887644,LOW,False
2420,198,4,27642.379,0.020202020202020204,0.03696358706905402,0.034194412906282,0.034194412906282,0.546538412635103,-0.49018437348150745,0.7661734992494772,15.323469984989547,LOW,False
2421,202,4,21312.832,0.019801980198019802,0.03599374370790631,0.034331419215936826,0.034331419215936826,0.5501506139154438,-0.47163105632318886,0.7690540696204041,15.381081392408083,LOW,False
2422,188,3,22509.283,0.015957446808510637,0.034849129246460164,0.03439690346571613,0.03439690346571613,0.4579008759632504,-0.5492262539498396,0.758710821630753,15.174216432615061,LOW,False
2423,150,7,18376.74,0.04666666666666667,0.03458396333967192,0.034521981110227924,0.034521981110227924,1.3493730087648588,0.3500002878865771,0.7262205704328422,17.144708974393282,LOW,False
2424,154,2,26892.611,0.012987012987012988,0.03634404200240545,0.03399022327112972,0.03399022327112972,0.3573354055158046,-0.6871690376694649,0.7300049398220412,14.600098796440825,LOW,False
2425,137,1,15457.8,0.0072992700729927005,0.03599103306570552,0.034194910457653716,0.034194910457653716,0.2028080177545083,-0.8390653055882138,0.7131898355850435,14.263796711700868,LOW,False
2426,7,0,430.0,0.0,0.034938580171460065,0.034690283355232575,0.034690283355232575,0.0,-1.0071575320871524,0.3009864451848362,2.1069051162938535,LOW,False
2427,235,14,21706.652,0.059574468085106386,0.03444548352451726,0.03511448637287023,0.03511448637287023,1.7295291570723073,0.7156301332091819,0.7908562366961261,21.28859341196483,LOW,False
2428,55,0,9311.637,0.0,0.036094419694730026,0.035335142393477126,0.035335142393477126,0.0,-1.021487880048647,0.5826450379722601,4.07851526580582,LOW,False
2429,47,2,6767.463,0.0425531914893617,0.03262219747250781,0.034577639760739624,0.034577639760739624,1.3044244344735878,0.28720855690473723,0.5603326698608914,4.7214428295194075,LOW,False
2430,26,3,2481.814,0.11538461538461539,0.032761260189793306,0.03461200430598095,0.03461200430598095,3.521983425428891,2.3871300391738592,0.47705222884332926,16.028266015039776,LOW,False
2431,17,3,2188.382,0.17647058823529413,0.03756895249748561,0.03773614015329642,0.03773614015329642,4.697245371616492,3.6808649526301602,0.4183636342904982,24.362598708283734,LOW,False
2432,8,1,643.957,0.125,0.04075522700728953,0.045637868870873524,0.045637868870873524,3.0670912464220197,1.8459401167716707,0.31803481922888616,11.353346267336065,LOW,False
2433,8,0,1887.85,0.0,0.04318578256284509,0.04853897734124985,0.04853897734124985,0.0,-0.8897134824087969,0.31803481922888616,2.226243734602203,LOW,False
2434,13,1,1797.645,0.07692307692307693,0.04318578256284509,0.04853897734124985,0.04853897734124985,1.7812129908989478,0.6950557306356946,0.3819874078490358,4.724595956052989,LOW,False
2435,14,0,1547.15,0.0,0.04118257743463996,0.045938084185095554,0.045938084185095554,0.0,-0.8964800810740274,0.3919737040327585,2.7438159282293095,LOW,False
2436,55,7,9037.477,0.12727272727272726,0.04118257743463996,0.045938084185095554,0.045938084185095554,3.090450748856582,1.8740474568162104,0.5826450379722601,13.38990610512527,LOW,False
2437,54,2,6935.162,0.037037037037037035,0.04648560773767026,0.04826451229974294,0.04826451229974294,0.7967420205850843,-0.1957664182319636,0.5800369695028702,4.060258786520091,LOW,False
2438,106,3,11022.716,0.02830188679245283,0.048028817614213466,0.04729595084857445,0.04729595084857445,0.5892688639513224,-0.4170955540130604,0.676363394522604,13.52726789045208,LOW,False
2439,138,3,17784.225,0.021739130434782608,0.04783065242891279,0.047371308383097735,0.047371308383097735,0.45450206783384134,-0.5507874467626006,0.714234922319791,14.284698446395822,LOW,False
2440,131,3,15733.234,0.022900763358778626,0.04545362124753377,0.04718131111893801,0.04718131111893801,0.5038270379837158,-0.47800405189890327,0.7067557148222219,14.135114296444437,LOW,False
2441,152,4,16958.076,0.02631578947368421,0.0450940059070024,0.04732471263377739,0.04732471263377739,0.5835762191532816,-0.3967951496849764,0.7281251226999029,14.562502453998057,LOW,False
2442,170,6,18121.936,0.03529411764705882,0.04541602377695609,0.04716252393470382,0.04716252393470382,0.7771291872752392,-0.214617566776345,0.7442243531203013,14.884487062406027,LOW,False
2443,164,1,16981.197,0.006097560975609756,0.044625630100105514,0.04716675548094982,0.04716675548094982,0.13663809254752324,-0.8168479839588895,0.7390543791173132,14.781087582346263,LOW,False
2444,212,0,24158.91,0.0,0.042657472918533695,0.047769275877166964,0.047769275877166964,0.0,-0.8929897331544723,0.77601425104291,15.520285020858202,LOW,False
2445,215,7,24812.21,0.03255813953488372,0.04181572207678286,0.048356553029978634,0.048356553029978634,0.7786100040338851,-0.1914442192800612,0.7780386740281655,15.560773480563311,LOW,False
2446,157,2,18818.307,0.012738853503184714,0.042347228715818856,0.04817382976231933,0.04817382976231933,0.3008190592275074,-0.6146153494276111,0.7327796679344233,14.655593358688465,LOW,False
2447,225,3,21305.377,0.013333333333333334,0.04221312066143027,0.04825490051960753,0.04825490051960753,0.3158575609766722,-0.5984840299559242,0.7845892888688628,15.691785777377257,LOW,False
2448,270,17,24857.57,0.06296296296296296,0.04082423177254138,0.048599618223323836,0.048599618223323836,1.54229388353885,0.4555330267964286,0.810872436470378,20.284652855948934,LOW,False
2449,201,5,18344.734,0.024875621890547265,0.0429065630215393,0.04842536735964905,0.04842536735964905,0.5797626316062553,-0.3723449529474609,0.7683392835557189,15.36678567111438,LOW,False
2450,141,3,16563.56,0.02127659574468085,0.04363891101393741,0.047994445426378145,0.047994445426378145,0.4875601899847025,-0.46593548629621306,0.717325656490079,14.34651312980158,LOW,False
2451,91,2,7943.267,0.02197802197802198,0.04452543583663244,0.04734544308934977,0.04734544308934977,0.4936059931824404,-0.4762319747659609,0.6545012410322124,4.581508687225487,LOW,False
2452,79,3,7410.643,0.0379746835443038,0.04295891724883725,0.04744773304657215,0.04744773304657215,0.8839767381551416,-0.10504682488499911,0.6342715546647637,4.439900882653346,LOW,False
2453,39,0,3010.927,0.0,0.044541195729849915,0.04657807705478084,0.04657807705478084,0.0,-0.9562695273457654,0.5339427396031516,3.7375991772220614,LOW,False
2454,30,7,3202.69,0.23333333333333334,0.04276814608445984,0.04745863831384011,0.04745863831384011,5.45577385731286,4.015395173976157,0.49704864540372573,27.171694403971763,LOW,False
2455,15,0,1828.952,0.0,0.04768267599898976,0.059806096293419216,0.059806096293419216,0.0,-0.7972878845837083,0.4013152602464483,2.8092068217251382,LOW,False
2456,10,1,792.792,0.1,0.04032973482251917,0.0538336503524859,0.0538336503524859,2.479560067530183,1.1084194511570107,0.34708067508455476,6.787745001670535,LOW,False
2457,22,1,2337.447,0.045454545454545456,0.0392880681558525,0.05234537021625011,0.05234537021625011,1.1569554724409217,0.1178036810747139,0.4538436109089882,3.5889133915203373,LOW,False
2458,23,0,2774.85,0.0,0.04118200754979189,0.05168014251534265,0.05168014251534265,0.0,-0.7968632736948413,0.46000385479927935,3.2200269835949555,LOW,False
2459,40,5,4105.547,0.125,0.037976879344663685,0.05175243719602454,0.05175243719602454,3.291476344476534,1.6815270037566687,0.5375168442542968,12.759423955466405,LOW,False
2460,92,2,13761.36,0.021739130434782608,0.04318521267799702,0.05400522433621868,0.05400522433621868,0.5033929228709982,-0.3971112518614531,0.6560660550181688,4.592462385127182,LOW,False
2461,120,1,14486.316,0.008333333333333333,0.038787979476416,0.0510780078498385,0.0510780078498385,0.21484319229363819,-0.5962379392832753,0.6941613501691095,13.88322700338219,LOW,False
2462,149,5,24661.773,0.03355704697986577,0.037591991822095,0.051455441581886384,0.051455441581886384,0.8926647765480291,-0.07841629025392782,0.725258813512686,14.50517627025372,LOW,False
2463,158,0,20905.615,0.0,0.03781095682990388,0.051425362041432686,0.051425362041432686,0.0,-0.7352589331202011,0.7336928815879392,14.673857631758786,LOW,False
2464,213,6,32963.17,0.028169014084507043,0.0369051597284546,0.05190992801771826,0.05190992801771826,0.7632811859309792,-0.16829431242836007,0.776692209584216,15.53384419168432,LOW,False
2465,152,4,29633.164,0.02631578947368421,0.037124670175359954,0.05185924725868882,0.05185924725868882,0.7088491116387152,-0.2084272578766511,0.7281251226999029,14.562502453998057,LOW,False
2466,200,7,25429.012,0.035,0.037124670175359954,0.05185924725868882,0.05185924725868882,0.9427693184794914,-0.040969938587065984,0.7676209501511251,15.352419003022503,LOW,False
2467,180,2,22152.547,0.011111111111111112,0.03711241527339917,0.051859733395197526,0.051859733395197526,0.29939067638842554,-0.5013775131496512,0.7524506509957629,15.049013019915257,LOW,False
2468,221,8,43627.758,0.03619909502262444,0.037321313195711726,0.051739327448403684,0.051739327448403684,0.9699309033633834,-0.021689848485301727,0.7820045079683347,15.640090159366693,LOW,False
2469,239,11,33995.89,0.04602510460251046,0.03882960882165441,0.051128063479595705,0.051128063479595705,1.1853095099130455,0.1407347607391319,0.7932889642792068,17.255600609931978,LOW,False
2470,239,9,41251.977,0.03765690376569038,0.03939073236613886,0.051130141425470135,0.051130141425470135,0.9559838445162061,-0.033910107660777705,0.7932889642792068,15.865779285584136,LOW,False
2471,242,6,43704.766,0.024793388429752067,0.04042898446040993,0.05081745404842078,0.05081745404842078,0.6132577595173331,-0.30768160907391534,0.7950870480722153,15.901740961444307,LOW,False
2472,231,3,23574.834,0.012987012987012988,0.04090648675609404,0.050605180598249665,0.050605180598249665,0.31748052734150406,-0.5517117701986174,0.7883819220178166,15.767638440356336,LOW,False
2473,187,6,20958.867,0.03208556149732621,0.03882415550709613,0.05068628206849362,0.05068628206849362,0.826432953357137,-0.13294709603406882,0.7579429477664821,15.158858955329643,LOW,False
2474,131,7,13870.427,0.05343511450381679,0.03912456965737858,0.050621340430096924,0.050621340430096924,1.3657687476631288,0.2826978646723048,0.7067557148222219,16.878379903917903,LOW,False
2475,109,1,11156.458,0.009174311926605505,0.04046450793900925,0.0505539374247134,0.0505539374247134,0.2267249101467792,-0.6189467647105064,0.6803657845644823,13.607315691289646,LOW,False
2476,73,0,8605.045,0.0,0.03993102002020023,0.050824339055110364,0.050824339055110364,0.0,-0.7856672760053371,0.6229870983538917,4.360909688477242,LOW,False
2477,51,8,8272.813,0.1568627450980392,0.03834874153918757,0.051474848950004995,0.051474848950004995,4.090427450865508,2.302367194393489,0.5719183622512457,17.813657069752193,LOW,False
2478,19,5,2234.446,0.2631578947368421,0.044884689251605873,0.05614107930752393,0.05614107930752393,5.862976866380486,3.887941026028397,0.4336139245415396,26.17003946066501,LOW,False
2479,20,1,2118.6,0.05,0.0461273793100854,0.060643332249099985,0.060643332249099985,1.083954925422522,0.06385896925992353,0.44067600240186683,3.3051136960471887,LOW,False
2480,15,0,1204.7,0.0,0.04821071264341873,0.0598433504230342,0.0598433504230342,0.0,-0.8056151987249368,0.4013152602464483,2.8092068217251382,LOW,False
2481,12,2,867.954,0.16666666666666666,0.04404404597675207,0.05956132660823694,0.05956132660823694,3.7840907430402493,2.0587624163656,0.3712607321280216,14.539148896976306,LOW,False
2482,13,1,2039.7,0.07692307692307693,0.04909455102725712,0.06461115215165601,0.06461115215165601,1.5668353272111504,0.4307077798349793,0.3819874078490358,4.1618545888725205,LOW,False
2483,38,2,5001.427,0.05263157894736842,0.05229967923238532,0.06397466420520369,0.06397466420520369,1.0063461137784107,0.005187986824260665,0.5302781417424646,3.72860554086558,LOW,False
2484,88,2,12596.08,0.022727272727272728,0.049284328355192336,0.062076384755670094,0.062076384755670094,0.46114603740720966,-0.4278125366425091,0.6497026617837264,4.547918632486084,LOW,False
2485,104,0,15930.541,0.0,0.04932550095071276,0.062057645750596004,0.062057645750596004,0.0,-0.7948335834225396,0.6736322968201822,13.472645936403646,LOW,False
2486,151,9,22505.223,0.059602649006622516,0.04897827872849054,0.0623197351078528,0.0623197351078528,1.2169200419848933,0.17048163410426978,0.7271759790762514,16.17041989641173,LOW,False
2487,190,1,29238.523,0.005263157894736842,0.050063512146272075,0.062266270137577906,0.062266270137577906,0.10512961774154628,-0.7194963525605184,0.7602344555305266,15.204689110610534,LOW,False
2488,181,3,23576.307,0.016574585635359115,0.05028281039188611,0.06209130563613711,0.06209130563613711,0.3296272723458129,-0.5428815582339571,0.7532481399770573,15.06496279954115,LOW,False
2489,211,10,29734.54,0.04739336492890995,0.04979970920650495,0.06231554295811555,0.06231554295811555,0.9516795516291754,-0.03861547478150657,0.7753331020967204,15.506662041934408,LOW,False
2490,223,1,34526.113,0.004484304932735426,0.05067794151713934,0.06211840151809643,0.06211840151809643,0.0884863275517777,-0.7436385266762976,0.7833026680954841,15.666053361909682,LOW,False
2491,204,11,36946.086,0.05392156862745098,0.04940645422266999,0.06276223506455914,0.06276223506455914,1.0913871370819654,0.07193998748031537,0.7704731386726122,16.094866301566988,LOW,False
2492,215,6,28679.748,0.027906976744186046,0.05119022328585082,0.06223264432100009,0.06223264432100009,0.5451622390539492,-0.37413236727605936,0.7780386740281655,15.560773480563311,LOW,False
2493,225,6,31328.545,0.02666666666666667,0.05084471835758256,0.06234241250036798,0.06234241250036798,0.5244726989954862,-0.3878266932767989,0.7845892888688628,15.691785777377257,LOW,False
2494,217,9,30466.443,0.041474654377880185,0.0500381167769224,0.06253242361631675,0.06253242361631675,0.8288612171952945,-0.1369443546852665,0.7793727284850581,15.587454569701165,LOW,False
2495,193,3,22319.047,0.015544041450777202,0.05019718971909697,0.06250440792400831,0.06250440792400831,0.30965959524350906,-0.554411271449054,0.762490250028163,15.24980500056326,LOW,False
2496,230,13,27262.912,0.05652173913043478,0.04981180026163969,0.0626960737251207,0.0626960737251207,1.1347058093373599,0.10702327067901526,0.7877566774864215,16.76542711975863,LOW,False
2497,174,2,22338.084,0.011494252873563218,0.051625747184282256,0.06221223660979379,0.06221223660979379,0.22264574365449005,-0.6450739677216704,0.7475711816240547,14.951423632481095,LOW,False
2498,118,4,15890.806,0.03389830508474576,0.05076777599162547,0.06263399065417605,0.06263399065417605,0.6677130211561275,-0.2693341224259827,0.6917488962584405,13.83497792516881,LOW,False
2499,95,0,8633.852,0.0,0.049953742265830846,0.06272470797870866,0.06272470797870866,0.0,-0.7963965696386692,0.6606614849225034,4.624630394457523,LOW,False
2500,51,1,6797.521,0.0196078431372549,0.04957147926888894,0.06301133584037143,0.06301133584037143,0.39554686336666944,-0.4755277083403191,0.5719183622512457,4.0034285357587205,LOW,False
2501,48,2,5156.881,0.041666666666666664,0.05038847273294123,0.06246540700905601,0.06246540700905601,0.8269087036533114,-0.13962617845442216,0.5633171855748474,3.943220299023932,LOW,False
2502,31,3,2641.551,0.0967741935483871,0.045588636131634046,0.058209030954177204,0.058209030954177204,2.12277009711276,0.8793404833873095,0.5016440753080604,6.458780032077418,LOW,False
2503,12,1,1606.3931,0.08333333333333333,0.03865598191544842,0.037335609460357355,0.037335609460357355,2.1557681167071876,1.196641813637004,0.3712607321280216,6.493024365914411,LOW,False
2504,10,2,2185.8499,0.2,0.04004487080433731,0.03838131370747881,0.03838131370747881,4.9943974342486275,4.167526166893411,0.34708067508455476,26.7727849706532,LOW,False
2505,12,0,2157.6,0.0,0.04837820413767064,0.04943034870250217,0.04943034870250217,0.0,-0.9787146036301728,0.3712607321280216,2.598825124896151,LOW,False
2506,26,2,2868.76,0.07692307692307693,0.04143375969322619,0.04343318128297623,0.04343318128297623,1.8565314249204548,0.81710149202819,0.47705222884332926,5.587760592319499,LOW,False
2507,48,2,6196.864,0.041666666666666664,0.0414337596932262,0.04343318128297623,0.04343318128297623,1.0056211884985793,0.005362420310016613,0.5633171855748474,3.9579759188327026,LOW,False
2508,78,0,7945.057,0.0,0.04097688834819695,0.04336789133412013,0.04336789133412013,0.0,-0.9448669761805543,0.6324508528728112,4.427155970109678,LOW,False
2509,139,2,23343.762,0.014388489208633094,0.04002991865122726,0.04402683808052757,0.04402683808052757,0.359443378688754,-0.5824045187095777,0.7152725173289632,14.305450346579265,LOW,False
2510,159,2,22973.484,0.012578616352201259,0.040629439034920306,0.043553464977493024,0.043553464977493024,0.30959365058892774,-0.6440549034896483,0.7346003697263758,14.692007394527515,LOW,False
2511,205,7,38955.883,0.03414634146341464,0.03867010434098609,0.04372022181786182,0.04372022181786182,0.8830165329350622,-0.10347072108685594,0.7711774898627489,15.42354979725498,LOW,False
2512,188,5,49453.35,0.026595744680851064,0.03987357032301433,0.04315453008328087,0.04315453008328087,0.6670018376934875,-0.3076809228727396,0.758710821630753,15.174216432615061,LOW,False
2513,182,9,23302.088,0.04945054945054945,0.04029111861657649,0.04296737052328014,0.04296737052328014,1.2273312617884131,0.2131717794788091,0.7540412591337875,16.785809646088847,LOW,False
2514,191,5,25432.922,0.02617801047120419,0.04037683463831147,0.04298420352904152,0.04298420352904152,0.648342315728862,-0.3303265618848585,0.7609902999841155,15.219805999682311,LOW,False
2515,200,9,28981.69,0.045,0.04128073903574767,0.04242101827428667,0.04242101827428667,1.0900967630698564,0.08767495726303065,0.7676209501511251,16.028144726046424,LOW,False
2516,225,7,36500.42,0.03111111111111111,0.04090900700960388,0.04234445197446092,0.04234445197446092,0.7604953868424967,-0.23138558752400767,0.7845892888688628,15.691785777377257,LOW,False
2517,241,10,30496.443,0.04149377593360996,0.04104251260822576,0.04230671048763189,0.04230671048763189,1.010995021910373,0.010666471587672201,0.7944901652307216,15.972265968942231,LOW,False
2518,206,6,39669.77,0.02912621359223301,0.04166030882768173,0.04219576882896001,0.04219576882896001,0.6991358060427945,-0.29704625803254125,0.7718784301378744,15.43756860275749,LOW,False
2519,246,17,33360.668,0.06910569105691057,0.04114579046161309,0.042273345718159515,0.042273345718159515,1.679532469339303,0.6614073270118916,0.7974502660194367,21.045498840433506,LOW,False
2520,197,3,26745.324,0.015228426395939087,0.04337752586186865,0.042276827602037284,0.042276827602037284,0.35106719651167917,-0.6658280921857317,0.7654443093750529,15.30888618750106,LOW,False
2521,177,4,16091.418,0.022598870056497175,0.041656971164597996,0.04255796433572883,0.04255796433572883,0.5424991165873032,-0.4478151482471381,0.7500314768453384,15.00062953690677,LOW,False
2522,133,6,15751.713,0.045112781954887216,0.04211966354722024,0.04227520147515132,0.04227520147515132,1.0710622582326992,0.07080080764195244,0.708932355598294,14.711614048711125,LOW,False
2523,122,0,15885.301,0.0,0.04258693341680947,0.04224234379319437,0.04224234379319437,0.0,-1.008157445649846,0.6965342538687398,13.930685077374797,LOW,False
2524,82,7,7184.961,0.08536585365853659,0.04258693341680947,0.04224234379319437,0.04224234379319437,2.0045081157414795,1.01270233610047,0.6396001521180903,7.169607589087572,LOW,False
2525,55,3,5657.3857,0.05454545454545454,0.04532685052186288,0.04281577570873004,0.04281577570873004,1.2033806434255823,0.2153085836002268,0.5826450379722601,4.612389454797974,LOW,False
2526,44,6,5887.16,0.13636363636363635,0.04586346668347904,0.04284860085382452,0.04284860085382452,2.9732518325475237,2.1120915940497875,0.5509911136472015,13.902124579935478,LOW,False
2527,18,2,2429.031,0.1111111111111111,0.047513026800781094,0.04556940865760535,0.04556940865760535,2.3385399456235967,1.3956311083206419,0.4261895338914151,8.227880193404655,LOW,False
2528,13,0,1133.884,0.0,0.0486704342081885,0.0468534277370651,0.0468534277370651,0.0,-1.0387806518942475,0.3819874078490358,2.673911854943251,LOW,False
2529,24,0,5184.395,0.0,0.04033710087485517,0.03507266488120467,0.03507266488120467,0.0,-1.1501008267116792,0.46591258883663084,3.2613881218564154,LOW,False
2530,20,0,3234.15,0.0,0.04033710087485517,0.03507266488120467,0.03507266488120467,0.0,-1.1501008267116792,0.44067600240186683,3.084732016813068,LOW,False
2531,49,5,5976.466,0.10204081632653061,0.03713197266972696,0.03509868797443142,0.03509868797443142,2.7480580478214853,1.8493239321107457,0.566241403898243,12.268134405803611,LOW,False
2532,79,2,8790.487,0.02531645569620253,0.039647562238887955,0.037518012831633155,0.037518012831633155,0.638537510671239,-0.3819793603408071,0.6342715546647637,4.439900882653346,LOW,False
2533,111,3,17889.652,0.02702702702702703,0.04070241455956306,0.03670183972311284,0.03670183972311284,0.6640153248765192,-0.37260768494730284,0.682973853033872,13.65947706067744,LOW,False
2534,131,4,21639.242,0.030534351145038167,0.04122902030199614,0.03639727290823721,0.03639727290823721,0.7406033643627428,-0.29383160611842496,0.7067557148222219,14.135114296444437,LOW,False
2535,168,9,24654.854,0.05357142857142857,0.04197717591836434,0.035964723384391384,0.035964723384391384,1.2762037321332025,0.3223784742939552,0.7425214642560432,16.921957276119883,LOW,False
2536,211,5,32263.781,0.023696682464454975,0.04278655454786493,0.03599939191672667,0.03599939191672667,0.5538347902714558,-0.5302831816595236,0.7753331020967204,15.506662041934408,LOW,False
2537,209,8,32094.645,0.03827751196172249,0.04266576028884842,0.03606089277907027,0.03606089277907027,0.8971482449294852,-0.1216899524371419,0.7739611118817943,15.479222237635886,LOW,False
2538,180,5,26015.416,0.027777777777777776,0.04220021706014731,0.03604160974063155,0.03604160974063155,0.6582377938527317,-0.4001607970942091,0.7524506509957629,15.049013019915257,LOW,False
2539,190,7,26422.73,0.03684210526315789,0.04226687403125454,0.036012156502588565,0.036012156502588565,0.8716543654473888,-0.1506371540873069,0.7602344555305266,15.204689110610534,LOW,False
2540,188,11,34716.19,0.05851063829787234,0.04192696175055278,0.03602373597773991,0.03602373597773991,1.3955372832876667,0.4603541553149037,0.758710821630753,18.140746057272562,LOW,False
2541,192,10,36554.727,0.052083333333333336,0.04306860871666784,0.03610014744817873,0.03610014744817873,1.2093107923678235,0.24971434340001,0.7617422179553044,16.804675301864766,LOW,False
2542,243,20,33108.375,0.0823045267489712,0.043509840274989636,0.03614474979473502,0.03614474979473502,1.8916301744339326,1.0733145669646478,0.7956814796425686,23.517287988163964,LOW,False
2543,198,12,31290.23,0.06060606060606061,0.045725603323187064,0.03684780449389043,0.03684780449389043,1.325429435620542,0.40383565553656814,0.7661734992494772,17.76419075214361,LOW,False
2544,189,12,29552.908,0.06349206349206349,0.04537145205440165,0.03665365831439986,0.03665365831439986,1.399383546639299,0.49437388438094665,0.7594746433713426,18.184869467221596,LOW,False
2545,155,8,20434.537,0.05161290322580645,0.04738243693340683,0.03624972712262131,0.03624972712262131,1.0892834258049093,0.11670339691356288,0.7309357718656888,15.288341130850597,LOW,False
2546,115,7,9485.298,0.06086956521739131,0.04859135498212805,0.0358690726345425,0.0358690726345425,1.2526830181990025,0.3423063194401949,0.6880531069562045,15.656184775616607,LOW,False
2547,107,8,16357.289,0.07476635514018691,0.04924788761806572,0.035946752699715874,0.035946752699715874,1.5181636970914503,0.7098963217982939,0.6777098589665534,17.440424907516945,LOW,False
2548,85,5,6418.776,0.058823529411764705,0.05236315241557351,0.03471173741952293,0.03471173741952293,1.123376395388101,0.18611505722435215,0.6447395281114626,4.837039734674003,LOW,False
2549,46,2,6505.801,0.043478260869565216,0.05125722223862469,0.03403068478653633,0.03403068478653633,0.8482367746569446,-0.22858668339630614,0.5572853176432578,3.900997223502805,LOW,False
2550,36,3,5434.142,0.08333333333333333,0.05079608916879596,0.034059161431900006,0.034059161431900006,1.6405462447397428,0.9553154803765309,0.5226582832922795,5.34004187548778,LOW,False
2551,16,2,1270.608,0.125,0.0485864932092,0.029708950900350303,0.029708950900350303,2.572731468018994,2.572070183397119,0.41009030347101677,13.876859280209372,LOW,False
2552,13,3,2982.672,0.23076923076923078,0.0491651969129037,0.031083309646702466,0.031083309646702466,4.693751784988051,5.842493477061022,0.3819874078490358,29.870010290536886,LOW,False
2553,13,0,1389.903,0.0,0.05878058152828832,0.04688831911727417,0.04688831911727417,0.0,-1.253629531510182,0.3819874078490358,2.673911854943251,LOW,False
2554,31,3,6564.8213,0.0967741935483871,0.05878058152828832,0.04688831911727417,0.04688831911727417,1.6463633232654264,0.8103001501306007,0.5016440753080604,5.208212250728168,LOW,False
2555,50,1,8038.95,0.02,0.06281283959280444,0.045761181607651316,0.045761181607651316,0.31840623875076507,-0.9355711126490249,0.5691077130854598,3.9837539915982183,LOW,False
2556,71,1,9675.238,0.014084507042253521,0.059394472245865665,0.04576767014269624,0.04576767014269624,0.23713498091118937,-0.9899993830217477,0.6190212644137224,4.333148850896056,LOW,False
2557,104,0,16604.605,0.0,0.05892647438528447,0.046186793097979545,0.046186793097979545,0.0,-1.2758295268580193,0.6736322968201822,13.472645936403646,LOW,False
2558,159,3,23207.623,0.018867924528301886,0.05780034825915834,0.047314110177762284,0.047314110177762284,0.3264327135833875,-0.8228501726986881,0.7346003697263758,14.692007394527515,LOW,False
2559,185,2,26932.156,0.010810810810810811,0.057314247150127666,0.047665046650296555,0.047665046650296555,0.1886234461475733,-0.9756297246596217,0.7563948700797809,15.12789740159562,LOW,False
2560,232,8,40018.363,0.034482758620689655,0.05553255474343525,0.04860102794247753,0.04860102794247753,0.6209467361983021,-0.433114216177884,0.7890044773171113,15.780089546342227,LOW,False
2561,253,10,39049.707,0.039525691699604744,0.05598197458327837,0.048343023312543115,0.048343023312543115,0.7060431861117478,-0.3404065727805622,0.801495268524697,16.029905370493942,LOW,False
2562,226,14,35326.586,0.061946902654867256,0.0560339820723568,0.0483238163011503,0.0483238163011503,1.1055238332852213,0.12236038117646987,0.78522833575215,16.49599546468216,LOW,False
2563,203,19,27365.443,0.09359605911330049,0.05745769560890218,0.04795709160368029,0.04795709160368029,1.6289560192316384,0.7535561956727377,0.769765343208684,20.112477008410966,LOW,False
2564,230,13,32832.99,0.05652173913043478,0.05982244368599146,0.048294418867016416,0.048294418867016416,0.9448249795196916,-0.06834546585280389,0.7877566774864215,15.75513354972843,LOW,False
2565,234,5,43686.27,0.021367521367521368,0.059739572887348234,0.04829847398376486,0.04829847398376486,0.3576778395756931,-0.7944775135695864,0.7902416120615733,15.804832241231468,LOW,False
2566,236,9,37242.43,0.038135593220338986,0.058459747388772736,0.04891321729662513,0.04891321729662513,0.6523393432873945,-0.4155145641960472,0.7914682624872543,15.829365249745086,LOW,False
2567,232,14,28939.533,0.0603448275862069,0.05661937515841306,0.04880786441720629,0.04880786441720629,1.0657981904139802,0.07632893740133612,0.7890044773171113,16.273575974447077,LOW,False
2568,233,0,37331.527,0.0,0.05660849044925249,0.04880696580619402,0.04880696580619402,0.0,-1.1598444917481099,0.7896243664185199,15.792487328370397,LOW,False
2569,153,9,18116.06,0.058823529411764705,0.05396298780374984,0.05012069222470876,0.05012069222470876,1.0900717659609853,0.096976745377405,0.7290680829335906,15.256899903379203,LOW,False
2570,135,7,17953.762,0.05185185185185185,0.0542634305614981,0.05012760358009605,0.05012760358009605,0.9555579386579117,-0.048108797098048474,0.711076748655853,14.22153497311706,LOW,False
2571,98,0,8149.062,0.0,0.053887692504600626,0.05010972704948452,0.05010972704948452,0.0,-1.0753938541989119,0.6651154943134409,4.655808460194086,LOW,False
2572,62,4,5608.713,0.06451612903225806,0.05077242770709284,0.05107015506834561,0.05107015506834561,1.2706922230398932,0.26911414909103865,0.5996934120163099,4.908420969593888,LOW,False
2573,54,1,5259.5527,0.018518518518518517,0.05100961935794673,0.051122366346778234,0.051122366346778234,0.3630397315567018,-0.6355554948108505,0.5800369695028702,4.060258786520091,LOW,False
2574,16,0,1146.543,0.0,0.04996963009331978,0.051534457974020995,0.051534457974020995,0.0,-0.9696353092237808,0.41009030347101677,2.870632124297117,LOW,False
2575,46,14,2264.395,0.30434782608695654,0.04649740787109755,0.05199409817489524,0.05199409817489524,6.545479415340417,4.959224744095266,0.5572853176432578,31.722605478919597,MEDIUM,False
2576,8,1,439.538,0.125,0.05397023395805408,0.07258033921266585,0.07258033921266585,2.316091497716141,0.9786364573720627,0.31803481922888616,5.680983916107072,LOW,False
2577,7,1,203.127,0.14285714285714285,0.04956318267600279,0.06409335639846049,0.06409335639846049,2.8823238368489714,1.4555948607394347,0.3009864451848362,9.041232703757428,LOW,False
2578,16,4,2077.092,0.25,0.055515563628383745,0.06589845795019479,0.06589845795019479,4.503241679639205,2.9512744671294904,0.41009030347101677,20.603467327041553,LOW,False
2579,31,4,5393.911,0.12903225806451613,0.061899972230534284,0.07661978992175553,0.07661978992175553,2.084528529091432,0.8761742351752417,0.5016440753080604,6.358395916021432,LOW,False
2580,49,3,5489.233,0.061224489795918366,0.06644298298322246,0.07725717138054866,0.07725717138054866,0.9214590773472374,-0.0675470392463524,0.566241403898243,3.9636898272877006,LOW,False
2581,98,5,11231.862,0.05102040816326531,0.06840714893129184,0.07646330580685981,0.07646330580685981,0.7458344480123009,-0.2273867260191973,0.6651154943134409,4.655808460194086,LOW,False
2582,132,2,15391.133,0.015151515151515152,0.07053299927142788,0.07517716844679412,0.07517716844679412,0.21481455925627793,-0.7366795699296445,0.7078481266788389,14.156962533576777,LOW,False
2583,154,5,20958.777,0.032467532467532464,0.07037814888072844,0.07529195534955144,0.07529195534955144,0.4613297306605205,-0.5035148341837005,0.7300049398220412,14.600098796440825,LOW,False
2584,185,6,18837.85,0.032432432432432434,0.07128051228309183,0.07467425237753521,0.07467425237753521,0.4549971849756978,-0.520233930890299,0.7563948700797809,15.12789740159562,LOW,False
2585,171,3,23514.81,0.017543859649122806,0.07119508202524778,0.07471934000875118,0.07471934000875118,0.24641954401992625,-0.718036620369523,0.7450683431730747,14.901366863461494,LOW,False
2586,209,13,27394.635,0.06220095693779904,0.0702791723564777,0.07525721249480793,0.07525721249480793,0.8850553421758661,-0.107341411552228,0.7739611118817943,15.479222237635886,LOW,False
2587,202,17,26038.795,0.08415841584158416,0.07028975795159986,0.07525600738808423,0.07525600738808423,1.1973069518824349,0.1842863895033078,0.7690540696204041,16.860883531526344,LOW,False
2588,186,6,23979.72,0.03225806451612903,0.06989652281527835,0.07515351757476303,0.07515351757476303,0.46151172071005936,-0.5008209796927525,0.7571709785555715,15.14341957111143,LOW,False
2589,194,6,20923.086,0.030927835051546393,0.0688855363730156,0.07550364694538614,0.07550364694538614,0.4489742938789353,-0.5027267272125948,0.76323443616078,15.264688723215603,LOW,False
2590,201,5,21119.904,0.024875621890547265,0.06928388277651665,0.07526689703986048,0.07526689703986048,0.35903908519080147,-0.5900105176708864,0.7683392835557189,15.36678567111438,LOW,False
2591,169,11,19154.203,0.0650887573964497,0.06873138397110866,0.07555360456527231,0.07555360456527231,0.9470019900051753,-0.048212479015637376,0.7433754129509443,14.867508259018889,LOW,False
2592,182,7,23355.633,0.038461538461538464,0.06892904771320212,0.07553691336085842,0.07553691336085842,0.5579873759690989,-0.4033459655163941,0.7540412591337875,15.08082518267575,LOW,False
2593,58,8,4093.739,0.13793103448275862,0.07053161181576621,0.07441055320855036,0.07441055320855036,1.955591697564557,0.9057777393227024,0.5901986065729019,6.639818452117276,LOW,False
2594,44,6,2713.815,0.13636363636363635,0.07382775786039096,0.07561178104512971,0.07561178104512971,1.8470510322350757,0.8270652752633902,0.5509911136472015,6.0804467551474835,LOW,False
2595,44,1,3846.774,0.022727272727272728,0.07734908221504865,0.07650645190326227,0.07650645190326227,0.2938273095999454,-0.7139503679616701,0.5509911136472015,3.8569377955304107,LOW,False
2596,53,0,5054.565,0.0,0.07829605191201834,0.07564321134477109,0.07564321134477109,0.0,-1.0350704381805789,0.5773810439049414,4.041667307334589,LOW,False
2597,60,4,6165.269,0.06666666666666667,0.07560787986900759,0.07728280919558086,0.07728280919558086,0.8817423102217417,-0.1156947229973648,0.5950238495193444,4.165166946635411,LOW,False
2598,17,0,1438.476,0.0,0.07761405270851376,0.07635577662203044,0.07635577662203044,0.0,-1.0164791210586717,0.4183636342904982,2.9285454400334876,LOW,False
2599,7,1,3121.685,0.14285714285714285,0.07761405270851378,0.07635577662203044,0.07635577662203044,1.8406092437107373,0.854461745200885,0.3009864451848362,4.313504381034538,LOW,False
2600,13,2,1993.214,0.15384615384615385,0.07088527424060487,0.06109740196972691,0.06109740196972691,2.1703542166452805,1.3578462738342816,0.3819874078490358,7.311669121662093,LOW,False
2601,14,1,1542.893,0.07142857142857142,0.07208719731752794,0.06247641686347934,0.06247641686347934,0.9908634832055487,-0.010541992035102065,0.3919737040327585,2.7438159282293095,LOW,False
2602,6,0,339.609,0.0,0.06911100684133746,0.06063268771038283,0.06063268771038283,0.0,-1.139830831373533,0.2816585927874237,1.971610149511966,LOW,False
2603,24,5,2363.801,0.20833333333333334,0.058694340174670796,0.04845740468864193,0.04845740468864193,3.549462055682813,3.088052158801168,0.46591258883663084,19.088954212778905,LOW,False
2604,45,0,4191.393,0.0,0.06199855164420485,0.055634341774882794,0.055634341774882794,0.0,-1.1143935502117381,0.5541724259706003,3.8792069817942023,LOW,False
2605,64,1,8008.245,0.015625,0.05944753123604158,0.057056865593038804,0.057056865593038804,0.2628368188741023,-0.7680500984510464,0.6042170265463369,4.229519185824358,LOW,False
2606,118,5,12390.08,0.0423728813559322,0.057972722562572195,0.05773755177172794,0.05773755177172794,0.7309106676885412,-0.27018535992512743,0.6917488962584405,13.83497792516881,LOW,False
2607,115,1,13179.282,0.008695652173913044,0.05910694615442291,0.05712389147299217,0.05712389147299217,0.14711726353100307,-0.8824905425839908,0.6880531069562045,13.761062139124089,LOW,False
2608,151,1,16667.764,0.006622516556291391,0.05811645114218877,0.057807886757613364,0.057807886757613364,0.11395252852051516,-0.8907769765362608,0.7271759790762514,14.54351958152503,LOW,False
2609,172,4,17184.912,0.023255813953488372,0.05704103798068289,0.05854188054962361,0.05854188054962361,0.4077032041626595,-0.5771120385952777,0.7459074405024058,14.918148810048116,LOW,False
2610,181,8,21443.281,0.04419889502762431,0.05727903607669812,0.05838572850216309,0.05838572850216309,0.7716417393693713,-0.22402976522917267,0.7532481399770573,15.06496279954115,LOW,False
2611,188,6,24610.842,0.031914893617021274,0.056528950163774176,0.05843536281359876,0.05843536281359876,0.5645760893234049,-0.42121851155897766,0.758710821630753,15.174216432615061,LOW,False
2612,142,10,17897.93,0.07042253521126761,0.05435213673775072,0.05833436135203807,0.05833436135203807,1.2956718804093503,0.27548769029174314,0.7183414072125762,16.58436724732165,LOW,False
2613,173,5,17563.018,0.028901734104046242,0.05594232301671482,0.058225972276002444,0.058225972276002444,0.5166345004194908,-0.4644076836448676,0.7467417015090355,14.93483403018071,LOW,False
2614,205,7,24219.246,0.03414634146341464,0.055857902143902315,0.05826527278321167,0.05826527278321167,0.6113072663460598,-0.3726329534450161,0.7711774898627489,15.42354979725498,LOW,False
2615,211,13,23741.928,0.061611374407582936,0.05624418212610512,0.058081380452678105,0.058081380452678105,1.095426621538278,0.09240813905672819,0.7753331020967204,16.222361703471492,LOW,False
2616,190,4,16920.41,0.021052631578947368,0.05609929116823568,0.058062691670133365,0.058062691670133365,0.3752744667630971,-0.603600325461932,0.7602344555305266,15.204689110610534,LOW,False
2617,176,2,15725.332,0.011363636363636364,0.05537392004812771,0.05840038038928454,0.05840038038928454,0.2052163970648957,-0.7535958394641977,0.7492160161873449,14.9843203237469,LOW,False
2618,129,1,10669.934,0.007751937984496124,0.050100278459830956,0.056297987728682816,0.056297987728682816,0.15472844109462222,-0.7522176579281024,0.7045458416079491,14.090916832158982,LOW,False
2619,91,4,9650.435,0.04395604395604396,0.04474145769403345,0.053795291008176656,0.053795291008176656,0.9824455040477095,-0.014600046273011296,0.6545012410322124,4.581508687225487,LOW,False
2620,65,5,3440.211,0.07692307692307693,0.04562598982856558,0.053591726203451796,0.053591726203451796,1.6859486711873333,0.5839910245790054,0.6064268997606098,6.045603560191017,LOW,False
2621,39,0,11105.322,0.0,0.048831118033693784,0.05304178422264834,0.05304178422264834,0.0,-0.9206160529728817,0.5339427396031516,3.7375991772220614,LOW,False
2622,32,3,1745.0131,0.09375,0.04605334025591601,0.05380726320747362,0.05380726320747362,2.035682959781769,0.8864353416409981,0.5060980846989978,6.261354362320128,LOW,False
2623,15,0,1671.715,0.0,0.04995959025591601,0.053721482410070825,0.053721482410070825,0.0,-0.9299741558611644,0.4013152602464483,2.8092068217251382,LOW,False
2624,6,1,1012.224,0.16666666666666666,0.04400720930353506,0.05081664042199622,0.05081664042199622,3.787258253917012,2.413765576483051,0.2816585927874237,15.473387463157469,LOW,False
2625,17,1,2490.813,0.058823529411764705,0.04454139733772309,0.05207332283915304,0.05207332283915304,1.320648496178762,0.2742696508566787,0.4183636342904982,3.7702477425027374,LOW,False
2626,23,2,4386.82,0.08695652173913043,0.04401618725368947,0.051853451839129414,0.051853451839129414,1.9755577928172703,0.8281094693302081,0.46000385479927935,5.78086618974029,LOW,False
2627,55,1,5717.93,0.01818181818181818,0.04763937565948658,0.05168186061378116,0.05168186061378116,0.3816552574445332,-0.56997865649236,0.5826450379722601,4.07851526580582,LOW,False
2628,89,6,16381.782,0.06741573033707865,0.03971639586150678,0.03899385209408768,0.03899385209408768,1.6974281999847356,0.7103513243250902,0.6513199287088136,6.389988525921626,LOW,False
2629,137,6,27636.098,0.043795620437956206,0.04252538462555172,0.03843258497864823,0.03843258497864823,1.0298700605200701,0.03305101161189608,0.7131898355850435,14.487822165601393,LOW,False
2630,136,3,24379.234,0.022058823529411766,0.043699160477133236,0.038003077300606876,0.038003077300606876,0.5047882679795334,-0.5694364373849244,0.7121371481527359,14.242742963054718,LOW,False
2631,188,3,35438.72,0.015957446808510637,0.04285274140102821,0.0382592587828562,0.0382592587828562,0.3723786690605459,-0.702974794811478,0.758710821630753,15.174216432615061,LOW,False
2632,196,6,33689.992,0.030612244897959183,0.04315531617746978,0.03800525317864276,0.03800525317864276,0.7093504951295202,-0.33003519856984503,0.7647114273842626,15.29422854768525,LOW,False
2633,183,5,22774.459,0.0273224043715847,0.04415488819170593,0.037311780934069116,0.037311780934069116,0.6187854955709512,-0.4511305383644021,0.7548300560938245,15.09660112187649,LOW,False
2634,219,15,35353.617,0.0684931506849315,0.044324329459126614,0.037221872414038897,0.037221872414038897,1.5452721230242639,0.649317717200309,0.7806945996260943,19.703432915203866,LOW,False
2635,231,18,40712.098,0.07792207792207792,0.04533659011151442,0.03754723584148379,0.03754723584148379,1.7187458900286274,0.8678531742824505,0.7883819220178166,21.15823261557104,LOW,False
2636,223,5,30036.783,0.02242152466367713,0.04725355612422511,0.03800386766080347,0.03800386766080347,0.4744939112039117,-0.6534080078949256,0.7833026680954841,15.666053361909682,LOW,False
2637,242,13,47867.18,0.05371900826446281,0.04525351401807551,0.03799461355841505,0.03799461355841505,1.1870682184593655,0.2228077470342468,0.7950870480722153,17.30475259988955,LOW,False
2638,220,8,32114.943,0.03636363636363636,0.04628756710809287,0.037867737027754665,0.037867737027754665,0.7856026712036586,-0.2620682280851082,0.7813510355990383,15.627020711980766,LOW,False
2639,249,21,39476.32,0.08433734939759036,0.04637995439560211,0.03783952204994915,0.03783952204994915,1.818400869440861,1.003115075076358,0.7991976983165583,22.1608989255921,LOW,False
2640,222,8,27416.396,0.036036036036036036,0.04732687002018574,0.0385155671324179,0.0385155671324179,0.7614286772116143,-0.29314988262619673,0.7826550433732524,15.65310086746505,LOW,False
2641,196,5,23833.498,0.025510204081632654,0.04795117853923111,0.03819123392736296,0.03819123392736296,0.5320036933140561,-0.5875949046391015,0.7647114273842626,15.29422854768525,LOW,False
2642,136,3,13808.788,0.022058823529411766,0.04854061886081429,0.037708105782562666,0.037708105782562666,0.4544405087348266,-0.7022838931264609,0.7121371481527359,14.242742963054718,LOW,False
2643,107,2,12766.925,0.018691588785046728,0.049136739091852434,0.03714411939631267,0.03714411939631267,0.38039945528550667,-0.8196492688914849,0.6777098589665534,13.554197179331071,LOW,False
2644,70,4,5532.994,0.05714285714285714,0.04808405345972755,0.03765186119187728,0.03765186119187728,1.1883951753509452,0.24059378199035397,0.6169968414284669,4.813515225295499,LOW,False
2645,55,8,4338.462,0.14545454545454545,0.04725987763555173,0.037207006848754574,0.037207006848754574,3.077759671242267,2.6391445089402716,0.5826450379722601,16.70389162943046,LOW,False
2646,25,0,4418.903,0.0,0.05332048369615779,0.04084300020014382,0.04084300020014382,0.0,-1.3054987007533798,0.47158954718963364,3.3011268303274357,LOW,False
2647,17,0,1722.874,0.0,0.04941423369615779,0.04128889868620623,0.04128889868620623,0.0,-1.1967922436416565,0.4183636342904982,2.9285454400334876,LOW,False
2648,7,0,746.21497,0.0,0.04941423369615779,0.04128889868620623,0.04128889868620623,0.0,-1.1967922436416565,0.3009864451848362,2.1069051162938535,LOW,False
2649,16,1,3703.022,0.0625,0.042469789251713345,0.0341008788650119,0.0341008788650119,1.4716343335157611,0.587381070956444,0.41009030347101677,4.1086722497759895,LOW,False
2650,14,0,1294.0701,0.0,0.04262297552622315,0.03418568855529313,0.03418568855529313,0.0,-1.2468075773077747,0.3919737040327585,2.7438159282293095,LOW,False
2651,36,0,3380.192,0.0,0.038999787120426045,0.03388946534243598,0.03388946534243598,0.0,-1.150793815315551,0.5226582832922795,3.6586079830459566,LOW,False
2652,89,2,10881.965,0.02247191011235955,0.03824221136285028,0.03457142968930472,0.03457142968930472,0.58762057191571,-0.4561657239003209,0.6513199287088136,4.559239500961695,LOW,False
2653,153,8,27103.66,0.05228758169934641,0.03636955218682033,0.03413698109622998,0.03413698109622998,1.437674608440587,0.46629868844155153,0.7290680829335906,17.863921221976213,LOW,False
2654,129,4,23181.844,0.031007751937984496,0.03672338390604492,0.03426108354527725,0.03426108354527725,0.8443598775460452,-0.16682577947387478,0.7045458416079491,14.090916832158982,LOW,False
2655,175,5,23380.559,0.02857142857142857,0.03709625592306878,0.034143039753995595,0.034143039753995595,0.7701970956497812,-0.24967980042382115,0.748395935331003,14.967918706620061,LOW,False
2656,198,7,32531.668,0.03535353535353535,0.037621838496523695,0.03389971046778007,0.03389971046778007,0.9397078071238348,-0.06691216861997237,0.7661734992494772,15.323469984989547,LOW,False
2657,185,14,30069.1,0.07567567567567568,0.037819392265506034,0.033870888258282536,0.033870888258282536,2.0009754557768837,1.1176643234596173,0.7563948700797809,24.106017363167464,LOW,False
2658,194,12,34963.895,0.061855670103092786,0.03983411190317649,0.03464851198000735,0.03464851198000735,1.5528316597955891,0.6355700993053619,0.76323443616078,19.410926171682522,LOW,False
2659,180,1,23276.205,0.005555555555555556,0.03955755021226655,0.034435648013590364,0.034435648013590364,0.14044235615563505,-0.9874068477901671,0.7524506509957629,15.049013019915257,LOW,False
2660,202,12,35013.785,0.0594059405940594,0.03654227844699478,0.03409692869457086,0.03409692869457086,1.6256769725026525,0.6705490207599,0.7690540696204041,20.073658686177975,LOW,False
2661,225,12,30351.246,0.05333333333333334,0.038083295777427376,0.03426632920846219,0.03426632920846219,1.4004390178054107,0.4450443892933799,0.7845892888688628,18.695078410917837,LOW,False
2662,187,5,23762.744,0.026737967914438502,0.03806722598863032,0.03425876735992074,0.03425876735992074,0.7023881362520198,-0.3306966054898371,0.7579429477664821,15.158858955329643,LOW,False
2663,200,4,26231.615,0.02,0.03766615646991374,0.03433583598375466,0.03433583598375466,0.5309806434849603,-0.5145107426035044,0.7676209501511251,15.352419003022503,LOW,False
2664,174,2,18287.08,0.011494252873563218,0.03498543357834747,0.03301993059666041,0.03301993059666041,0.3285439595259733,-0.7114242907330677,0.7475711816240547,14.951423632481095,LOW,False
2665,170,1,22840.285,0.0058823529411764705,0.033962859279911106,0.03336419572110408,0.03336419572110408,0.1731995793609715,-0.841635943316706,0.7442243531203013,14.884487062406027,LOW,False
2666,136,1,14334.146,0.007352941176470588,0.03314503214905876,0.03381787220945583,0.03381787220945583,0.2218414253877679,-0.7626763390919796,0.7121371481527359,14.242742963054718,LOW,False
2667,122,4,11515.974,0.03278688524590164,0.03253228705101955,0.03415898381779629,0.03415898381779629,1.007826015874101,0.007453330469082915,0.6965342538687398,13.989380196430554,LOW,False
2668,79,7,5621.007,0.08860759493670886,0.03311959107022184,0.0340316053251594,0.0340316053251594,2.675383121392971,1.6304844669042107,0.6342715546647637,11.596151119015815,LOW,False
2669,36,2,3724.225,0.05555555555555555,0.03443062181163232,0.0355686743741829,0.0355686743741829,1.613550747340445,0.5939196249398745,0.5226582832922795,5.269178694814624,LOW,False
2670,18,0,1939.384,0.0,0.03068483056584108,0.027091802129371765,0.027091802129371765,0.0,-1.1326241945556625,0.4261895338914151,2.9833267372399055,LOW,False
2671,11,2,1104.115,0.18181818181818182,0.03068483056584108,0.027091802129371765,0.027091802129371765,5.925344167309341,5.578563970408172,0.35967503973766723,30.51772527816367,MEDIUM,False
2672,8,1,990.68,0.125,0.038260588141598655,0.0403266729326456,0.0403266729326456,3.2670694851157895,2.1509191200393647,0.31803481922888616,13.21257228320337,LOW,False
2673,9,0,1146.6699,0.0,0.04346892147493198,0.043144017643497,0.043144017643497,0.0,-1.0075306809421343,0.33328510947992757,2.3329957663594927,LOW,False
2674,18,1,1262.4199,0.05555555555555555,0.040864754808265326,0.04382621248175899,0.04382621248175899,1.3594980764284155,0.3352058029975718,0.4261895338914151,3.927009187864496,LOW,False
2675,46,2,7684.29,0.043478260869565216,0.04317956962308014,0.0430339801680659,0.0430339801680659,1.006917420648061,0.006940823166218031,0.5572853176432578,3.919155452703965,LOW,False
2676,77,3,7754.544,0.03896103896103896,0.04499116382597868,0.04204091606772431,0.04204091606772431,0.8659709073483042,-0.14343466862676607,0.6306069568040767,4.414248697628537,LOW,False
2677,138,6,20608.328,0.043478260869565216,0.04567821086134033,0.04179088997808345,0.04179088997808345,0.951838087563166,-0.052641855507954985,0.714234922319791,14.284698446395822,LOW,False
2678,184,3,32329.725,0.016304347826086956,0.04531115582676611,0.04176899601702545,0.04176899601702545,0.359830764159313,-0.6944578698720864,0.7556145777105949,15.112291554211899,LOW,False
2679,196,9,29492.209,0.04591836734693878,0.04469851398877039,0.04209447308411804,0.04209447308411804,1.0272906915535236,0.02897894352379085,0.7647114273842626,15.498908734336677,LOW,False
2680,219,5,37222.867,0.0228310502283105,0.04542130310441664,0.04195421637975287,0.04195421637975287,0.5026507094220833,-0.5384501207608827,0.7806945996260943,15.61389199252189,LOW,False
2681,216,8,37510.312,0.037037037037037035,0.0448995328908656,0.042162222929744884,0.042162222929744884,0.8248869120099884,-0.18648200468295711,0.7787072381911495,15.574144763822991,LOW,False
2682,229,5,34333.85,0.021834061135371178,0.043289589614255664,0.041670791477614696,0.041670791477614696,0.5043720980016179,-0.5148817125398318,0.7871287203889158,15.742574407778317,LOW,False
2683,227,7,38854.336,0.030837004405286344,0.04162202257393393,0.04169629504764417,0.04169629504764417,0.7408819297647065,-0.25865651028044845,0.7858645736290825,15.717291472581651,LOW,False
2684,223,8,32686.568,0.03587443946188341,0.042675416276006045,0.04106000843453672,0.04106000843453672,0.8406347867789531,-0.1656350564312633,0.7833026680954841,15.666053361909682,LOW,False
2685,211,7,35695.56,0.03317535545023697,0.04169493706216538,0.04092385794255511,0.04092385794255511,0.7956686779685966,-0.2081812918001856,0.7753331020967204,15.506662041934408,LOW,False
2686,221,9,28091.727,0.04072398190045249,0.04085502131703637,0.040881445469648024,0.040881445469648024,0.9967925750040122,-0.0032053518430791967,0.7820045079683347,15.640090159366693,LOW,False
2687,212,9,27859.283,0.04245283018867924,0.041437771899786945,0.0407709962135146,0.0407709962135146,1.0244959669006122,0.024896578037399805,0.77601425104291,15.704004772612793,LOW,False
2688,225,3,27838.35,0.013333333333333334,0.042373306490981914,0.04051449119253318,0.04051449119253318,0.3146635095887784,-0.7167799052355037,0.7845892888688628,15.691785777377257,LOW,False
2689,205,11,20339.05,0.05365853658536585,0.042449934843472335,0.04045524369975462,0.04045524369975462,1.2640428491403704,0.27706177782736985,0.7711774898627489,17.403871165807757,LOW,False
2690,114,7,13917.632,0.06140350877192982,0.04444060916198023,0.03974689102939551,0.03974689102939551,1.3816981794313854,0.4267729920663325,0.6867999053273037,16.598734452281462,LOW,False
2691,98,3,15975.185,0.030612244897959183,0.04669271614512436,0.03907977913437761,0.03907977913437761,0.6556107124463288,-0.4114780483244734,0.6651154943134409,4.655808460194086,LOW,False
2692,82,5,6008.031,0.06097560975609756,0.04660210613062676,0.03911592722072352,0.03911592722072352,1.3084303440102374,0.36745910545246535,0.6396001521180903,5.286830717853505,LOW,False
2693,48,9,4316.934,0.1875,0.04545077341476796,0.038222236551993485,0.038222236551993485,4.125342341018934,3.716402790611253,0.5633171855748474,24.031506153122862,LOW,False
2694,33,6,2114.517,0.18181818181818182,0.050948458599953145,0.0479819225812772,0.0479819225812772,3.568668941406385,2.7274797710855947,0.5104191185326289,17.87341379941964,LOW,False
2695,16,0,2220.993,0.0,0.05852421617571072,0.05361125008837703,0.05361125008837703,0.0,-1.0916405806474345,0.41009030347101677,2.870632124297117,LOW,False
2696,14,4,2748.283,0.2857142857142857,0.050948458599953145,0.0479819225812772,0.0479819225812772,5.607908336495748,4.892797422126211,0.3919737040327585,30.274804650031488,MEDIUM,False
2697,20,1,3900.448,0.05,0.05764488717138171,0.0664331123690721,0.0664331123690721,0.8673796142812631,-0.11507645658553826,0.44067600240186683,3.084732016813068,LOW,False
2698,23,0,2489.65,0.0,0.059728220504715046,0.06532147534681858,0.06532147534681858,0.0,-0.9143734152909645,0.46000385479927935,3.2200269835949555,LOW,False
2699,54,0,5364.32,0.0,0.05741340568990023,0.0664503857491968,0.0664503857491968,0.0,-0.8640040993380418,0.5800369695028702,4.060258786520091,LOW,False
2700,79,6,11938.21,0.0759493670886076,0.05560181148700168,0.06743221477234952,0.06743221477234952,1.3659513072944154,0.3017482915294872,0.6342715546647637,5.400523064301186,LOW,False
2701,119,3,16261.487,0.025210084033613446,0.057142991825650365,0.06745803351586312,0.06745803351586312,0.4411754307602973,-0.4733744244787053,0.6929601492175947,13.859202984351896,LOW,False
2702,171,7,25217.498,0.04093567251461988,0.05638181779081904,0.06772147724322587,0.06772147724322587,0.7260438580837253,-0.2280834072878147,0.7450683431730747,14.901366863461494,LOW,False
2703,179,7,22236.293,0.03910614525139665,0.057408122986174585,0.06727285956678757,0.06727285956678757,0.6811953294625999,-0.2720558907802631,0.7516487437704258,15.032974875408517,LOW,False
2704,173,3,24622.484,0.017341040462427744,0.05712428039886033,0.06733778572770675,0.06733778572770675,0.3035668955713219,-0.5908011305465812,0.7467417015090355,14.93483403018071,LOW,False
2705,212,1,34956.203,0.0047169811320754715,0.05689552999194855,0.06746854487597846,0.06746854487597846,0.08290600566939063,-0.7733759332706576,0.77601425104291,15.520285020858202,LOW,False
2706,238,9,34942.723,0.037815126050420166,0.05554886099590849,0.06820073357954588,0.06820073357954588,0.6807543012125032,-0.2600226422022953,0.7926846048043299,15.853692096086599,LOW,False
2707,210,9,32468.771,0.04285714285714286,0.056214738700702184,0.06793474413274765,0.06793474413274765,0.7623826748590317,-0.19662392217828867,0.7746487325761663,15.492974651523328,LOW,False
2708,219,10,34715.996,0.045662100456621,0.05671557780286288,0.06778365629681352,0.06778365629681352,0.8051068546870395,-0.16306994857050067,0.7806945996260943,15.61389199252189,LOW,False
2709,259,14,35630.14,0.05405405405405406,0.05712339701097694,0.06768218188233323,0.06768218188233323,0.9462681997652718,-0.04534935002921442,0.8048746566695612,16.097493133391225,LOW,False
2710,238,11,41195.86,0.046218487394957986,0.05799334278613599,0.06749490704009532,0.06749490704009532,0.7969619472600409,-0.17445546497579675,0.7926846048043299,15.853692096086599,LOW,False
2711,196,10,24529.932,0.05102040816326531,0.05822228051507372,0.06744308242818665,0.06744308242818665,0.8763038429945413,-0.10678444834541723,0.7647114273842626,15.29422854768525,LOW,False
2712,181,8,20241.55,0.04419889502762431,0.058579262930681476,0.06737862787768929,0.06737862787768929,0.7545143591158894,-0.21342625037068852,0.7532481399770573,15.06496279954115,LOW,False
2713,148,3,19020.482,0.02027027027027027,0.059865328001276925,0.06676927635449352,0.06676927635449352,0.3385978319510403,-0.5930131325789326,0.7242906233880599,14.4858124677612,LOW,False
2714,114,9,20064.219,0.07894736842105263,0.05847415023814795,0.06725032064451016,0.06725032064451016,1.3501242531874906,0.30443301960041985,0.6867999053273037,16.361930005452255,LOW,False
2715,94,8,12555.364,0.0851063829787234,0.05920514439019473,0.06737877245345554,0.06737877245345554,1.4374829055026899,0.3844124439402772,0.6591458283097306,5.7624134251126735,LOW,False
2716,94,5,13551.736,0.05319148936170213,0.061475733476893245,0.06729146949700494,0.06729146949700494,0.8652436718253244,-0.1231098707921639,0.6591458283097306,4.614020798168113,LOW,False
2717,44,3,4093.083,0.06818181818181818,0.06115139512712677,0.06731274084146872,0.06731274084146872,1.114967500579111,0.10444416564835879,0.5509911136472015,4.158727484550577,LOW,False
2718,22,0,2305.52,0.0,0.05617980421803586,0.06175173735896965,0.06175173735896965,0.0,-0.9097688036120583,0.4538436109089882,3.176905276362918,LOW,False
2719,24,10,2224.322,0.4166666666666667,0.04860404664227828,0.05660662526335562,0.05660662526335562,8.572674405760873,6.502112046284699,0.46591258883663084,31.261388121856417,MEDIUM,False
2720,23,8,2050.919,0.34782608695652173,0.06596515775338939,0.0931508998201897,0.0931508998201897,5.272875845410222,3.025852994949183,0.46000385479927935,22.583133836497627,LOW,False
2721,22,1,2776.445,0.045454545454545456,0.0685531494718159,0.10012345260218827,0.10012345260218827,0.6630555387281379,-0.23070123349667235,0.4538436109089882,3.176905276362918,LOW,False
2722,18,2,2260.3,0.1111111111111111,0.06836375553242195,0.10016436443758897,0.10016436443758897,1.6252926751283572,0.4267720942344165,0.4261895338914151,4.624720009451843,LOW,False
2723,50,0,4921.93,0.0,0.07299338516205157,0.09943230771857986,0.09943230771857986,0.0,-0.734101287970128,0.5691077130854598,3.9837539915982183,LOW,False
2724,89,1,15421.393,0.011235955056179775,0.07299338516205157,0.09943230771857986,0.09943230771857986,0.153931140900439,-0.6211002391764044,0.6513199287088136,4.559239500961695,LOW,False
2725,150,1,26266.953,0.006666666666666667,0.07029699299403376,0.10022296391943919,0.10022296391943919,0.09483573027415952,-0.6348876927897897,0.7262205704328422,14.524411408656842,LOW,False
2726,161,6,22401.893,0.037267080745341616,0.0695243506037443,0.10065620330458035,0.10065620330458035,0.5360291814553757,-0.32046976539333494,0.7363984535193844,14.727969070387688,LOW,False
2727,202,14,33822.54,0.06930693069306931,0.0693714926133577,0.10070428021541437,0.10070428021541437,0.9990693306737938,-0.000641104034012147,0.7690540696204041,15.381081392408083,LOW,False
2728,223,6,34942.324,0.026905829596412557,0.0706298586734274,0.10049813031120923,0.10049813031120923,0.38094129171088315,-0.43507305998247026,0.7833026680954841,15.666053361909682,LOW,False
2729,196,13,34785.676,0.0663265306122449,0.07102839155401011,0.10029638408640124,0.10029638408640124,0.9338030773484445,-0.046879665549206126,0.7647114273842626,15.29422854768525,LOW,False
2730,244,6,36339.086,0.02459016393442623,0.07359545611568384,0.0993089461033416,0.0993089461033416,0.3341261163701905,-0.4934630172216545,0.796273479993163,15.925469599863263,LOW,False
2731,203,20,31478.361,0.09852216748768473,0.07304441602751742,0.09955250635796213,0.09955250635796213,1.3487980717180255,0.2559227526483026,0.769765343208684,18.01129240205887,LOW,False
2732,238,5,36092.64,0.02100840336134454,0.07536379205379,0.09946702998522357,0.09946702998522357,0.2787599029829874,-0.5464663889182203,0.7926846048043299,15.853692096086599,LOW,False
2733,237,14,32650.182,0.05907172995780591,0.07433655467482014,0.0999134111729314,0.0999134111729314,0.7946525126999886,-0.1527805380460255,0.7920777113200527,15.841554226401055,LOW,False
2734,200,6,29093.52,0.03,0.07454562450414313,0.09987436669841632,0.09987436669841632,0.40243810685807113,-0.44601659040957387,0.7676209501511251,15.352419003022503,LOW,False
2735,250,12,37512.875,0.048,0.0738698541960199,0.10012891165498283,0.10012891165498283,0.6497914544765169,-0.2583654787456436,0.7997755189799128,15.995510379598258,LOW,False
2736,200,8,28641.51,0.04,0.07374400385588384,0.10016077247509671,0.10016077247509671,0.5424169818358527,-0.3368983986647439,0.7676209501511251,15.352419003022503,LOW,False
2737,169,6,18889.13,0.03550295857988166,0.0735690498963995,0.10021827430594718,0.10021827430594718,0.482580088092441,-0.3798318378573289,0.7433754129509443,14.867508259018889,LOW,False
2738,120,9,13594.879,0.075,0.0742037452426333,0.09991382306200935,0.09991382306200935,1.0107306545614791,0.007969415371810116,0.6941613501691095,13.963706912593283,LOW,False
2739,84,10,8334.17,0.11904761904761904,0.07403927155842277,0.09990892368127788,0.09990892368127788,1.607898302371616,0.4504937680319588,0.6430465978893322,6.097059228950817,LOW,False
2740,56,3,4169.279,0.05357142857142857,0.07545348972796008,0.10031179864547039,0.10031179864547039,0.7099927221997939,-0.21814045258891987,0.5852069435058582,4.096448604541007,LOW,False
2741,58,8,6383.736,0.13793103448275862,0.07546932052836536,0.10030816250926664,0.10030816250926664,1.8276437831571155,0.6226982170929802,0.5901986065729019,6.303955176797741,LOW,False
2742,31,5,2021.8679,0.16129032258064516,0.07837553787423789,0.10109517327209863,0.10109517327209863,2.057916627499936,0.8201656124891475,0.5016440753080604,6.288539674343756,LOW,False
2743,16,3,3033.746,0.1875,0.08509596798176476,0.10101949437371201,0.10101949437371201,2.203394643094952,1.0137056481336293,0.41009030347101677,6.089505273005995,LOW,False
2744,11,2,979.203,0.18181818181818182,0.07554735687065364,0.07606427881519398,0.07606427881519398,2.406678265786014,1.3971186817628827,0.35967503973766723,7.947649958564569,LOW,False
2745,12,0,961.195,0.0,0.06863036082322281,0.05480491850456218,0.05480491850456218,0.0,-1.2522664515505073,0.3712607321280216,2.598825124896151,LOW,False
2746,23,11,4457.253,0.4782608695652174,0.06673642142928342,0.05640275932857013,0.05640275932857013,7.166414670166302,7.296175808325769,0.46000385479927935,31.220026983594956,MEDIUM,False
2747,30,0,2654.834,0.0,0.08203432803153786,0.1010673203520946,0.1010673203520946,0.0,-0.8116800539061458,0.49704864540372573,3.4793405178260803,LOW,False
2748,43,0,4124.268,0.0,0.08203432803153786,0.1010673203520946,0.1010673203520946,0.0,-0.8116800539061458,0.5477383052077789,3.8341681364544518,LOW,False
2749,76,4,10822.651,0.05263157894736842,0.08156616323753035,0.10143488716232239,0.10143488716232239,0.645262408556585,-0.2852527872768175,0.6287392678719785,4.40117487510385,LOW,False
2750,143,4,16545.412,0.027972027972027972,0.08348136791589293,0.10038774371752497,0.10038774371752497,0.33506911386753574,-0.5529493729838112,0.7193500794753345,14.38700158950669,LOW,False
2751,191,8,24712.537,0.041884816753926704,0.0830940740503382,0.10059151265204241,0.10059151265204241,0.5040650278929997,-0.40966932706300024,0.7609902999841155,15.219805999682311,LOW,False
2752,162,9,23547.988,0.05555555555555555,0.08195148596954059,0.10091016042906013,0.10091016042906013,0.6779078487509577,-0.261578519960251,0.7372891879239116,14.745783758478234,LOW,False
2753,214,10,26642.594,0.04672897196261682,0.08314522455117156,0.10039883759145861,0.10039883759145861,0.5620163059858907,-0.3627158786114555,0.777367007468166,15.54734014936332,LOW,False
2754,176,10,20208.764,0.056818181818181816,0.08232865960743704,0.10062102465728305,0.10062102465728305,0.6901385506469393,-0.2535302922639116,0.7492160161873449,14.9843203237469,LOW,False
2755,195,16,24776.16,0.08205128205128205,0.08367149368592686,0.10003029053951025,0.10003029053951025,0.9806360378753783,-0.01619721012411585,0.7639748156980716,15.279496313961433,LOW,False
2756,170,13,14898.177,0.07647058823529412,0.08298520679274342,0.09998046252735188,0.09998046252735188,0.921496628022876,-0.06515891597988033,0.7442243531203013,14.884487062406027,LOW,False
2757,209,5,26069.33,0.023923444976076555,0.08529613116249131,0.09912295473671862,0.09912295473671862,0.2804751475832096,-0.6191571503233263,0.7739611118817943,15.479222237635886,LOW,False
2758,197,4,23730.459,0.02030456852791878,0.0838316192882526,0.09978470212378358,0.09978470212378358,0.2422065647819841,-0.6366411825484842,0.7654443093750529,15.30888618750106,LOW,False
2759,172,2,15423.199,0.011627906976744186,0.08342764297691586,0.10003143464864232,0.10003143464864232,0.13937714841064833,-0.7177717309800292,0.7459074405024058,14.918148810048116,LOW,False
2760,143,8,12593.588,0.055944055944055944,0.08191213910094688,0.10086357214310511,0.10086357214310511,0.6829763763721468,-0.257457500315847,0.7193500794753345,14.38700158950669,LOW,False
2761,122,4,11342.743,0.03278688524590164,0.08257647476528256,0.10062774835557077,0.10062774835557077,0.3970487398389905,-0.49478985998422725,0.6965342538687398,13.930685077374797,LOW,False
2762,88,0,8106.288,0.0,0.08246330504303338,0.10068450205010056,0.10068450205010056,0.0,-0.819026795226138,0.6497026617837264,4.547918632486084,LOW,False
2763,79,8,7492.987,0.10126582278481013,0.07933830504303337,0.1020804471072606,0.1020804471072606,1.2763799621114063,0.21480624706449916,0.6342715546647637,5.165398283195787,LOW,False
2764,74,0,7930.399,0.0,0.07859739686541635,0.10184395959005482,0.10184395959005482,0.0,-0.7717433334464686,0.6249299984510739,4.374509989157517,LOW,False
2765,31,2,2392.608,0.06451612903225806,0.07636525400827349,0.1029968532735645,0.1029968532735645,0.8448361741227014,-0.11504356297705123,0.5016440753080604,3.5115085271564226,LOW,False
2766,38,9,3006.004,0.23684210526315788,0.07330629961450262,0.10217580216971324,0.10217580216971324,3.2308560997983045,1.600533611441812,0.5302781417424646,12.195278804225726,LOW,False
2767,28,13,1057.44,0.4642857142857143,0.07645429055960733,0.1060931726958898,0.1060931726958898,6.072722811072787,3.655573811877643,0.4873954768329804,25.529903764795552,LOW,False
2768,13,6,556.46497,0.46153846153846156,0.08798702865484542,0.1308454907306583,0.1308454907306583,5.24552844430035,2.85490490193935,0.3819874078490358,21.289120800927904,LOW,False
2769,15,5,1510.23,0.3333333333333333,0.09964204030985707,0.15054231252804906,0.15054231252804906,3.3453081881579894,1.5523296347658726,0.4013152602464483,11.382082967740551,LOW,False
2770,16,2,1736.391,0.125,0.11353092919874597,0.15621921267717775,0.15621921267717775,1.1010215531767242,0.07341651903568686,0.41009030347101677,3.135813701386019,LOW,False
2771,20,0,1761.8,0.0,0.09881172630019523,0.1356475720047524,0.1356475720047524,0.0,-0.7284444891998021,0.44067600240186683,3.084732016813068,LOW,False
2772,36,1,3402.746,0.027777777777777776,0.09881172630019523,0.1356475720047524,0.1356475720047524,0.2811182317915125,-0.5236654624376822,0.5226582832922795,3.6586079830459566,LOW,False
2773,75,1,12411.65,0.013333333333333334,0.09996913370760263,0.13488416633969322,0.13488416633969322,0.13337450109682542,-0.6422977783477202,0.6268471640146392,4.387930148102475,LOW,False
2774,132,4,21116.924,0.030303030303030304,0.09833170680701786,0.13571974823171468,0.13571974823171468,0.3081715073094572,-0.5012437570090539,0.7078481266788389,14.156962533576777,LOW,False
2775,130,5,14206.721,0.038461538461538464,0.09842883190414296,0.1356680317674654,0.1356680317674654,0.39075479935589463,-0.44201491435645107,0.7056549955713393,14.113099911426785,LOW,False
2776,176,9,22061.86,0.05113636363636364,0.09828619530862677,0.13573184941559627,0.13573184941559627,0.5202802232377725,-0.34737485619823416,0.7492160161873449,14.9843203237469,LOW,False
2777,176,12,22816.32,0.06818181818181818,0.09810206231199377,0.13579532057745256,0.13579532057745256,0.6950090199427174,-0.2203333959001202,0.7492160161873449,14.9843203237469,LOW,False
2778,171,7,17279.42,0.04093567251461988,0.0989959309044605,0.13551276847559604,0.13551276847559604,0.41350863758356177,-0.428448618111558,0.7450683431730747,14.901366863461494,LOW,False
2779,205,9,21866.605,0.04390243902439024,0.09833415968347875,0.13576624094647055,0.13576624094647055,0.4464617297356775,-0.40092235212249605,0.7711774898627489,15.42354979725498,LOW,False
2780,195,11,21090.064,0.05641025641025641,0.09674462455735827,0.13618783405742602,0.13618783405742602,0.5830841420735652,-0.2961671901624793,0.7639748156980716,15.279496313961433,LOW,False
2781,183,10,15547.898,0.0546448087431694,0.09590877739798169,0.13637910057191197,0.13637910057191197,0.5697581621379249,-0.3025681243076832,0.7548300560938245,15.09660112187649,LOW,False
2782,154,5,15836.946,0.032467532467532464,0.09718883422161056,0.1358170861711372,0.1358170861711372,0.3340664874475169,-0.47653283970858873,0.7300049398220412,14.600098796440825,LOW,False
2783,161,8,15328.715,0.049689440993788817,0.09769562438576113,0.13554013574157242,0.13554013574157242,0.5086148054859141,-0.35418426526813646,0.7363984535193844,14.727969070387688,LOW,False
2784,188,14,17881.6,0.07446808510638298,0.09928152163647132,0.13470943498623072,0.13470943498623072,0.7500699413034272,-0.18419969271361458,0.758710821630753,15.174216432615061,LOW,False
2785,135,0,19810.545,0.0,0.10005335618490159,0.13450324164886637,0.13450324164886637,0.0,-0.7438731956074374,0.711076748655853,14.22153497311706,LOW,False
2786,133,11,13234.233,0.08270676691729323,0.09868723596632238,0.13537980574273953,0.13537980574273953,0.8380695447333981,-0.11804174899908358,0.708932355598294,14.17864711196588,LOW,False
2787,98,3,7459.0737,0.030612244897959183,0.10213335125454293,0.13380194631425518,0.13380194631425518,0.2997281937970046,-0.5345296412101885,0.6651154943134409,4.655808460194086,LOW,False
2788,85,12,8013.268,0.1411764705882353,0.09918945217592413,0.1345967598143637,0.1345967598143637,1.423301243138658,0.3119467249450863,0.6447395281114626,5.624342460019215,LOW,False
2789,48,2,4181.076,0.041666666666666664,0.10507180511710061,0.13315054095031142,0.13315054095031142,0.39655420995413493,-0.4761913695423529,0.5633171855748474,3.943220299023932,LOW,False
2790,34,7,2179.195,0.20588235294117646,0.10411974418520098,0.13353426940255086,0.13353426940255086,1.9773613021461829,0.7620711088717091,0.5146148872057391,6.167877628573904,LOW,False
2791,23,4,1517.092,0.17391304347826086,0.1028297545051184,0.13234058351905983,0.13234058351905983,1.6912716004743964,0.5371238896109671,0.46000385479927935,5.034614934840246,LOW,False
2792,13,0,790.632,0.0,0.0907308932214745,0.10908949965559146,0.10908949965559146,0.0,-0.8317106000845428,0.3819874078490358,2.673911854943251,LOW,False
2793,7,0,870.571,0.0,0.07150012399070528,0.076774666939973,0.076774666939973,0.0,-0.9312983936043426,0.3009864451848362,2.1069051162938535,LOW,False
2794,18,0,2712.47,0.0,0.05761123510181639,0.05417204746574172,0.05417204746574172,0.0,-1.0634863882198584,0.4261895338914151,2.9833267372399055,LOW,False
2795,53,3,6512.14,0.05660377358490566,0.05240290176848306,0.05341503363583127,0.05341503363583127,1.0801648701627655,0.07864587046903258,0.5773810439049414,4.252100091511849,LOW,False
2796,75,1,9789.56,0.013333333333333334,0.05476139233452079,0.052237292012153644,0.052237292012153644,0.24348053920696594,-0.793074399636733,0.6268471640146392,4.387930148102475,LOW,False
2797,113,6,20996.18,0.05309734513274336,0.054159540482668946,0.05264333343481535,0.05264333343481535,0.9803876594878886,-0.02017720536714924,0.6855357585674703,13.710715171349404,LOW,False
2798,139,1,20576.182,0.007194244604316547,0.055816374307644356,0.05192337141402216,0.05192337141402216,0.12889129209045125,-0.9364208906164588,0.7152725173289632,14.305450346579265,LOW,False
2799,176,6,26787.025,0.03409090909090909,0.05485350823686461,0.05262656362888984,0.05262656362888984,0.6214900411419465,-0.3945269786636364,0.7492160161873449,14.9843203237469,LOW,False
2800,197,10,37145.727,0.050761421319796954,0.05467139867975507,0.052693272610238956,0.052693272610238956,0.9284822145696084,-0.07420259107608278,0.7654443093750529,15.30888618750106,LOW,False
2801,215,10,38656.04,0.046511627906976744,0.054655776083231446,0.05269442182147725,0.05269442182147725,0.8509919946273831,-0.15455427528640803,0.7780386740281655,15.560773480563311,LOW,False
2802,230,10,39019.69,0.043478260869565216,0.05375285148844639,0.052638205203555055,0.052638205203555055,0.8088549661204562,-0.19519264722550334,0.7877566774864215,15.75513354972843,LOW,False
2803,225,8,37070.383,0.035555555555555556,0.05385879266990245,0.052613840406308,0.052613840406308,0.6601625063055828,-0.347878751541438,0.7845892888688628,15.691785777377257,LOW,False
2804,226,32,39661.58,0.1415929203539823,0.053511005858701,0.05271001440526505,0.05271001440526505,2.646052304228159,1.671066029655326,0.78522833575215,36.43828436744577,MEDIUM,False
2805,239,11,28835.377,0.04602510460251046,0.05706028352302292,0.055697018228183987,0.055697018228183987,0.8066049055634303,-0.19812871984102734,0.7932889642792068,15.865779285584136,LOW,False
2806,223,8,32171.01,0.03587443946188341,0.056701129183828795,0.05574104535610302,0.05574104535610302,0.6326935632194575,-0.3736329232595761,0.7833026680954841,15.666053361909682,LOW,False
2807,218,4,25347.29,0.01834862385321101,0.05684308364192675,0.05568095269101806,0.05568095269101806,0.3227943080779188,-0.6913398196027151,0.7800351730461409,15.60070346092282,LOW,False
2808,222,17,25890.434,0.07657657657657657,0.05553721626106934,0.056220914107080064,0.056220914107080064,1.378833541396915,0.37422657830562883,0.7826550433732524,18.494352427941912,LOW,False
2809,183,16,19573.422,0.08743169398907104,0.055625070072327414,0.056253420710696465,0.056253420710696465,1.5718037545909882,0.5654167073735956,0.7548300560938245,19.385129281308902,LOW,False
2810,158,9,20731.877,0.056962025316455694,0.059268057321872035,0.05531777339041171,0.05531777339041171,0.9610914865507945,-0.04168699974854822,0.7336928815879392,14.673857631758786,LOW,False
2811,82,8,9168.589,0.0975609756097561,0.05819535975517048,0.05509265617063305,0.05509265617063305,1.6764390841503152,0.7145347236964285,0.6396001521180903,6.252853660721209,LOW,False
2812,105,16,7905.435,0.1523809523809524,0.06098489020149534,0.055329717439396665,0.055329717439396665,2.4986673236187285,1.6518440073286895,0.6750042870351083,32.888140759451254,MEDIUM,False
2813,90,32,6368.289,0.35555555555555557,0.06145174360952522,0.056077975720426845,0.056077975720426845,5.785931117183847,5.244551148070431,0.6529193249154452,32.57043527440811,MEDIUM,False
2814,22,10,1421.7579,0.45454545454545453,0.07453044731322893,0.08191441675378838,0.08191441675378838,6.098788762599766,4.639171250824424,0.4538436109089882,29.59827949871977,LOW,False
2815,17,3,2158.695,0.17647058823529413,0.08489140988007383,0.11012069307192474,0.11012069307192474,2.0787802733467884,0.8316255174257381,0.4183636342904982,5.760343657568807,LOW,False
2816,16,2,1441.861,0.125,0.08499797424495024,0.11021178507514304,0.11021178507514304,1.4706232837946287,0.362955973608232,0.41009030347101677,4.106018244258017,LOW,False
2817,14,0,1081.2109,0.0,0.09020630757828357,0.10896691338068888,0.10896691338068888,0.0,-0.8278320893897132,0.3919737040327585,2.7438159282293095,LOW,False
2818,28,0,2747.81,0.0,0.09020630757828357,0.10896691338068888,0.10896691338068888,0.0,-0.8278320893897132,0.4873954768329804,3.411768337830863,LOW,False
2819,34,2,3670.44,0.058823529411764705,0.09020630757828357,0.10896691338068888,0.10896691338068888,0.6520999583173936,-0.28800281840488035,0.5146148872057391,3.6023042104401735,LOW,False
2820,74,0,8999.957,0.0,0.09029879740440268,0.10893809012447653,0.10893809012447653,0.0,-0.8289001331051798,0.6249299984510739,4.374509989157517,LOW,False
2821,113,2,28324.01,0.017699115044247787,0.08974324184884713,0.10938075794232771,0.10938075794232771,0.19721947502251005,-0.6586544851205498,0.6855357585674703,13.710715171349404,LOW,False
2822,133,2,14473.726,0.015037593984962405,0.08826831559515981,0.11013246558949585,0.11013246558949585,0.17036230819144565,-0.6649330986845895,0.708932355598294,14.17864711196588,LOW,False
2823,180,3,28537.871,0.016666666666666666,0.0885951218193534,0.10989280346181239,0.10989280346181239,0.18812171962075083,-0.654532898304681,0.7524506509957629,15.049013019915257,LOW,False
2824,176,7,30666.19,0.03977272727272727,0.08786911171834329,0.11032524901035401,0.11032524901035401,0.4526360457610548,-0.4359508351628753,0.7492160161873449,14.9843203237469,LOW,False
2825,179,4,37769.883,0.0223463687150838,0.08741124946638205,0.11050859563131883,0.11050859563131883,0.25564637105065185,-0.5887766501745177,0.7516487437704258,15.032974875408517,LOW,False
2826,218,16,30963.43,0.07339449541284404,0.08640436366671984,0.11100641800883454,0.11100641800883454,0.8494304257125525,-0.11719924385669667,0.7800351730461409,15.60070346092282,LOW,False
2827,181,6,22234.225,0.03314917127071823,0.08765087343935647,0.1106708961373493,0.1106708961373493,0.37819556120742304,-0.49246643942413115,0.7532481399770573,15.06496279954115,LOW,False
2828,205,10,27836.125,0.04878048780487805,0.08755060742748826,0.11072122433267695,0.11072122433267695,0.557169039007289,-0.35015978062272973,0.7711774898627489,15.42354979725498,LOW,False
2829,221,12,35577.914,0.05429864253393665,0.08368342273794226,0.11037189833717194,0.11037189833717194,0.6488578114685255,-0.26623425570011383,0.7820045079683347,15.640090159366693,LOW,False
2830,182,6,30073.555,0.03296703296703297,0.08402815348508501,0.11026202998916187,0.11026202998916187,0.39233318357858016,-0.46308888493229317,0.7540412591337875,15.08082518267575,LOW,False
2831,209,11,27703.926,0.05263157894736842,0.08390701154779956,0.11031881793122518,0.11031881793122518,0.6272607971192685,-0.28350043253662155,0.7739611118817943,15.479222237635886,LOW,False
2832,193,7,21720.312,0.03626943005181347,0.0853354680100561,0.10965297738628327,0.10965297738628327,0.4250217511848579,-0.4474665360466575,0.762490250028163,15.24980500056326,LOW,False
2833,175,8,23792.648,0.045714285714285714,0.08365600357152432,0.11010072440332207,0.11010072440332207,0.5464555293416671,-0.3446091573226179,0.748395935331003,14.967918706620061,LOW,False
2834,148,2,11391.263,0.013513513513513514,0.08191777822674161,0.11036750913762024,0.11036750913762024,0.1649643557972145,-0.6197862509330799,0.7242906233880599,14.4858124677612,LOW,False
2835,111,2,11025.297,0.018018018018018018,0.08010742356828568,0.11114823617221527,0.11114823617221527,0.22492319956662923,-0.5586180014054845,0.682973853033872,13.65947706067744,LOW,False
2836,88,9,6071.2617,0.10227272727272728,0.07679313366862993,0.111789250217864,0.111789250217864,1.3317952059886546,0.22792525716417852,0.6497026617837264,5.418881048206302,LOW,False
2837,34,3,2031.496,0.08823529411764706,0.07470529095578722,0.11077951308364895,0.11077951308364895,1.181111712286447,0.1221345245636115,0.5146148872057391,4.077722455192097,LOW,False
2838,24,0,1637.639,0.0,0.0635669467292077,0.0933872248751596,0.0933872248751596,0.0,-0.6806813974200886,0.46591258883663084,3.2613881218564154,LOW,False
2839,20,5,1157.02,0.25,0.04462755278981376,0.04331620061552494,0.04331620061552494,5.601920436404986,4.741238711886905,0.44067600240186683,29.952651381318272,LOW,False
2840,19,1,1670.921,0.05263157894736842,0.04769127828000983,0.054263738619859184,0.054263738619859184,1.1035891853926119,0.09104239392658726,0.4336139245415396,3.307219083446383,LOW,False
2841,16,0,1571.7,0.0,0.04467592740281685,0.05173270704635178,0.05173270704635178,0.0,-0.8635915256239702,0.41009030347101677,2.870632124297117,LOW,False
2842,21,0,2580.54,0.0,0.04467592740281685,0.05173270704635178,0.05173270704635178,0.0,-0.8635915256239702,0.4474094901461668,3.131866431023168,LOW,False
2843,39,0,6351.62,0.0,0.04467592740281685,0.05173270704635178,0.05173270704635178,0.0,-0.8635915256239702,0.5339427396031516,3.7375991772220614,LOW,False
2844,112,1,17448.889,0.008928571428571428,0.042224947010659986,0.052422152233995475,0.052422152233995475,0.2114525194387419,-0.6351585000452546,0.6842604738072507,13.685209476145015,LOW,False
2845,105,4,16574.572,0.0380952380952381,0.042596970820183794,0.052140390697119676,0.052140390697119676,0.8943180081055756,-0.08633868417089514,0.6750042870351083,13.500085740702167,LOW,False
2846,193,1,23933.916,0.0051813471502590676,0.04344680928064173,0.05188251646229413,0.05188251646229413,0.11925725354859791,-0.7375405963238555,0.762490250028163,15.24980500056326,LOW,False
2847,199,3,24839.441,0.01507537688442211,0.04303613232919576,0.0521554579150338,0.0521554579150338,0.3502958111827107,-0.5361041118711751,0.7668990340214671,15.337980680429341,LOW,False
2848,176,1,25030.963,0.005681818181818182,0.0429698285882689,0.052191437243207156,0.052191437243207156,0.13222808581017617,-0.714446897346247,0.7492160161873449,14.9843203237469,LOW,False
2849,263,15,39594.21,0.057034220532319393,0.04154937404281435,0.05274322972058383,0.05274322972058383,1.372685433805784,0.2935892733823589,0.807084529883834,18.93683135122006,LOW,False
2850,214,19,27567.127,0.08878504672897196,0.04299470120186583,0.05266935427498385,0.05266935427498385,2.065022996952912,0.8693925748175535,0.777367007468166,23.53501262651016,LOW,False
2851,218,14,37313.52,0.06422018348623854,0.043635974173371166,0.053147104688186717,0.053147104688186717,1.4717256736628301,0.38730631581220887,0.7800351730461409,19.138646013394045,LOW,False
2852,203,11,28212.707,0.054187192118226604,0.044930599682351184,0.05325886342150646,0.05325886342150646,1.2060197838737376,0.17380379229304987,0.769765343208684,16.94045524322671,LOW,False
2853,212,3,36420.65,0.014150943396226415,0.04515587902874071,0.05328728337736863,0.05328728337736863,0.31337986770714077,-0.5818449293604305,0.77601425104291,15.520285020858202,LOW,False
2854,214,6,25181.996,0.028037383177570093,0.04348305823133611,0.053616938882100465,0.053616938882100465,0.644788667540521,-0.28807454091569584,0.777367007468166,15.54734014936332,LOW,False
2855,182,2,19010.434,0.01098901098901099,0.043277656156775146,0.05366839432518923,0.05366839432518923,0.25391881088021107,-0.6016324053244406,0.7540412591337875,15.08082518267575,LOW,False
2856,213,11,19991.834,0.051643192488262914,0.04154254915851026,0.05402480390939575,0.05402480390939575,1.2431397093907868,0.18696307249337368,0.776692209584216,17.357392012115223,LOW,False
2857,181,4,17907.291,0.022099447513812154,0.04218312259336232,0.054050699327040916,0.054050699327040916,0.5238931154254945,-0.3715710495812687,0.7532481399770573,15.06496279954115,LOW,False
2858,152,9,15392.586,0.05921052631578947,0.04119917100167592,0.05419836564283408,0.05419836564283408,1.4371776148937772,0.33232284960044634,0.7281251226999029,17.841334565701388,LOW,False
2859,107,0,9362.607,0.0,0.04310321320177075,0.053985726588268466,0.053985726588268466,0.0,-0.7984186918609969,0.6777098589665534,13.554197179331071,LOW,False
2860,85,5,12315.125,0.058823529411764705,0.04235246245102,0.05447282627760442,0.05447282627760442,1.3889045880105142,0.3023721750144715,0.6447395281114626,5.534051240307838,LOW,False
2861,73,4,4829.459,0.0547945205479452,0.040542079206813235,0.05309951308716073,0.05309951308716073,1.3515468772192818,0.26841001946170684,0.6229870983538917,5.283720241177856,LOW,False
2862,39,10,2215.105,0.2564102564102564,0.03914871364140898,0.05222515418647736,0.05222515418647736,6.549647039718877,4.160093850428552,0.5339427396031516,28.063009772846975,LOW,False
2863,32,5,2787.23,0.15625,0.049832474325169664,0.06777913785601392,0.06777913785601392,3.135505553676278,1.5700631350740635,0.5060980846989978,11.642414887242241,LOW,False
2864,18,4,2561.109,0.2222222222222222,0.045926224325169664,0.05769247771555427,0.05769247771555427,4.838678238577394,3.055788291261445,0.4261895338914151,22.05393088777439,LOW,False
2865,9,2,1033.85,0.2222222222222222,0.05299250112828858,0.06801235447852316,0.06801235447852316,4.193465443049168,2.488220300436338,0.33328510947992757,17.226806368772536,LOW,False
2866,15,3,3006.459,0.2,0.06225176038754784,0.07522821177456061,0.07522821177456061,3.2127605509450916,1.8310715669441648,0.4013152602464483,12.253641373336725,LOW,False
2867,36,4,4758.523,0.1111111111111111,0.07058509372088118,0.07901462650912815,0.07901462650912815,1.574144132335991,0.5128926020494214,0.5226582832922795,5.165736330427932,LOW,False
2868,93,4,13785.758,0.043010752688172046,0.0752147233505108,0.0779469878360532,0.0779469878360532,0.571839538486848,-0.4131522148113502,0.6576141327048699,4.603298928934089,LOW,False
2869,124,3,23548.1,0.024193548387096774,0.0766348142363275,0.07699144474980851,0.07699144474980851,0.31569918487031723,-0.6811310791691716,0.6988688832549463,13.977377665098928,LOW,False
2870,181,4,30846.336,0.022099447513812154,0.07605557716515494,0.07734547963181838,0.07734547963181838,0.29056971674573095,-0.6975990052448562,0.7532481399770573,15.06496279954115,LOW,False
2871,227,7,35834.195,0.030837004405286344,0.07676049801363631,0.07674622652472292,0.07674622652472292,0.40173012426011395,-0.5983811281399775,0.7858645736290825,15.717291472581651,LOW,False
2872,183,8,27497.822,0.04371584699453552,0.07741723249367233,0.07626132915558238,0.07626132915558238,0.5646785035632553,-0.44191972356503106,0.7548300560938245,15.09660112187649,LOW,False
2873,225,2,41680.074,0.008888888888888889,0.07900198369420221,0.07509203533013047,0.07509203533013047,0.11251475562051268,-0.9336954911006472,0.7845892888688628,15.691785777377257,LOW,False
2874,210,10,37639.43,0.047619047619047616,0.07699592820905928,0.07633718050992466,0.07633718050992466,0.6184618943712507,-0.3848305687186383,0.7746487325761663,15.492974651523328,LOW,False
2875,218,11,34417.7,0.05045871559633028,0.07528067824614576,0.07652303028386649,0.07652303028386649,0.6702744551708881,-0.32437244784657654,0.7800351730461409,15.60070346092282,LOW,False
2876,220,8,45300.645,0.03636363636363636,0.07470728375073292,0.0766609447370596,0.0766609447370596,0.4867482063056484,-0.5001718608949047,0.7813510355990383,15.627020711980766,LOW,False
2877,234,10,32576.365,0.042735042735042736,0.07396463559429166,0.07695414637161276,0.07695414637161276,0.5777766954663518,-0.40582079500226975,0.7902416120615733,15.804832241231468,LOW,False
2878,217,11,24905.203,0.05069124423963134,0.075155639733409,0.07620572862244472,0.07620572862244472,0.6744835706201503,-0.3210309242627228,0.7793727284850581,15.587454569701165,LOW,False
2879,208,6,19496.91,0.028846153846153848,0.0760995506109949,0.07573557949761937,0.07573557949761937,0.3790581365402458,-0.6239259946023966,0.7732702089759699,15.465404179519398,LOW,False
2880,168,8,24985.746,0.047619047619047616,0.07684359823004251,0.07515358437274758,0.07515358437274758,0.6196878948392429,-0.3888643616257429,0.7425214642560432,14.850429285120864,LOW,False
2881,189,22,16864.803,0.1164021164021164,0.07667592552715853,0.07521671523967498,0.07521671523967498,1.5181051366753557,0.5281564177373604,0.7594746433713426,19.075281392492023,LOW,False
2882,111,6,10480.428,0.05405405405405406,0.08060520339750456,0.07470311811267115,0.07470311811267115,0.6706025389885376,-0.3554222369058902,0.682973853033872,13.65947706067744,LOW,False
2883,86,4,6759.249,0.046511627906976744,0.0803903503865989,0.07477470745449359,0.07477470745449359,0.5785722749471962,-0.45307729890137094,0.6464128864474235,4.524890205131964,LOW,False
2884,74,1,8279.802,0.013513513513513514,0.08232833488272294,0.0731864589253145,0.0731864589253145,0.16414170811013695,-0.9402671256363659,0.6249299984510739,4.374509989157517,LOW,False
2885,78,2,9473.583,0.02564102564102564,0.08044041755362913,0.07439360389356413,0.07439360389356413,0.318757987847725,-0.7366142926884638,0.6324508528728112,4.427155970109678,LOW,False
2886,62,11,6879.982,0.1774193548387097,0.07922568859917416,0.07506554777185706,0.07506554777185706,2.2394170120290893,1.3081056377283837,0.5996934120163099,8.799285705752208,LOW,False
2887,20,0,2151.836,0.0,0.07593440103369305,0.068394279534399,0.068394279534399,0.0,-1.1102449144961273,0.44067600240186683,3.084732016813068,LOW,False
2888,24,1,3659.823,0.041666666666666664,0.06942398436702639,0.06785120136020828,0.06785120136020828,0.6001768271666162,-0.40909102777711703,0.46591258883663084,3.2613881218564154,LOW,False
2889,18,0,1923.729,0.0,0.06190083621887823,0.05969192214645758,0.05969192214645758,0.0,-1.0370052428032215,0.4261895338914151,2.9833267372399055,LOW,False
2890,33,1,3718.84,0.030303030303030304,0.05264157695961896,0.0502268945993774,0.0502268945993774,0.5756482243355965,-0.44475269344773627,0.5104191185326289,3.5729338297284023,LOW,False
2891,71,2,8568.122,0.028169014084507043,0.045570869888911895,0.039346658831411904,0.039346658831411904,0.6181364137479632,-0.4422702288132354,0.6190212644137224,4.333148850896056,LOW,False
2892,149,14,19659.805,0.09395973154362416,0.04211494917947006,0.03690665661807975,0.03690665661807975,2.231030391209093,1.404754239883016,0.725258813512686,28.797332202859614,LOW,False
2893,176,6,24494.146,0.03409090909090909,0.04423782329844724,0.03839568062693651,0.03839568062693651,0.7706280858557905,-0.2642722838052669,0.7492160161873449,14.9843203237469,LOW,False
2894,254,5,35514.77,0.01968503937007874,0.04465021332777275,0.03822380093201305,0.03822380093201305,0.44087223560552413,-0.6531316443934614,0.8020640075037752,16.041280150075504,LOW,False
2895,255,4,39075.285,0.01568627450980392,0.04454961298845051,0.038288854098774784,0.038288854098774784,0.3521079860754478,-0.7538313474774424,0.8026305204928966,16.052610409857934,LOW,False
2896,279,8,43541.746,0.02867383512544803,0.04391833257613876,0.038647981174284,0.038647981174284,0.6528898854649776,-0.3944448581142001,0.8156013323905754,16.31202664781151,LOW,False
2897,296,6,54722.1,0.02027027027027027,0.04329158208159345,0.038773172278979695,0.038773172278979695,0.46822659962082347,-0.5937433142091354,0.824132903927884,16.48265807855768,LOW,False
2898,294,16,62070.62,0.05442176870748299,0.04376580630581767,0.03840193190853685,0.03840193190853685,1.2434768898625057,0.2774850605705198,0.8231549009912174,18.289174693793143,LOW,False
2899,292,8,56262.504,0.0273972602739726,0.044049253017835806,0.038456676056504976,0.038456676056504976,0.6219687826006786,-0.43300655312477293,0.8221702449222077,16.443404898444154,LOW,False
2900,281,8,52900.145,0.028469750889679714,0.0430883590460709,0.03857748527012893,0.03857748527012893,0.6607295223111029,-0.3789414487239937,0.8166315423193131,16.332630846386266,LOW,False
2901,278,11,46608.06,0.039568345323741004,0.04275944715132271,0.03867085180310518,0.03867085180310518,0.9253708352147627,-0.08251956392968485,0.8150834646326118,16.30166929265224,LOW,False
2902,221,17,36278.715,0.07692307692307693,0.0426275014258518,0.038676340719966056,0.038676340719966056,1.804541067387691,0.8867326861540593,0.7820045079683347,21.674148164774376,LOW,False
2903,232,20,23991.47,0.08620689655172414,0.043720494454328705,0.039280073477124394,0.039280073477124394,1.971773138150978,1.0816273580073195,0.7890044773171113,24.088730057566053,LOW,False
2904,185,5,24867.684,0.02702702702702703,0.04611052540039413,0.04007276553697343,0.04007276553697343,0.5861357421617238,-0.47622114714692126,0.7563948700797809,15.12789740159562,LOW,False
2905,152,5,14948.198,0.03289473684210526,0.04525252454239328,0.040259077652297116,0.040259077652297116,0.7269149550162434,-0.3069565529299428,0.7281251226999029,14.562502453998057,LOW,False
2906,127,11,14681.157,0.08661417322834646,0.04177305039405948,0.03734570308510619,0.03734570308510619,2.073446214994723,1.2007036721761448,0.7023017054312845,24.605676623287927,LOW,False
2907,83,4,11499.758,0.04819277108433735,0.043129722026321655,0.038388101219958476,0.038388101219958476,1.1173911822321916,0.13189110419932287,0.6413336325250909,4.797487281035139,LOW,False
2908,59,10,6764.786,0.1694915254237288,0.04319976965871169,0.03839607354788511,0.03839607354788511,3.9234358600231345,3.289184129921883,0.5926313341559827,21.837619040060847,LOW,False
2909,43,4,4563.414,0.09302325581395349,0.04969885348830399,0.04566540135685002,0.04566540135685002,1.8717384664788166,0.9487358270891587,0.5477383052077789,6.122481610961345,LOW,False
2910,24,1,2784.435,0.041666666666666664,0.05250644641217598,0.046190346793321395,0.046190346793321395,0.7935533541840374,-0.2346763013928405,0.46591258883663084,3.2613881218564154,LOW,False
2911,17,0,1397.476,0.0,0.04685008440500752,0.037773931046375775,0.037773931046375775,0.0,-1.2402755844364934,0.4183636342904982,2.9285454400334876,LOW,False
2912,13,1,1480.509,0.07692307692307693,0.04685008440500752,0.037773931046375775,0.037773931046375775,1.6418983636848066,0.7961308681680025,0.3819874078490358,4.358895059615867,LOW,False
2913,10,0,908.74,0.0,0.04831910149902461,0.038246188627511536,0.038246188627511536,0.0,-1.2633703705646462,0.34708067508455476,2.429564725591883,LOW,False
2914,12,1,772.367,0.08333333333333333,0.04831910149902461,0.038246188627511536,0.038246188627511536,1.724645755985664,0.9154959772677066,0.3712607321280216,4.50102023435852,LOW,False
2915,35,8,4527.272,0.22857142857142856,0.050528697458620576,0.03868938388853565,0.03868938388853565,4.523596294137849,4.601849738050888,0.5186924493521103,28.63838002154926,LOW,False
2916,64,4,8513.182,0.0625,0.058878798062242305,0.05273141631433257,0.05273141631433257,1.0615026470806967,0.0686725711323904,0.6042170265463369,4.390963634411187,LOW,False
2917,142,1,17515.986,0.007042253521126761,0.057567975914591306,0.052209883799633316,0.052209883799633316,0.12232935775916026,-0.9677424793237981,0.7183414072125762,14.366828144251526,LOW,False
2918,173,5,23274.342,0.028901734104046242,0.0564409485991837,0.05302429574777943,0.05302429574777943,0.5120703110306024,-0.5193697362079676,0.7467417015090355,14.93483403018071,LOW,False
2919,187,6,21769.947,0.03208556149732621,0.05682497754643235,0.05277932673499232,0.05277932673499232,0.5646383488864333,-0.4687330737150932,0.7579429477664821,15.158858955329643,LOW,False
2920,218,5,30828.1,0.022935779816513763,0.05750828117091245,0.052327795727242374,0.052327795727242374,0.39882568822304887,-0.6606909554265803,0.7800351730461409,15.60070346092282,LOW,False
2921,224,6,34251.95,0.026785714285714284,0.05726919553304019,0.05247816084686357,0.05247816084686357,0.46771591667043516,-0.5808793744940814,0.783947408065517,15.678948161310341,LOW,False
2922,236,12,32314.375,0.05084745762711865,0.057540672367017015,0.052294971402294464,0.052294971402294464,0.8836785448524755,-0.12798964337142174,0.7914682624872543,15.829365249745086,LOW,False
2923,213,2,33074.312,0.009389671361502348,0.05739174273866851,0.052309327468157876,0.052309327468157876,0.16360666035631502,-0.9176579723068767,0.776692209584216,15.53384419168432,LOW,False
2924,208,8,26561.408,0.038461538461538464,0.05664142653398224,0.052884258575290256,0.052884258575290256,0.6790354836572365,-0.34376747565745747,0.7732702089759699,15.465404179519398,LOW,False
2925,196,14,27668.205,0.07142857142857142,0.05705775101614303,0.052691817577911505,0.052691817577911505,1.2518644733887696,0.272733435152039,0.7647114273842626,17.183212098101023,LOW,False
2926,217,6,24759.121,0.027649769585253458,0.05838526043717763,0.05263334293252427,0.05263334293252427,0.4735744840087599,-0.5839547545237045,0.7793727284850581,15.587454569701165,LOW,False
2927,179,2,22507.533,0.0111731843575419,0.05633220596476831,0.052839396165318395,0.052839396165318395,0.1983445200873176,-0.854646814394653,0.7516487437704258,15.032974875408517,LOW,False
2928,175,4,22933.75,0.022857142857142857,0.05320580129001073,0.05321339135558585,0.05321339135558585,0.4295986960623829,-0.5703199450316964,0.748395935331003,14.967918706620061,LOW,False
2929,127,1,12800.379,0.007874015748031496,0.05303205611626555,0.053309304106545746,0.053309304106545746,0.14847653145427345,-0.8470949138255434,0.7023017054312845,14.04603410862569,LOW,False
2930,106,2,9766.585,0.018867924528301886,0.051989526070679144,0.053960910138448254,0.053960910138448254,0.36291780199440876,-0.6138073182493903,0.676363394522604,13.52726789045208,LOW,False
2931,92,5,6313.9897,0.05434782608695652,0.04916676570817729,0.05384271732301618,0.05384271732301618,1.1053772869570213,0.09622583399156343,0.6560660550181688,4.869077763389363,LOW,False
2932,89,1,9391.504,0.011235955056179775,0.04942322633328642,0.05385253415076774,0.05385253415076774,0.22734159401917448,-0.709108157662479,0.6513199287088136,4.559239500961695,LOW,False
2933,41,0,4383.659,0.0,0.04282924423463855,0.04786781247473426,0.04786781247473426,0.0,-0.8947399519717935,0.541004817463479,3.787033722244353,LOW,False
2934,22,3,1233.078,0.13636363636363635,0.03895327524239047,0.04739055214219509,0.04739055214219509,3.5006975797311166,2.055480612020865,0.4538436109089882,14.35896410074838,LOW,False
2935,21,11,2103.335,0.5238095238095238,0.04289898231309755,0.05139897283769432,0.05139897283769432,12.21030186652234,9.356423191860797,0.4474094901461668,31.131866431023166,MEDIUM,False
2936,10,2,669.663,0.2,0.06472437913849437,0.11009184444827483,0.11009184444827483,3.0900257779537577,1.2287524252086,0.34708067508455476,8.916674253008122,LOW,False
2937,9,2,842.80005,0.2222222222222222,0.0698525842666995,0.11349860152102846,0.11349860152102846,3.1813028043997673,1.3424803117709994,0.33328510947992757,9.557266991907003,LOW,False
2938,12,0,2986.7,0.0,0.07911184352595876,0.11657502873397216,0.11657502873397216,0.0,-0.6786345616649553,0.3712607321280216,2.598825124896151,LOW,False
2939,26,1,3559.137,0.038461538461538464,0.07563962130373654,0.11767964424796562,0.11767964424796562,0.5084840166913751,-0.31592620014944334,0.47705222884332926,3.339365601903305,LOW,False
2940,59,1,6208.279,0.01694915254237288,0.06771837588249112,0.11325301310717303,0.11325301310717303,0.2502888222213722,-0.44828143593914416,0.5926313341559827,4.148419339091879,LOW,False
2941,95,0,10907.181,0.0,0.06582042390508999,0.11372496643052138,0.11372496643052138,0.0,-0.5787684619392878,0.6606614849225034,4.624630394457523,LOW,False
2942,110,7,13627.027,0.06363636363636363,0.06552699667504304,0.1138921786568617,0.1138921786568617,0.9711472654842506,-0.016600200830081353,0.6816756929067226,13.633513858134453,LOW,False
2943,138,0,12591.159,0.0,0.06697427290555626,0.11362691549883851,0.11362691549883851,0.0,-0.5894226082924945,0.714234922319791,14.284698446395822,LOW,False
2944,151,2,19927.334,0.013245033112582781,0.06563737450983434,0.11424234009233139,0.11424234009233139,0.20179102548652825,-0.45860703969218186,0.7271759790762514,14.54351958152503,LOW,False
2945,168,4,17209.44,0.023809523809523808,0.06523359339717055,0.1144168200830327,0.1144168200830327,0.364988690176257,-0.3620452793355483,0.7425214642560432,14.850429285120864,LOW,False
2946,173,1,14896.165,0.005780346820809248,0.0651095854606626,0.11446190662585448,0.11446190662585448,0.0887787378757245,-0.5183317348870036,0.7467417015090355,14.93483403018071,LOW,False
2947,188,2,18169.908,0.010638297872340425,0.06323178917706639,0.11507409125312605,0.11507409125312605,0.16824287294086,-0.4570402488692017,0.758710821630753,15.174216432615061,LOW,False
2948,156,3,16738.95,0.019230769230769232,0.06328381528168464,0.11504896985791212,0.11504896985791212,0.3038813185515211,-0.3829069143802143,0.7318606560601462,14.637213121202924,LOW,False
2949,163,4,18316.504,0.024539877300613498,0.06248253323040259,0.11529606914243733,0.11529606914243733,0.392747797374402,-0.32908889446104667,0.7381744743775209,14.76348948755042,LOW,False
2950,177,3,16272.581,0.01694915254237288,0.06052883764173767,0.1155349051675527,0.1155349051675527,0.28001780973711593,-0.3771992977893912,0.7500314768453384,15.00062953690677,LOW,False
2951,199,5,18833.645,0.02512562814070352,0.06008297859828432,0.11568785101146137,0.11568785101146137,0.41818213289147727,-0.3021695895631904,0.7668990340214671,15.337980680429341,LOW,False
2952,185,10,15251.472,0.05405405405405406,0.060664330422582714,0.11546622904510963,0.11546622904510963,0.8910352043370129,-0.05724856889494673,0.7563948700797809,15.12789740159562,LOW,False
2953,187,4,20254.244,0.0213903743315508,0.06196420172245402,0.11519739419988367,0.11519739419988367,0.34520535626943377,-0.35221132971551355,0.7579429477664821,15.158858955329643,LOW,False
2954,153,3,15758.098,0.0196078431372549,0.06252738333010065,0.11495424166882204,0.11495424166882204,0.3135880968141473,-0.37336195315432547,0.7290680829335906,14.581361658671813,LOW,False
2955,126,2,11229.474,0.015873015873015872,0.06255821327214035,0.11494212198771514,0.11494212198771514,0.25373192491871815,-0.40616265466296275,0.7011664534630849,14.0233290692617,LOW,False
2956,66,1,7439.906,0.015151515151515152,0.06095509617989284,0.11532926773872876,0.11532926773872876,0.2485684725490296,-0.3971548760037464,0.608603540536682,4.260224783756773,LOW,False
2957,47,2,6272.258,0.0425531914893617,0.06111824451719849,0.11525862339865264,0.11525862339865264,0.696243680189266,-0.161073006777329,0.5603326698608914,3.9223286890262394,LOW,False
2958,16,1,1455.585,0.0625,0.06289129416258855,0.1146029874066739,0.1146029874066739,0.9937782459750794,-0.003414345222956789,0.41009030347101677,2.870632124297117,LOW,False
2959,20,7,2392.428,0.35,0.05981364264743703,0.11353089411535458,0.11353089411535458,5.851507858550347,2.5560122609244598,0.44067600240186683,20.392285658357576,LOW,False
2960,9,0,983.25,0.0,0.052571579155373534,0.08447028671817007,0.08447028671817007,0.0,-0.6223677129305288,0.33328510947992757,2.3329957663594927,LOW,False
2961,18,0,2671.245,0.0,0.0442382458220402,0.07898052588130977,0.07898052588130977,0.0,-0.5601158681637608,0.4261895338914151,2.9833267372399055,LOW,False
2962,29,0,3714.7559,0.0,0.034978986562780943,0.06968667552281116,0.06968667552281116,0.0,-0.5019465529149968,0.4923025190943706,3.4461176336605943,LOW,False
2963,62,1,7562.532,0.016129032258064516,0.034978986562780943,0.06968667552281116,0.06968667552281116,0.461106333916102,-0.2704958180785379,0.5996934120163099,4.19785388411417,LOW,False
2964,121,0,13637.385,0.0,0.034048465470969534,0.06978718110961513,0.06978718110961513,0.0,-0.4878899667474663,0.6953526645809566,13.907053291619132,LOW,False
2965,151,4,21599.623,0.026490066225165563,0.033342250781704,0.07005299442565043,0.07005299442565043,0.7944894421975118,-0.09781429919902833,0.7271759790762514,14.54351958152503,LOW,False
2966,199,1,38628.465,0.005025125628140704,0.034446003541085894,0.06971267581896404,0.06971267581896404,0.14588414072903763,-0.42203053558506193,0.7668990340214671,15.337980680429341,LOW,False
2967,207,8,34541.85,0.03864734299516908,0.03200386862407661,0.06967224177162507,0.06967224177162507,1.2075834783953139,0.09535324545561148,0.7725759923744698,17.008395935454253,LOW,False
2968,186,2,32746.434,0.010752688172043012,0.03361417458220865,0.06934624637603366,0.06934624637603366,0.31988553357886723,-0.3296715771203827,0.7571709785555715,15.14341957111143,LOW,False
2969,240,10,39219.914,0.041666666666666664,0.033510326876352824,0.06937993388663433,0.06937993388663433,1.2433977985475728,0.11756050104690452,0.7938908108176181,17.70329970545916,LOW,False
2970,240,6,41557.08,0.025,0.03425437449540044,0.06936712789167629,0.06936712789167629,0.7298337911076705,-0.13341152757329192,0.7938908108176181,15.877816216352365,LOW,False
2971,219,18,31545.316,0.0821917808219178,0.03505519337786673,0.0691346655853416,0.0691346655853416,2.344639207547842,0.6818082801870858,0.7806945996260943,25.698686049130703,LOW,False
2972,251,30,55663.55,0.11952191235059761,0.038036588500765786,0.06957735437231995,0.06957735437231995,3.142287914390411,1.1711472013406885,0.8003510421395341,34.213520217477374,MEDIUM,False
2973,236,7,37462.0,0.029661016949152543,0.04221538613075863,0.07138697126491815,0.07138697126491815,0.7026115278746954,-0.17586359190133766,0.7914682624872543,15.829365249745086,LOW,False
2974,213,2,31298.832,0.009389671361502348,0.042428766949447756,0.07133947871814779,0.07133947871814779,0.2213043658018575,-0.4631249930838184,0.776692209584216,15.53384419168432,LOW,False
2975,209,9,23513.387,0.0430622009569378,0.042113788566911496,0.07147343019875453,0.07147343019875453,1.022520234400651,0.013269439949767967,0.7739611118817943,15.64812399564077,LOW,False
2976,258,2,27602.64,0.007751937984496124,0.04286114576758792,0.0713817888799678,0.0713817888799678,0.1808616602675663,-0.4918510496021578,0.8043168760797031,16.086337521594064,LOW,False
2977,196,3,31306.398,0.015306122448979591,0.04093189093135633,0.07169116182235251,0.07169116182235251,0.37394124973723525,-0.3574466898147954,0.7647114273842626,15.29422854768525,LOW,False
2978,157,6,17744.621,0.03821656050955414,0.0406783804362492,0.07177397749235342,0.07177397749235342,0.939480876566529,-0.034299616834769016,0.7327796679344233,14.655593358688465,LOW,False
2979,109,0,9640.247,0.0,0.041453743660095,0.07163684166831714,0.07163684166831714,0.0,-0.578665149030834,0.6803657845644823,13.607315691289646,LOW,False
2980,93,2,7680.988,0.021505376344086023,0.040792367998719346,0.07195584217747854,0.07195584217747854,0.5271911732302761,-0.26803927340690564,0.6576141327048699,4.603298928934089,LOW,False
2981,81,7,16272.229,0.08641975308641975,0.04105711221507646,0.07186903750819996,0.07186903750819996,2.1048668165874025,0.6311847555516183,0.6378456593159089,7.365195008753294,LOW,False
2982,42,0,7241.7847,0.0,0.04288488561495388,0.07246408390829168,0.07246408390829168,0.0,-0.591808842422236,0.5444107130498506,3.810874991348954,LOW,False
2983,38,0,5468.267,0.0,0.04028071894828721,0.07285053184985803,0.07285053184985803,0.0,-0.5529227848508248,0.5302781417424646,3.7119469921972517,LOW,False
2984,23,0,3305.45,0.0,0.025697385614953883,0.03138674352244051,0.03138674352244051,0.0,-0.8187337305821829,0.46000385479927935,3.2200269835949555,LOW,False
2985,28,0,3874.25,0.0,0.025697385614953883,0.03138674352244051,0.03138674352244051,0.0,-0.8187337305821829,0.4873954768329804,3.411768337830863,LOW,False
2986,49,2,4960.84,0.04081632653061224,0.025697385614953883,0.03138674352244051,0.03138674352244051,1.5883454893894073,0.4816982973989896,0.566241403898243,5.5080967369348945,LOW,False
2987,72,2,8706.71,0.027777777777777776,0.027398065887062728,0.031037668286578435,0.031037668286578435,1.0138590764866489,0.012233905176415791,0.6210177634316978,4.383504419799338,LOW,False
2988,150,1,18503.24,0.006666666666666667,0.027883430283717443,0.030944724061942153,0.030944724061942153,0.23909062116219157,-0.6856342804861052,0.7262205704328422,14.524411408656842,LOW,False
2989,220,4,34225.152,0.01818181818181818,0.02816120806149522,0.03071259500124896,0.03071259500124896,0.6456334594068127,-0.3249282543292488,0.7813510355990383,15.627020711980766,LOW,False
2990,286,3,46572.65,0.01048951048951049,0.02781503105968908,0.030779001659292392,0.030779001659292392,0.3771166196795087,-0.562900667213418,0.8191754370417206,16.38350874083441,LOW,False
2991,296,8,41511.22,0.02702702702702703,0.028042713762246155,0.030622902355716623,0.030622902355716623,0.9637807259372114,-0.03316755294520673,0.824132903927884,16.48265807855768,LOW,False
2992,286,5,34740.63,0.017482517482517484,0.02755853393024023,0.030539693739788227,0.030539693739788227,0.6343776315086833,-0.32993181050127385,0.8191754370417206,16.38350874083441,LOW,False
2993,287,10,40982.06,0.03484320557491289,0.027838943484843337,0.030409294276391698,0.030409294276391698,1.2515994220069078,0.23033293789745468,0.8196788945369465,18.28057355579074,LOW,False
2994,249,6,35580.027,0.024096385542168676,0.027554632606020268,0.030306114232969975,0.030306114232969975,0.8744948948041493,-0.11411054011303666,0.7991976983165583,15.983953966331166,LOW,False
2995,262,1,36606.9,0.003816793893129771,0.027516982003610625,0.03030998700465646,0.03030998700465646,0.13870684992376536,-0.7819266998313079,0.8065352165719889,16.13070433143978,LOW,False
2996,273,16,42259.18,0.05860805860805861,0.02425135754824446,0.028319922468085332,0.028319922468085332,2.4166918693712964,1.213163669446195,0.8124659632143479,29.53905415264912,LOW,False
2997,258,2,34709.61,0.007751937984496124,0.021713280308972,0.021259999618989882,0.021259999618989882,0.3570136743130884,-0.6566953233623442,0.8043168760797031,16.086337521594064,LOW,False
2998,251,1,36470.605,0.00398406374501992,0.020800402018777985,0.021373964929570687,0.021373964929570687,0.19153782419316828,-0.7867673746620971,0.8003510421395341,16.007020842790684,LOW,False
2999,238,8,27156.477,0.03361344537815126,0.020575168368091215,0.02152736741584781,0.02152736741584781,1.6336899303473171,0.6056605416815458,0.7926846048043299,20.606366573691478,LOW,False
3000,222,1,34304.38,0.0045045045045045045,0.02018147021897511,0.021181866399542174,0.021181866399542174,0.22320001742337187,-0.7401125764257227,0.7826550433732524,15.65310086746505,LOW,False
3001,170,7,22480.066,0.041176470588235294,0.020046160490642128,0.02127488644936541,0.02127488644936541,2.054082656250165,0.9932043655266345,0.7442243531203013,22.790106984282264,LOW,False
3002,166,10,22137.824,0.060240963855421686,0.021124091663111116,0.02167588706218534,0.02167588706218534,2.851765880216291,1.8046261304134532,0.7407983024292605,38.76203678037555,MEDIUM,False
3003,112,9,10837.589,0.08035714285714286,0.022041775135855594,0.02286461059513577,0.02286461059513577,3.645674740888951,2.5504640666696208,0.6842604738072507,52.908570866182416,MEDIUM,True
3004,84,2,8431.093,0.023809523809523808,0.02538998942156988,0.025255192263392633,0.025255192263392633,0.9377524115585728,-0.06257982895410208,0.6430465978893322,4.5013261852253255,LOW,False
3005,60,20,6877.192,0.3333333333333333,0.02548599556596312,0.025244160215329485,0.025244160215329485,13.079078369553839,12.194794167897502,0.5950238495193444,32.16516694663541,MEDIUM,False
3006,17,0,2096.628,0.0,0.03577406140958452,0.0669762945630464,0.0669762945630464,0.0,-0.5341301970043973,0.4183636342904982,2.9285454400334876,LOW,False
3007,31,1,2338.144,0.03225806451612903,0.03577406140958452,0.0669762945630464,0.0669762945630464,0.9017165858469318,-0.05249613936384309,0.5016440753080604,3.5115085271564226,LOW,False
3008,6,0,797.95,0.0,0.0371181474310899,0.06654948270759924,0.06654948270759924,0.0,-0.5577526063452242,0.2816585927874237,1.971610149511966,LOW,False
3009,14,3,4315.8,0.21428571428571427,0.0371181474310899,0.06654948270759924,0.06654948270759924,5.773071371181366,2.6621929975481797,0.3919737040327585,20.515910292502596,LOW,False
3010,27,5,4566.746,0.18518518518518517,0.04604671885966133,0.07516951813105853,0.07516951813105853,4.021680366620311,1.8509958529058954,0.4823162229106479,15.031231379216141,LOW,False
3011,62,0,8380.043,0.0,0.05206208797026853,0.08033198029154205,0.08033198029154205,0.0,-0.6480866994853607,0.5996934120163099,4.19785388411417,LOW,False
3012,104,3,12898.011,0.028846153846153848,0.050904680562861127,0.08089521010177401,0.08089521010177401,0.566669970760986,-0.27268025744609,0.6736322968201822,13.472645936403646,LOW,False
3013,159,1,26781.299,0.006289308176100629,0.05182882586200643,0.08049355498343819,0.08049355498343819,0.12134768772971687,-0.5657535897784077,0.7346003697263758,14.692007394527515,LOW,False
3014,206,11,33163.188,0.05339805825242718,0.05133330461176819,0.08074590273973493,0.08074590273973493,1.0402224960242603,0.025571002002593643,0.7718784301378744,15.739237322939442,LOW,False
3015,217,6,28933.803,0.027649769585253458,0.053121160768556386,0.08027589707861511,0.08027589707861511,0.5205038667306378,-0.3172981194885745,0.7793727284850581,15.587454569701165,LOW,False
3016,209,1,32732.865,0.004784688995215311,0.05314710837514916,0.08026719612190666,0.08026719612190666,0.09002726849110317,-0.6025178617985224,0.7739611118817943,15.479222237635886,LOW,False
3017,216,12,27456.6,0.05555555555555555,0.05261803218817823,0.08055383461342817,0.08055383461342817,1.0558273132843858,0.036466586370149545,0.7787072381911495,15.992849613455887,LOW,False
3018,226,15,36138.59,0.06637168141592921,0.053481046770705004,0.08046602733145913,0.08046602733145913,1.2410318313418882,0.16019971499431115,0.78522833575215,17.512305450107164,LOW,False
3019,257,9,39056.47,0.03501945525291829,0.0552425174321117,0.08025725463790764,0.08025725463790764,0.6339221469397043,-0.2519779958887544,0.8037569377259057,16.075138754518115,LOW,False
3020,206,12,31168.191,0.05825242718446602,0.056542628322102884,0.07963831814464746,0.07963831814464746,1.030239111854211,0.021469550113522258,0.7718784301378744,15.66436194166407,LOW,False
3021,230,3,26450.898,0.013043478260869565,0.05652781034611987,0.07963795021411416,0.07963795021411416,0.2307444456278127,-0.5460252551495683,0.7877566774864215,15.75513354972843,LOW,False
3022,215,8,30085.928,0.037209302325581395,0.056748291190968754,0.07950425374401263,0.07950425374401263,0.6556902691636131,-0.2457602951446962,0.7780386740281655,15.560773480563311,LOW,False
3023,251,9,36890.66,0.035856573705179286,0.05813267613182549,0.07883196720432604,0.07883196720432604,0.6168058326416722,-0.28257702067624874,0.8003510421395341,16.007020842790684,LOW,False
3024,209,7,25076.766,0.03349282296650718,0.05822613981211832,0.07880295752492614,0.07880295752492614,0.5752197050084451,-0.3138627993471914,0.7739611118817943,15.479222237635886,LOW,False
3025,168,1,18626.307,0.005952380952380952,0.05943398641470177,0.07816330453875688,0.07816330453875688,0.10015113088407197,-0.6842290737055805,0.7425214642560432,14.850429285120864,LOW,False
3026,170,25,15988.559,0.14705882352941177,0.057966316013207835,0.0788487263668525,0.0788487263668525,2.5369703242121493,1.1299168879620336,0.7442243531203013,28.035725593522564,LOW,False
3027,110,7,11687.842,0.06363636363636363,0.06158372683295741,0.08092187401124364,0.08092187401124364,1.0333308311946416,0.025365660749787106,0.6816756929067226,13.883495092094265,LOW,False
3028,63,0,4943.176,0.0,0.060887027698758284,0.08082513754652286,0.08082513754652286,0.0,-0.753317959573057,0.6019728903696724,4.213810232587707,LOW,False
3029,47,2,3971.043,0.0425531914893617,0.059894964206694795,0.08144377469858208,0.08144377469858208,0.71046359327493,-0.21292938326488214,0.5603326698608914,3.9223286890262394,LOW,False
3030,19,0,1921.2161,0.0,0.047779124963195974,0.056940160798740855,0.056940160798740855,0.0,-0.8391111702700449,0.4336139245415396,3.0352974717907775,LOW,False
3031,7,1,426.80002,0.14285714285714285,0.047779124963195974,0.056940160798740855,0.056940160798740855,2.9899489152885286,1.6697883630853636,0.3009864451848362,10.260845107424707,LOW,False
3032,8,1,1599.25,0.125,0.05238741989407155,0.06002153127012746,0.06002153127012746,2.3860690267387206,1.2097755350348336,0.31803481922888616,6.7824428955687415,LOW,False
3033,18,0,1044.697,0.0,0.05759575322740488,0.06069758978384628,0.06069758978384628,0.0,-0.9488968743653985,0.4261895338914151,2.9833267372399055,LOW,False
3034,36,0,3534.7,0.0,0.048667181798833455,0.05174721244973789,0.05174721244973789,0.0,-0.9404792933745741,0.5226582832922795,3.6586079830459566,LOW,False
3035,38,0,4268.85,0.0,0.040951132416117406,0.0436842590380252,0.0436842590380252,0.0,-0.9374345203033265,0.5302781417424646,3.7119469921972517,LOW,False
3036,98,0,9889.773,0.0,0.0409511324161174,0.0436842590380252,0.0436842590380252,0.0,-0.9374345203033263,0.6651154943134409,4.655808460194086,LOW,False
3037,131,1,21215.885,0.007633587786259542,0.039749209339194326,0.0444223930502372,0.0444223930502372,0.19204376421979583,-0.7229601862424496,0.7067557148222219,14.135114296444437,LOW,False
3038,172,2,26557.424,0.011627906976744186,0.03980522098961762,0.04437919604934975,0.04437919604934975,0.29212014624355653,-0.6349216867637757,0.7459074405024058,14.918148810048116,LOW,False
3039,199,17,30801.453,0.08542713567839195,0.03806479801979749,0.04464122584566582,0.04464122584566582,2.2442555884300592,1.060955131974559,0.7668990340214671,25.43183674333677,LOW,False
3040,169,6,21501.912,0.03550295857988166,0.04047218827367826,0.045602690413697265,0.045602690413697265,0.8772186554333554,-0.10896790625107591,0.7433754129509443,14.867508259018889,LOW,False
3041,207,2,31813.357,0.00966183574879227,0.04175211617303936,0.044984394418214765,0.044984394418214765,0.23140948613836293,-0.7133647310199939,0.7725759923744698,15.451519847489397,LOW,False
3042,191,9,28602.615,0.04712041884816754,0.039839877847757554,0.04534610547296761,0.04534610547296761,1.182745063331558,0.16055493464042178,0.7609902999841155,16.590393974668995,LOW,False
3043,191,8,31424.514,0.041884816753926704,0.039037741907434156,0.04502551017169044,0.04502551017169044,1.072931340476698,0.0632324838882699,0.7609902999841155,15.766791053257547,LOW,False
3044,217,1,29422.457,0.004608294930875576,0.039323798636642836,0.045020679474413336,0.045020679474413336,0.11718844797922089,-0.7711012830336594,0.7793727284850581,15.587454569701165,LOW,False
3045,187,5,23693.885,0.026737967914438502,0.0370886264594099,0.045370353131192497,0.045370353131192497,0.7209209525108933,-0.22813705053256975,0.7579429477664821,15.158858955329643,LOW,False
3046,215,4,30435.916,0.018604651162790697,0.037659230194975274,0.04514033121384589,0.04514033121384589,0.4940263267854329,-0.42211872442663795,0.7780386740281655,15.560773480563311,LOW,False
3047,181,3,21700.07,0.016574585635359115,0.03688403639652566,0.04530783159339911,0.04530783159339911,0.4493701680903986,-0.4482547508216091,0.7532481399770573,15.06496279954115,LOW,False
3048,191,1,23104.945,0.005235602094240838,0.03608062022694982,0.045497404385900206,0.045497404385900206,0.1451084283282412,-0.6779511611494909,0.7609902999841155,15.219805999682311,LOW,False
3049,192,7,22624.922,0.036458333333333336,0.03490323602393872,0.04593083949199909,0.04593083949199909,1.0445545309417166,0.03385736743752533,0.7617422179553044,15.569003341168964,LOW,False
3050,126,4,16380.299,0.031746031746031744,0.036174317373145075,0.0455150510936247,0.0455150510936247,0.877584818493333,-0.09729277504279461,0.7011664534630849,14.0233290692617,LOW,False
3051,101,0,10153.587,0.0,0.031369617715504235,0.038907610648227835,0.038907610648227835,0.0,-0.8062591660825376,0.6694365281470719,13.38873056294144,LOW,False
3052,67,2,8173.148,0.029850746268656716,0.028718102563989087,0.03878122980933956,0.03878122980933956,1.0394400605730791,0.029205976969684907,0.610747933594241,4.378765694164019,LOW,False
3053,31,5,7580.034,0.16129032258064516,0.029961883658516455,0.03829578972209211,0.03829578972209211,5.3831836615786175,3.4293179452666522,0.5016440753080604,24.639774537698024,LOW,False
3054,25,2,2416.959,0.08,0.03490926412065326,0.0467333940813907,0.0467333940813907,2.291655295955375,0.9648504407965082,0.47158954718963364,6.691721982210294,LOW,False
3055,16,0,1281.137,0.0,0.038242597453986595,0.04698754871538691,0.04698754871538691,0.0,-0.8138879022106419,0.41009030347101677,2.870632124297117,LOW,False
3056,18,0,2735.267,0.0,0.03229021650160564,0.04193578782030616,0.04193578782030616,0.0,-0.7699918895042211,0.4261895338914151,2.9833267372399055,LOW,False
3057,25,10,3437.198,0.4,0.02708188316827231,0.037442448220574215,0.037442448220574215,14.770021623482176,9.959768512861649,0.47158954718963364,31.301126830327433,MEDIUM,False
3058,27,2,5157.732,0.07407407407407407,0.04374854983493898,0.08441934049987396,0.08441934049987396,1.6931778162602356,0.3592248418379953,0.4823162229106479,5.195805328057653,LOW,False
3059,53,4,6700.592,0.07547169811320754,0.0468349695880254,0.08410383186283554,0.08410383186283554,1.6114390332070136,0.34049255415479307,0.5773810439049414,5.646694769503,LOW,False
3060,82,4,12891.014,0.04878048780487805,0.04997962367607572,0.08368644109765215,0.08368644109765215,0.9760075049990489,-0.014328914642198935,0.6396001521180903,4.477201064826632,LOW,False
3061,156,2,21040.783,0.01282051282051282,0.052012144001278966,0.08300942784425078,0.08300942784425078,0.24649075839283932,-0.4721346984140254,0.7318606560601462,14.637213121202924,LOW,False
3062,181,0,22922.373,0.0,0.05222826587770618,0.0828955351628719,0.0828955351628719,0.0,-0.6300492031939823,0.7532481399770573,15.06496279954115,LOW,False
3063,224,4,32946.945,0.017857142857142856,0.05174376975367518,0.08317665150709168,0.08317665150709168,0.34510711032751,-0.4074055192477078,0.783947408065517,15.678948161310341,LOW,False
3064,236,3,31810.93,0.012711864406779662,0.048928353386123134,0.08313050762796231,0.08313050762796231,0.25980568580476593,-0.43565821998134246,0.7914682624872543,15.829365249745086,LOW,False
3065,232,3,40335.3,0.01293103448275862,0.04797872446224388,0.08342020911212779,0.08342020911212779,0.2695160121010407,-0.4201342858344617,0.7890044773171113,15.780089546342227,LOW,False
3066,248,9,40243.03,0.036290322580645164,0.04811494107615915,0.08335756686243785,0.08335756686243785,0.754242274207563,-0.14185417042015813,0.7986175617325333,15.972351234650667,LOW,False
3067,216,6,28760.592,0.027777777777777776,0.04766368706501239,0.08339249166700226,0.08339249166700226,0.5827870122571382,-0.23846162753646688,0.7787072381911495,15.574144763822991,LOW,False
3068,217,1,25360.812,0.004608294930875576,0.04707589377433951,0.08348466101005317,0.08348466101005317,0.09789075812273798,-0.5086874442521844,0.7793727284850581,15.587454569701165,LOW,False
3069,233,4,35256.79,0.017167381974248927,0.04707589377433951,0.08348466101005317,0.08348466101005317,0.36467458390788227,-0.358251581047793,0.7896243664185199,15.792487328370397,LOW,False
3070,232,6,33928.195,0.02586206896551724,0.04667711936016494,0.08360879652497878,0.08360879652497878,0.5540630895827813,-0.24895766067424546,0.7890044773171113,15.780089546342227,LOW,False
3071,206,5,28093.508,0.024271844660194174,0.04697951176861189,0.08351592349089788,0.08351592349089788,0.5166474436716212,-0.27189625833320935,0.7718784301378744,15.43756860275749,LOW,False
3072,178,8,19902.664,0.0449438202247191,0.04730023089464668,0.08340879630249451,0.08340879630249451,0.950181835789003,-0.028251344874726466,0.7508423690723203,15.016847381446407,LOW,False
3073,138,2,16427.248,0.014492753623188406,0.0489547399834166,0.08293057598975999,0.08293057598975999,0.29604393013011243,-0.4155522369033522,0.714234922319791,14.284698446395822,LOW,False
3074,93,6,8154.231,0.06451612903225806,0.0480395074954939,0.08319526917319504,0.08319526917319504,1.3429806506303104,0.19804757771097906,0.6576141327048699,5.503623136838654,LOW,False
3075,87,3,7974.441,0.034482758620689655,0.049404928215753326,0.0831851448459181,0.0831851448459181,0.6979619213310472,-0.1793850286935685,0.648067120269391,4.536469841885736,LOW,False
3076,52,2,4769.297,0.038461538461538464,0.05084170982494873,0.08259038565212533,0.08259038565212533,0.7564957707749013,-0.14989845689250256,0.5746754719734962,4.022728303814474,LOW,False
3077,24,3,1765.32,0.125,0.051200492832985466,0.08251390136789796,0.08251390136789796,2.4413827501181755,0.8943887750255647,0.46591258883663084,7.045017840916627,LOW,False
3078,20,0,1703.137,0.0,0.04968839605879192,0.08072180684311486,0.08072180684311486,0.0,-0.6155510883863481,0.44067600240186683,3.084732016813068,LOW,False
3079,10,2,500.746,0.2,0.046355062725458585,0.08106672211776475,0.08106672211776475,4.314523338788589,1.895289870624633,0.34708067508455476,15.047081673894697,LOW,False
3080,3,1,99.165,0.3333333333333333,0.05468839605879192,0.08621081775313659,0.08621081775313659,6.095138225940809,3.2321342557315376,0.20065763012322416,21.67019077968805,LOW,False
3081,12,2,1115.723,0.16666666666666666,0.06857728494768081,0.10235606394854833,0.10235606394854833,2.4303479905018186,0.9583152959876687,0.3712607321280216,6.353488599963424,LOW,False
3082,10,0,858.979,0.0,0.05885506272545859,0.07759357891877282,0.07759357891877282,0.0,-0.7585042930816448,0.34708067508455476,2.429564725591883,LOW,False
3083,26,0,3597.957,0.0,0.05576864297237217,0.07843059426162356,0.07843059426162356,0.0,-0.7110572538357014,0.47705222884332926,3.339365601903305,LOW,False
3084,53,1,8186.021,0.018867924528301886,0.052623988884321855,0.07911626981755507,0.07911626981755507,0.3585422718482514,-0.4266640026616858,0.5773810439049414,4.041667307334589,LOW,False
3085,75,2,9558.003,0.02666666666666667,0.051377632081131185,0.07941450231700796,0.07941450231700796,0.5190326137365953,-0.3111643930704612,0.6268471640146392,4.387930148102475,LOW,False
3086,124,1,16549.686,0.008064516129032258,0.05195455515805426,0.07917214192210822,0.07917214192210822,0.15522250367650497,-0.5543621526900491,0.6988688832549463,13.977377665098928,LOW,False
3087,144,3,20044.352,0.020833333333333332,0.0522905766634306,0.07895887624573128,0.07895887624573128,0.3984146793298441,-0.3984003423782,0.7203517712512958,14.407035425025915,LOW,False
3088,177,3,20976.408,0.01694915254237288,0.05241458459993853,0.07890476452709018,0.07890476452709018,0.32336710615451025,-0.4494713629794737,0.7500314768453384,15.00062953690677,LOW,False
3089,202,2,26956.402,0.009900990099009901,0.052591138272254916,0.07881675656870736,0.07881675656870736,0.1882634684146642,-0.5416379718192349,0.7690540696204041,15.381081392408083,LOW,False
3090,200,8,19995.19,0.04,0.052464886422932046,0.07888544474715636,0.07888544474715636,0.7624146877504012,-0.15801250107525538,0.7676209501511251,15.352419003022503,LOW,False
3091,203,8,25480.44,0.03940886699507389,0.052619456315405176,0.07885600291770456,0.07885600291770456,0.7489409764869867,-0.16752801095077158,0.769765343208684,15.39530686417368,LOW,False
3092,197,4,23282.371,0.02030456852791878,0.05310408503279251,0.07873233837265017,0.07873233837265017,0.3823541732313141,-0.4165952286293015,0.7654443093750529,15.30888618750106,LOW,False
3093,148,2,20796.168,0.013513513513513514,0.053758096432669315,0.0783763680312926,0.0783763680312926,0.2513763397563538,-0.513478538621332,0.7242906233880599,14.4858124677612,LOW,False
3094,165,3,21671.846,0.01818181818181818,0.053605851913472,0.07845404534175308,0.07845404534175308,0.3391759953962937,-0.4515259038248882,0.7399289671797024,14.798579343594048,LOW,False
3095,166,3,17002.338,0.018072289156626505,0.05328584146415121,0.0785876810830421,0.0785876810830421,0.3391574320691715,-0.44807979854139257,0.7407983024292605,14.81596604858521,LOW,False
3096,155,2,15877.35,0.012903225806451613,0.05302752665150256,0.0786973078465521,0.0786973078465521,0.24333071182542124,-0.5098560794898764,0.7309357718656888,14.618715437313776,LOW,False
3097,121,3,11240.132,0.024793388429752067,0.05169250188407474,0.07911108377640597,0.07911108377640597,0.47963220053371675,-0.3400170010355116,0.6953526645809566,13.907053291619132,LOW,False
3098,104,0,10786.515,0.0,0.0521216950010149,0.07892822339943044,0.07892822339943044,0.0,-0.6603682783691166,0.6736322968201822,13.472645936403646,LOW,False
3099,58,8,5816.015,0.13793103448275862,0.04943352295800415,0.0795836723933877,0.0795836723933877,2.7902327454981677,1.1120058783830058,0.5901986065729019,9.320776920868655,LOW,False
3100,48,15,3696.0872,0.3125,0.05374386778559035,0.08151667938639379,0.08151667938639379,5.814616864694405,3.1742722368251846,0.5633171855748474,23.955661335134113,LOW,False
3101,40,2,3692.4429,0.05,0.06516213701635958,0.09700435419492102,0.09700435419492102,0.76731676230089,-0.15630367463601377,0.5375168442542968,3.762617909780078,LOW,False
3102,22,4,2294.512,0.18181818181818182,0.06203713701635958,0.09619757169633593,0.09619757169633593,2.930795819449812,1.2451566363850803,0.4538436109089882,9.3178045866034,LOW,False
3103,10,5,734.11304,0.5,0.06961289459211716,0.09823725855263542,0.09823725855263542,7.182577350498785,4.381098493065967,0.34708067508455476,27.721870632755483,LOW,False
3104,9,1,462.748,0.1111111111111111,0.08211289459211717,0.12962238123760955,0.12962238123760955,1.3531505820497256,0.22371303660775668,0.33328510947992757,3.2600160442400226,LOW,False
3105,7,0,684.8,0.0,0.0728536353328579,0.11834303382421017,0.11834303382421017,0.0,-0.6156140583743744,0.3009864451848362,2.1069051162938535,LOW,False
3106,15,0,1137.632,0.0,0.06590919088841346,0.11748562427956971,0.11748562427956971,0.0,-0.5609979203206635,0.4013152602464483,2.8092068217251382,LOW,False
3107,20,1,2724.52,0.05,0.06590919088841346,0.11748562427956971,0.11748562427956971,0.7586195388842162,-0.1354139366919975,0.44067600240186683,3.084732016813068,LOW,False
3108,43,1,4633.959,0.023255813953488372,0.06799252422174679,0.11670679877158847,0.11670679877158847,0.3420348666221486,-0.3833256565953318,0.5477383052077789,3.8341681364544518,LOW,False
3109,63,1,5188.628,0.015873015873015872,0.06817535294779623,0.11662990759461021,0.11662990759461021,0.23282631019410027,-0.44844704204496333,0.6019728903696724,4.213810232587707,LOW,False
3110,113,12,10627.394,0.10619469026548672,0.06772561749806078,0.11681758765856559,0.11681758765856559,1.5680136141767544,0.3293089126259253,0.6855357585674703,17.970817277675064,LOW,False
3111,126,5,18137.045,0.03968253968253968,0.07181437475374639,0.11635500664999167,0.11635500664999167,0.5525709834362867,-0.27615343762441363,0.7011664534630849,14.0233290692617,LOW,False
3112,165,5,14673.526,0.030303030303030304,0.07259975835162998,0.11605916754737917,0.11605916754737917,0.4173985009187011,-0.3644410772749404,0.7399289671797024,14.798579343594048,LOW,False
3113,155,4,17385.75,0.025806451612903226,0.0731561699249907,0.11581251557652193,0.11581251557652193,0.35275837484881156,-0.4088480254174398,0.7309357718656888,14.618715437313776,LOW,False
3114,168,7,15804.073,0.041666666666666664,0.07381889748806959,0.11547983611631969,0.11547983611631969,0.564444445589298,-0.2784228996395255,0.7425214642560432,14.850429285120864,LOW,False
3115,192,16,17469.822,0.08333333333333333,0.07388834193251403,0.11545911397850657,0.11545911397850657,1.1278278975246987,0.08180377516648481,0.7617422179553044,16.193553590541327,LOW,False
3116,170,6,18281.72,0.03529411764705882,0.07571852802994151,0.11523672133993902,0.11523672133993902,0.46612260651847864,-0.35079452029560915,0.7442243531203013,14.884487062406027,LOW,False
3117,161,7,16695.172,0.043478260869565216,0.07634309257657235,0.11496362540902147,0.11496362540902147,0.5695113913017918,-0.28587156668102215,0.7363984535193844,14.727969070387688,LOW,False
3118,201,8,17992.441,0.03980099502487562,0.07759162371640783,0.11441300816948619,0.11441300816948619,0.5129547896863916,-0.33030010569734264,0.7683392835557189,15.36678567111438,LOW,False
3119,182,17,17814.287,0.09340659340659341,0.07849242275153523,0.11400931887399725,0.11400931887399725,1.1900077756838825,0.13081536493995966,0.7540412591337875,16.50588350030487,LOW,False
3120,167,16,16050.554,0.09580838323353294,0.08163135209528384,0.11330839814170392,0.11330839814170392,1.1736713992155983,0.12511897944686545,0.7416624475867031,16.13578444585105,LOW,False
3121,168,6,14616.868,0.03571428571428571,0.08508573365474557,0.11238197439377966,0.11238197439377966,0.41974469961326805,-0.43931821101011526,0.7425214642560432,14.850429285120864,LOW,False
3122,128,5,12303.129,0.0390625,0.08554077104160114,0.11214910328224355,0.11214910328224355,0.45665358780788506,-0.4144328370119032,0.7034281226642937,14.068562453285875,LOW,False
3123,72,1,7410.355,0.013888888888888888,0.08716837520826781,0.1111325333578209,0.1111325333578209,0.1593340343410639,-0.65938824667513,0.6210177634316978,4.347124344021885,LOW,False
3124,41,0,3460.303,0.0,0.08199995247518989,0.11155268839268033,0.11155268839268033,0.0,-0.7350782276670834,0.541004817463479,3.787033722244353,LOW,False
3125,33,4,3370.419,0.12121212121212122,0.06897911914185656,0.10123944120916667,0.10123944120916667,1.757229183556936,0.5159353059085755,0.5104191185326289,5.5606604365653585,LOW,False
3126,20,0,2649.3,0.0,0.07194629085902828,0.10170151199034448,0.10170151199034448,0.0,-0.7074259708730667,0.44067600240186683,3.084732016813068,LOW,False
3127,19,0,2149.47,0.0,0.0643705332832707,0.09991748102329295,0.09991748102329295,0.0,-0.6442369505718877,0.4336139245415396,3.0352974717907775,LOW,False
3128,8,0,799.23303,0.0,0.04353719994993738,0.03820678060668355,0.03820678060668355,0.0,-1.1395150090798638,0.31803481922888616,2.226243734602203,LOW,False
3129,12,0,1301.65,0.0,0.03890757032030775,0.036349323872193015,0.036349323872193015,0.0,-1.0703794782293536,0.3712607321280216,2.598825124896151,LOW,False
3130,25,0,3063.1528,0.0,0.03890757032030775,0.036349323872193015,0.036349323872193015,0.0,-1.0703794782293536,0.47158954718963364,3.3011268303274357,LOW,False
3131,53,2,4415.485,0.03773584905660377,0.03890757032030775,0.036349323872193015,0.036349323872193015,0.9698844915254861,-0.03223502224756193,0.5773810439049414,4.041667307334589,LOW,False
3132,95,1,11969.782,0.010526315789473684,0.03839656403099957,0.036272729505825586,0.036272729505825586,0.27414733727151297,-0.7683526611100437,0.6606614849225034,4.624630394457523,LOW,False
3133,110,2,14094.187,0.01818181818181818,0.037866168274165626,0.036595383164372206,0.036595383164372206,0.4801599689246301,-0.5378916243049844,0.6816756929067226,13.633513858134453,LOW,False
3134,165,4,26612.256,0.024242424242424242,0.03796236837036573,0.03653804471387363,0.03653804471387363,0.6385909331554883,-0.3754974913239397,0.7399289671797024,14.798579343594048,LOW,False
3135,204,6,41663.066,0.029411764705882353,0.03454769061940478,0.03359503515405108,0.03359503515405108,0.8513380830544524,-0.15287752758618894,0.7704731386726122,15.409462773452246,LOW,False
3136,182,2,25883.076,0.01098901098901099,0.03411974166204406,0.033592197977254115,0.033592197977254115,0.32207192826537523,-0.6885744924668313,0.7540412591337875,15.08082518267575,LOW,False
3137,196,9,28770.0,0.04591836734693878,0.03331499085729326,0.03391738238270361,0.03391738238270361,1.3783094686603046,0.37159048264504907,0.7647114273842626,18.131549562637534,LOW,False
3138,195,7,26905.0,0.035897435897435895,0.03415298734621141,0.033972211316308995,0.033972211316308995,1.0510774806766061,0.05134927882622201,0.7639748156980716,15.662577419035978,LOW,False
3139,163,6,30485.633,0.03680981595092025,0.033912602730826795,0.033937126744880954,0.033937126744880954,1.0854317565386942,0.08537002091759185,0.7381744743775209,15.404227661590625,LOW,False
3140,199,7,25476.74,0.035175879396984924,0.03197412283989291,0.03227972676283292,0.03227972676283292,1.1001358684059754,0.09918784569076756,0.7668990340214671,16.088999693474157,LOW,False
3141,210,6,40653.18,0.02857142857142857,0.03196919624613983,0.03227920704694664,0.03227920704694664,0.8937174507438069,-0.10526180738484593,0.7746487325761663,15.492974651523328,LOW,False
3142,189,9,20415.143,0.047619047619047616,0.03134807823371747,0.03219142008898627,0.03219142008898627,1.5190420051915452,0.5054442873396869,0.7594746433713426,19.082307906363443,LOW,False
3143,153,2,19726.691,0.013071895424836602,0.031673830425141304,0.03231997566699164,0.03231997566699164,0.4127033342472119,-0.5755553528866928,0.7290680829335906,14.581361658671813,LOW,False
3144,204,3,26448.438,0.014705882352941176,0.028326551342568104,0.029702550271063104,0.029702550271063104,0.519155409181128,-0.4585690072174204,0.7704731386726122,15.409462773452246,LOW,False
3145,141,5,12872.545,0.03546099290780142,0.02494728047254345,0.026084488143729472,0.026084488143729472,1.4214372162460427,0.4030637817129409,0.717325656490079,17.5072922516469,LOW,False
3146,125,3,13106.616,0.024,0.024936726605606602,0.026079993226230593,0.026079993226230593,0.9624358633584251,-0.035917440525424144,0.7000222270779219,14.00044454155844,LOW,False
3147,101,9,7297.08,0.0891089108910891,0.02430912243893994,0.025905938356181935,0.025905938356181935,3.66565724924519,2.5013488243974757,0.6694365281470719,52.148020237248815,MEDIUM,True
3148,56,6,4652.2188,0.10714285714285714,0.02744329002236495,0.028960531560587238,0.028960531560587238,3.9041549703239267,2.752006362651035,0.5852069435058582,19.384883238239592,LOW,False
3149,23,2,3754.003,0.08695652173913043,0.031907575736650665,0.0325783039538134,0.0325783039538134,2.725262566383185,1.6897425378719295,0.46000385479927935,10.766464823540508,LOW,False
3150,30,2,3292.926,0.06666666666666667,0.030480259091942713,0.029055528892228257,0.029055528892228257,2.1872080045503823,1.245422436085927,0.49704864540372573,7.669484687646763,LOW,False
3151,12,1,2193.804,0.08333333333333333,0.03325803686972049,0.029201229258990203,0.029201229258990203,2.505660020156015,1.7148352221575098,0.3712607321280216,9.678586774744794,LOW,False
3152,8,1,555.85,0.125,0.03673025909194271,0.030017717683329427,0.030017717683329427,3.4031886267695963,2.9405880166925074,0.31803481922888616,17.024686452902113,LOW,False
3153,10,2,698.966,0.2,0.04193859242527604,0.03395383770549629,0.03395383770549629,4.7688772663591275,4.655185341512595,0.34708067508455476,28.314303418902192,LOW,False
3154,15,0,1363.5499,0.0,0.05027192575860937,0.04571829980227212,0.04571829980227212,0.0,-1.0996018219406958,0.4013152602464483,2.8092068217251382,LOW,False
3155,50,4,4765.01,0.08,0.05027192575860937,0.04571829980227212,0.04571829980227212,1.5913454436604613,0.6502445272453722,0.5691077130854598,5.536035781206929,LOW,False
3156,81,1,11347.874,0.012345679012345678,0.052032932047917556,0.0460273667601274,0.0460273667601274,0.23726664107601012,-0.8622533903015317,0.6378456593159089,4.464919615211362,LOW,False
3157,105,4,15277.598,0.0380952380952381,0.05210873884887055,0.04595747856547849,0.04595747856547849,0.7310719648334726,-0.3049231853237236,0.6750042870351083,13.500085740702167,LOW,False
3158,185,8,33069.426,0.043243243243243246,0.052938464678596385,0.04549576464223646,0.04549576464223646,0.8168586585535597,-0.21310162630726467,0.7563948700797809,15.12789740159562,LOW,False
3159,182,2,29926.441,0.01098901098901099,0.05373016547029718,0.045138616181183665,0.045138616181183665,0.20452218772871406,-0.9468866814553151,0.7540412591337875,15.08082518267575,LOW,False
3160,182,3,33257.305,0.016483516483516484,0.052962550732094195,0.04572301176920801,0.04572301176920801,0.3112296567228553,-0.7978265830936442,0.7540412591337875,15.08082518267575,LOW,False
3161,197,10,29716.334,0.050761421319796954,0.05319148846103194,0.045517001850822664,0.045517001850822664,0.954314736971212,-0.05338811965689833,0.7654443093750529,15.30888618750106,LOW,False
3162,183,5,20837.443,0.0273224043715847,0.05339328237656769,0.04549408521467645,0.04549408521467645,0.511719886012767,-0.5730608249832989,0.7548300560938245,15.09660112187649,LOW,False
3163,177,9,28761.139,0.05084745762711865,0.05303598939632389,0.045670794300232465,0.045670794300232465,0.9587349685729265,-0.04791972206172254,0.7500314768453384,15.00062953690677,LOW,False
3164,201,9,27456.107,0.04477611940298507,0.05362089113283216,0.04554366453432926,0.04554366453432926,0.8350498929990475,-0.1942042174313883,0.7683392835557189,15.36678567111438,LOW,False
3165,178,7,22990.969,0.03932584269662921,0.054020901133082166,0.04541660061320584,0.04541660061320584,0.7279745778351379,-0.3235613902855612,0.7508423690723203,15.016847381446407,LOW,False
3166,188,4,28124.762,0.02127659574468085,0.05446900172163219,0.04520715847914812,0.04520715847914812,0.39061842648441486,-0.7342289826125964,0.758710821630753,15.174216432615061,LOW,False
3167,188,5,23563.562,0.026595744680851064,0.05337139956020023,0.04569782865152217,0.04569782865152217,0.4983145448687815,-0.5859283836773126,0.758710821630753,15.174216432615061,LOW,False
3168,187,9,32237.168,0.0481283422459893,0.05393489327920084,0.04526058394415637,0.04526058394415637,0.892341475431254,-0.12829156248571172,0.7579429477664821,15.158858955329643,LOW,False
3169,143,4,16370.884,0.027972027972027972,0.055327495774744516,0.04450902550964194,0.04450902550964194,0.5055719146572406,-0.6146049590951067,0.7193500794753345,14.38700158950669,LOW,False
3170,138,14,13012.26,0.10144927536231885,0.05501545556908729,0.04468028157446866,0.04468028157446866,1.8440140922748682,1.039246355595147,0.714234922319791,21.10538358339667,LOW,False
3171,81,2,9502.995,0.024691358024691357,0.058242508709183904,0.045137346980162064,0.045137346980162064,0.42394049590102784,-0.7433124215129067,0.6378456593159089,4.464919615211362,LOW,False
3172,57,0,5227.173,0.0,0.05555844400641733,0.045137368194976754,0.045137368194976754,0.0,-1.2308746882721513,0.5877242918945924,4.114070043262147,LOW,False
3173,34,0,3063.628,0.0,0.05109415829213162,0.045112062818167854,0.045112062818167854,0.0,-1.1326052301814629,0.5146148872057391,3.6023042104401735,LOW,False
3174,20,0,4977.712,0.0,0.047470969886334514,0.04559591081376209,0.04559591081376209,0.0,-1.041123404250683,0.44067600240186683,3.084732016813068,LOW,False
3175,26,1,4118.419,0.038461538461538464,0.04469319210855674,0.046399276572987855,0.046399276572987855,0.8605681681478018,-0.1343049742858737,0.47705222884332926,3.339365601903305,LOW,False
3176,9,0,1023.69995,0.0,0.04282353398889863,0.0456729460436788,0.0456729460436788,0.0,-0.9376126941306748,0.33328510947992757,2.3329957663594927,LOW,False
3177,10,1,1145.69,0.1,0.03761520065556529,0.04293992559766561,0.04293992559766561,2.6584997090851537,1.4528390181427377,0.34708067508455476,8.764297166314888,LOW,False
3178,24,3,4558.175,0.125,0.033448533988898625,0.02912837351397876,0.02912837351397876,3.737084562255756,3.1430339207633975,0.46591258883663084,19.82200850111764,LOW,False
3179,51,0,10060.589,0.0,0.038656867322231954,0.03370360201251582,0.03370360201251582,0.0,-1.1469654581096922,0.5719183622512457,4.0034285357587205,LOW,False
3180,78,2,8387.9,0.02564102564102564,0.03532353398889862,0.03339154165425851,0.03339154165425851,0.7258907234220684,-0.2899688923658349,0.6324508528728112,4.427155970109678,LOW,False
3181,131,5,18189.31,0.03816793893129771,0.03587750676509362,0.0331027978139814,0.0331027978139814,1.0638403382152666,0.06919149792337795,0.7067557148222219,14.613916833058937,LOW,False
3182,141,1,13904.498,0.0070921985815602835,0.03588053596659611,0.03310301290545885,0.03310301290545885,0.1976614448614409,-0.8696591294349671,0.717325656490079,14.34651312980158,LOW,False
3183,172,3,21409.371,0.01744186046511628,0.03437424243902598,0.033572583590082465,0.033572583590082465,0.5074107595550695,-0.5043514726376801,0.7459074405024058,14.918148810048116,LOW,False
3184,173,4,30897.379,0.023121387283236993,0.03464311116719703,0.03340256695740392,0.03340256695740392,0.6674165946484113,-0.3449352829275944,0.7467417015090355,14.93483403018071,LOW,False
3185,204,12,44442.223,0.058823529411764705,0.03491968911718538,0.03327289494755465,0.03327289494755465,1.6845376032518937,0.7184178092184944,0.7704731386726122,20.54349479784145,LOW,False
3186,151,8,22289.936,0.052980132450331126,0.03525561028768404,0.03347983964902105,0.03347983964902105,1.5027433085972943,0.5294088128395605,0.7271759790762514,18.314094396004737,LOW,False
3187,187,7,34573.57,0.0374331550802139,0.036324682290965145,0.03362483891559014,0.03362483891559014,1.0305156912418325,0.032965891436131545,0.7579429477664821,15.387726639643388,LOW,False
3188,188,9,27500.172,0.047872340425531915,0.03576575301817745,0.033484133348549015,0.033484133348549015,1.3384966451342841,0.36156191594784354,0.758710821630753,17.712941271122194,LOW,False
3189,207,11,25719.074,0.05314009661835749,0.035894762227450236,0.03352629636025252,0.03352629636025252,1.4804415274192573,0.5143823285936425,0.7725759923744698,19.054831303133827,LOW,False
3190,167,4,23079.031,0.023952095808383235,0.03647035614085558,0.03370586740317446,0.03370586740317446,0.6567551936119187,-0.37139706813459306,0.7416624475867031,14.833248951734063,LOW,False
3191,173,8,21862.816,0.046242774566473986,0.03658183531017651,0.03365782076211636,0.03365782076211636,1.264091158204136,0.28703400985400007,0.7467417015090355,16.91551771671173,LOW,False
3192,204,5,24903.32,0.024509803921568627,0.0374004615554108,0.033643303378759495,0.033643303378759495,0.6553342633287034,-0.3831567158764978,0.7704731386726122,15.409462773452246,LOW,False
3193,135,5,15851.993,0.037037037037037035,0.03641635579189327,0.03366128683494457,0.03366128683494457,1.0170440240833196,0.01843902308866637,0.711076748655853,14.349365153741958,LOW,False
3194,121,2,9881.78,0.01652892561983471,0.03679406450293531,0.033613238826798904,0.033613238826798904,0.4492280437926635,-0.6028915864824002,0.6953526645809566,13.907053291619132,LOW,False
3195,79,8,8695.568,0.10126582278481013,0.033255716596998476,0.03086890075846563,0.03086890075846563,3.0450651240499793,2.203191708054594,0.6342715546647637,15.072160556023388,LOW,False
3196,65,7,8806.894,0.1076923076923077,0.03644631929533675,0.033766561408320274,0.033766561408320274,2.9548198494240476,2.109956875248053,0.6064268997606098,14.232451732272626,LOW,False
3197,38,11,3529.988,0.2894736842105263,0.04093349878251625,0.03580659239359396,0.03580659239359396,7.071804092499613,6.941185095079742,0.5302781417424646,31.71194699219725,MEDIUM,False
3198,23,3,1391.603,0.13043478260869565,0.05299490229128818,0.061181764437552515,0.061181764437552515,2.461270366945045,1.2657346683168875,0.46000385479927935,8.218450870712081,LOW,False
3199,17,5,1179.105,0.29411764705882354,0.058429684899983826,0.062056559615276424,0.062056559615276424,5.03370243331408,3.7979540538502645,0.4183636342904982,25.669594425628393,LOW,False
3200,6,0,568.9,0.0,0.06908202275820403,0.07829713054591227,0.07829713054591227,0.0,-0.882305932242247,0.2816585927874237,1.971610149511966,LOW,False
3201,20,7,8268.93,0.35,0.06908202275820403,0.07829713054591227,0.07829713054591227,5.06644110907182,3.587845113647809,0.44067600240186683,24.906554389022233,LOW,False
3202,22,2,2842.97,0.09090909090909091,0.0794986894248707,0.09698833568233517,0.09698833568233517,1.1435294288090556,0.117647152144074,0.4538436109089882,3.553670026986689,LOW,False
3203,49,0,5166.632,0.0,0.07807823487941616,0.09654157931781078,0.09654157931781078,0.0,-0.8087524093881449,0.566241403898243,3.9636898272877006,LOW,False
3204,88,5,13361.467,0.056818181818181816,0.07807823487941616,0.09654157931781078,0.09654157931781078,0.7277083287798665,-0.22021654515560754,0.6497026617837264,4.547918632486084,LOW,False
3205,120,0,15148.445,0.0,0.07937728305346434,0.09601362871346561,0.09601362871346561,0.0,-0.8267293312114129,0.6941613501691095,13.88322700338219,LOW,False
3206,156,9,19139.266,0.057692307692307696,0.07778695226466027,0.09703653100637324,0.09703653100637324,0.7416707559902451,-0.20708329496066574,0.7318606560601462,14.637213121202924,LOW,False
3207,151,1,19484.074,0.006622516556291391,0.07989529014427474,0.09597766870242207,0.09597766870242207,0.08288994938665928,-0.7634356468395262,0.7271759790762514,14.54351958152503,LOW,False
3208,196,6,25894.838,0.030612244897959183,0.0794444841480737,0.09630860440704925,0.09630860440704925,0.3853287641833274,-0.5070392157664811,0.7647114273842626,15.29422854768525,LOW,False
3209,172,9,27682.791,0.05232558139534884,0.0797566032153538,0.09613010789626948,0.09613010789626948,0.6560658213347248,-0.28535307428974055,0.7459074405024058,14.918148810048116,LOW,False
3210,181,9,29711.994,0.049723756906077346,0.07948585538133647,0.09620075338430603,0.09620075338430603,0.625567362488907,-0.3093749001773872,0.7532481399770573,15.06496279954115,LOW,False
3211,165,6,24065.84,0.03636363636363636,0.07935017306699256,0.09624205020004219,0.09624205020004219,0.45826788976169996,-0.4466502595695676,0.7399289671797024,14.798579343594048,LOW,False
3212,160,5,22532.676,0.03125,0.07930560978713515,0.09626254847480006,0.09626254847480006,0.39404526469033385,-0.4992139783180092,0.735502203696412,14.710044073928238,LOW,False
3213,191,4,26991.29,0.020942408376963352,0.07861301226940466,0.09655788489438794,0.09655788489438794,0.2663987522217605,-0.5972645730125474,0.7609902999841155,15.219805999682311,LOW,False
3214,179,10,25053.016,0.055865921787709494,0.07727144192601323,0.09714905888449127,0.09714905888449127,0.7229827785690948,-0.22033687597277266,0.7516487437704258,15.032974875408517,LOW,False
3215,149,17,21781.1,0.11409395973154363,0.07860118467515183,0.09660439683318058,0.09660439683318058,1.4515552176863324,0.36740330895789153,0.725258813512686,17.891840402901213,LOW,False
3216,84,4,7447.434,0.047619047619047616,0.08142831739036306,0.09660908776310775,0.09660908776310775,0.5847971460685404,-0.3499595178273305,0.6430465978893322,4.5013261852253255,LOW,False
3217,144,9,14138.357,0.0625,0.0823912025444247,0.0961311066433552,0.0961311066433552,0.7585761351923525,-0.20691744055564373,0.7203517712512958,14.407035425025915,LOW,False
3218,120,2,12087.721,0.016666666666666666,0.08345215933454815,0.09574853995692154,0.09574853995692154,0.19971522366308472,-0.6975092539053767,0.6941613501691095,13.88322700338219,LOW,False
3219,82,4,14780.997,0.04878048780487805,0.08345789854483282,0.09574435817612197,0.09574435817612197,0.5844921649767352,-0.3621875105806819,0.6396001521180903,4.477201064826632,LOW,False
3220,59,3,4175.875,0.05084745762711865,0.08127100958733564,0.09591917110577053,0.09591917110577053,0.6256530820190788,-0.31717905408782987,0.5926313341559827,4.148419339091879,LOW,False
3221,28,0,2409.525,0.0,0.07890247416795278,0.09594021651840214,0.09594021651840214,0.0,-0.8224129257913299,0.4873954768329804,3.411768337830863,LOW,False
3222,18,0,1966.4601,0.0,0.06684107065918084,0.08599746845853086,0.08599746845853086,0.0,-0.7772446312348428,0.4261895338914151,2.9833267372399055,LOW,False
3223,13,1,797.959,0.07692307692307693,0.061406288050485196,0.08592531367885092,0.08592531367885092,1.2526905527954173,0.18058460549339758,0.3819874078490358,3.3372245560312206,LOW,False
3224,17,4,1417.6641,0.23529411764705882,0.05235651429482908,0.07038197076862202,0.07038197076862202,4.494075299246904,2.5992111524360406,0.4183636342904982,19.097041892464286,LOW,False
3225,17,9,1184.063,0.5294117647058824,0.062160435863456535,0.07867142972640138,0.07867142972640138,8.516860561737436,5.939275928598266,0.4183636342904982,30.928545440033492,MEDIUM,False
3226,35,6,3888.327,0.17142857142857143,0.06963592605953496,0.10964021346601524,0.10964021346601524,2.461783466224162,0.928424363206742,0.5186924493521103,7.468028744303196,LOW,False
3227,55,0,6180.84,0.0,0.07299090441451332,0.11153504253358944,0.11153504253358944,0.0,-0.6544212720637255,0.5826450379722601,4.07851526580582,LOW,False
3228,99,1,12742.969,0.010101010101010102,0.07299090441451332,0.11153504253358944,0.11153504253358944,0.1383872440276496,-0.5638577157897579,0.6665702189598551,4.665991532718985,LOW,False
3229,145,5,24423.576,0.034482758620689655,0.07104435559296449,0.11223503211784103,0.11223503211784103,0.4853694334037211,-0.32575922403521057,0.7213465784933099,14.426931569866197,LOW,False
3230,163,2,28907.617,0.012269938650306749,0.07248113720215989,0.11150435002461202,0.11150435002461202,0.16928457698013483,-0.539989682362732,0.7381744743775209,14.76348948755042,LOW,False
3231,162,2,23222.691,0.012345679012345678,0.07058853849207651,0.11214989471533156,0.11214989471533156,0.17489636810842127,-0.519330487358618,0.7372891879239116,14.745783758478234,LOW,False
3232,225,4,28705.857,0.017777777777777778,0.07082700359441212,0.11201397201101541,0.11201397201101541,0.2510028220250779,-0.47359472094621813,0.7845892888688628,15.691785777377257,LOW,False
3233,191,8,39116.832,0.041884816753926704,0.07029223413107123,0.11224470905558566,0.11224470905558566,0.5958669157651996,-0.2530846898367089,0.7609902999841155,15.219805999682311,LOW,False
3234,231,11,40067.582,0.047619047619047616,0.06985720227101198,0.11233756525266615,0.11233756525266615,0.6816626785926648,-0.1979583107569316,0.7883819220178166,15.767638440356336,LOW,False
3235,221,11,33472.156,0.049773755656108594,0.06976950605071906,0.11235478596327836,0.11235478596327836,0.7134027238192783,-0.17796972530521138,0.7820045079683347,15.640090159366693,LOW,False
3236,215,2,36850.8,0.009302325581395349,0.07032826102123875,0.11221468889687719,0.11221468889687719,0.13227009236850173,-0.5438319710169573,0.7780386740281655,15.560773480563311,LOW,False
3237,188,6,27253.371,0.031914893617021274,0.06941377458713022,0.11263564204577582,0.11263564204577582,0.4597775269656422,-0.33292198001472006,0.758710821630753,15.174216432615061,LOW,False
3238,211,6,31607.186,0.02843601895734597,0.06987096147213263,0.11245246280943279,0.11245246280943279,0.40697907053543847,-0.3684662965986281,0.7753331020967204,15.506662041934408,LOW,False
3239,214,3,28741.217,0.014018691588785047,0.06872804885420082,0.11274001649745076,0.11274001649745076,0.20397336782430991,-0.48527008390718873,0.777367007468166,15.54734014936332,LOW,False
3240,177,17,28925.67,0.096045197740113,0.0645582460149192,0.11283980837064825,0.11283980837064825,1.4877293555639237,0.2790411662324671,0.7500314768453384,18.6585997036362,LOW,False
3241,168,3,22539.803,0.017857142857142856,0.0665760022699636,0.1129566468666479,0.1129566468666479,0.2682219155294531,-0.431305821872849,0.7425214642560432,14.850429285120864,LOW,False
3242,108,1,10794.201,0.009259259259259259,0.06471588322234455,0.11339342172474819,0.11339342172474819,0.14307552950250552,-0.48906385502415656,0.679043913423446,13.580878268468922,LOW,False
3243,60,0,5122.904,0.0,0.06440724124703591,0.11353987803050523,0.11353987803050523,0.0,-0.5672653728739373,0.5950238495193444,4.165166946635411,LOW,False
3244,52,0,5909.787,0.0,0.06237472092183266,0.11426607768943832,0.11426607768943832,0.0,-0.545872600014851,0.5746754719734962,4.022728303814474,LOW,False
3245,43,3,3339.019,0.06976744186046512,0.06025607685403605,0.11495839324629548,0.11495839324629548,1.1578490586014973,0.08273745602942802,0.5477383052077789,4.248521915283382,LOW,False
3246,14,1,1887.133,0.07142857142857142,0.0631630535982221,0.11424835628618076,0.11424835628618076,1.1308600100768718,0.07234692996059419,0.3919737040327585,3.0873234546810977,LOW,False
3247,11,4,1323.175,0.36363636363636365,0.06613924407441256,0.11345904479155973,0.11345904479155973,5.498042330620535,2.622066139447016,0.35967503973766723,20.114264638244368,LOW,False
3248,11,0,910.85,0.0,0.07808563102079952,0.12871286187315734,0.12871286187315734,0.0,-0.6066653315326836,0.35967503973766723,2.5177252781636708,LOW,False
3249,3,0,96.384,0.0,0.06828170945217206,0.12512898928982316,0.12512898928982316,0.0,-0.545690569704981,0.20065763012322416,1.4046034108625691,LOW,False
3250,12,0,1161.304,0.0,0.046222885922760304,0.0781471116580248,0.0781471116580248,0.0,-0.591485532120927,0.3712607321280216,2.598825124896151,LOW,False
3251,28,3,5016.4697,0.10714285714285714,0.03908002877990316,0.07392591358787393,0.07392591358787393,2.7416268740814025,0.9206897156847356,0.4873954768329804,7.983538882294543,LOW,False
3252,57,2,8045.961,0.03508771929824561,0.043544314494188864,0.07469442669513357,0.07469442669513357,0.8057933557072804,-0.11321587928452778,0.5877242918945924,4.114070043262147,LOW,False
3253,104,4,9683.727,0.038461538461538464,0.044585427377407026,0.07438149756286007,0.07438149756286007,0.8626481952492902,-0.08233080963035522,0.6736322968201822,13.472645936403646,LOW,False
3254,107,0,15108.094,0.0,0.04475120987077572,0.07436243313498271,0.07436243313498271,0.0,-0.6017986230970054,0.6777098589665534,13.554197179331071,LOW,False
3255,151,9,20772.092,0.059602649006622516,0.04423996242701295,0.07463712459231177,0.07463712459231177,1.34725812900395,0.2058317045776446,0.7271759790762514,17.147955549054654,LOW,False
3256,171,1,18528.832,0.005847953216374269,0.04620900284344114,0.07438204095745557,0.07438204095745557,0.12655441270151366,-0.5426182060553065,0.7450683431730747,14.901366863461494,LOW,False
3257,163,6,25128.176,0.03680981595092025,0.04571192682004932,0.074619782354755,0.074619782354755,0.8052562758036138,-0.1192996091412722,0.7381744743775209,14.76348948755042,LOW,False
3258,160,4,22983.758,0.025,0.045500468453257385,0.07463828769895046,0.07463828769895046,0.5494448925439634,-0.27466423849304966,0.735502203696412,14.710044073928238,LOW,False
3259,175,5,17240.742,0.02857142857142857,0.04455800813579708,0.0747530906904572,0.0747530906904572,0.6412187116702556,-0.21385844273070725,0.748395935331003,14.967918706620061,LOW,False
3260,177,9,17789.078,0.05084745762711865,0.04367457784060207,0.07481403059085576,0.07481403059085576,1.1642346678815132,0.09587613085229615,0.7500314768453384,16.23238954601812,LOW,False
3261,152,3,19035.662,0.019736842105263157,0.04540562500917388,0.0744639635285021,0.0744639635285021,0.43467834880095735,-0.34471416357102247,0.7281251226999029,14.562502453998057,LOW,False
3262,178,4,22270.39,0.02247191011235955,0.044898206196183954,0.07460125598967002,0.07460125598967002,0.5005079716140087,-0.3006155296759314,0.7508423690723203,15.016847381446407,LOW,False
3263,147,11,13035.714,0.07482993197278912,0.044649701660976183,0.0746683808087148,0.0746683808087148,1.6759335267449376,0.4041902340045185,0.7233159134155036,19.535819718897102,LOW,False
3264,139,9,16746.9,0.06474820143884892,0.047183503343643025,0.07461552089097119,0.07461552089097119,1.3722635423503873,0.23540274041471312,0.7152725173289632,17.09742691420717,LOW,False
3265,115,2,12821.899,0.017391304347826087,0.04587946183109035,0.07399535469779246,0.07399535469779246,0.3790651340212718,-0.3849992692056677,0.6880531069562045,13.761062139124089,LOW,False
3266,79,3,6552.3237,0.0379746835443038,0.04586005189320216,0.07400308560012762,0.07400308560012762,0.8280558345799166,-0.10655458870332238,0.6342715546647637,4.439900882653346,LOW,False
3267,67,2,7603.0312,0.029850746268656716,0.047056527905079006,0.0736167240267935,0.0736167240267935,0.6343593035353295,-0.23372109889269294,0.610747933594241,4.275235535159687,LOW,False
3268,48,1,4934.496,0.020833333333333332,0.04830030899960638,0.0730370071793343,0.0730370071793343,0.43132919363938466,-0.3760692931849045,0.5633171855748474,3.943220299023932,LOW,False
3269,31,1,5044.539,0.03225806451612903,0.04916836455516193,0.07256023944746169,0.07256023944746169,0.6560735710446246,-0.23305187755447043,0.5016440753080604,3.5115085271564226,LOW,False
3270,13,0,2261.621,0.0,0.04760547383248126,0.07250119795807686,0.07250119795807686,0.0,-0.6566163756357334,0.3819874078490358,2.673911854943251,LOW,False
3271,7,0,1273.584,0.0,0.04462928335629079,0.07294545351893826,0.07294545351893826,0.0,-0.6118172031750276,0.3009864451848362,2.1069051162938535,LOW,False
3272,5,0,1303.9,0.0,0.02947776820477563,0.02726720847921272,0.02726720847921272,0.0,-1.081070261638559,0.25934622467605517,1.815423572732386,LOW,False
3273,6,0,611.871,0.0,0.02947776820477563,0.02726720847921272,0.02726720847921272,0.0,-1.081070261638559,0.2816585927874237,1.971610149511966,LOW,False
3274,9,0,1782.8,0.0,0.02947776820477563,0.02726720847921272,0.02726720847921272,0.0,-1.081070261638559,0.33328510947992757,2.3329957663594927,LOW,False
3275,18,0,1515.462,0.0,0.02947776820477563,0.02726720847921272,0.02726720847921272,0.0,-1.081070261638559,0.4261895338914151,2.9833267372399055,LOW,False
3276,33,1,3336.651,0.030303030303030304,0.025013482490489916,0.022321048354458153,0.022321048354458153,1.2114678679608673,0.2369757785809336,0.5104191185326289,4.128036983125679,LOW,False
3277,66,4,9757.215,0.06060606060606061,0.024814120449022616,0.022248406660296118,0.022248406660296118,2.442402128681848,1.608741727150793,0.608603540536682,10.709775427831342,LOW,False
3278,94,0,16314.389,0.0,0.025736808871711037,0.02327452912968037,0.02327452912968037,0.0,-1.105792891805089,0.6591458283097306,4.614020798168113,LOW,False
3279,132,2,15134.202,0.015151515151515152,0.025736808871711037,0.02327452912968037,0.02327452912968037,0.5887099378574919,-0.45480162718725875,0.7078481266788389,14.156962533576777,LOW,False
3280,141,3,17913.688,0.02127659574468085,0.023884678294414898,0.022206549419408708,0.022206549419408708,0.8908052050111175,-0.11744654698377235,0.717325656490079,14.34651312980158,LOW,False
3281,138,3,14271.511,0.021739130434782608,0.024527538399761004,0.02188266083292894,0.02188266083292894,0.8863152135558142,-0.12742545279422374,0.714234922319791,14.284698446395822,LOW,False
3282,158,13,13980.033,0.08227848101265822,0.023899593169921934,0.021730590289929845,0.021730590289929845,3.4426728701058877,2.6864842171263796,0.7336928815879392,54.074956871632686,MEDIUM,True
3283,161,9,14033.106,0.055900621118012424,0.02628619654544936,0.024787101646215132,0.024787101646215132,2.126615047610982,1.19475140721364,0.7363984535193844,25.611974517640558,LOW,False
3284,89,8,9357.212,0.0898876404494382,0.02742491290155702,0.02551374824887032,0.02551374824887032,3.2775907355510663,2.4481987883002203,0.6513199287088136,16.873784880596705,LOW,False
3285,74,0,7390.728,0.0,0.029051587185820335,0.028177505762656742,0.028177505762656742,0.0,-1.0310205392388563,0.6249299984510739,4.374509989157517,LOW,False
3286,213,5,22249.846,0.023474178403755867,0.028229218764767704,0.028743506941285423,0.028743506941285423,0.8315560766794403,-0.16543006984934,0.776692209584216,15.53384419168432,LOW,False
3287,212,7,22108.4,0.0330188679245283,0.028270979943575886,0.02873550549523682,0.02873550549523682,1.1679421084952981,0.16522723018529892,0.77601425104291,16.779850834572937,LOW,False
3288,204,7,18062.59,0.03431372549019608,0.02652885227489835,0.027005425835031467,0.027005425835031467,1.2934493032200942,0.28827070762939744,0.7704731386726122,17.61033254760295,LOW,False
3289,149,1,12506.131,0.006711409395973154,0.025260749110371152,0.02582131838265407,0.02582131838265407,0.2656852877422266,-0.7183730683116027,0.725258813512686,14.50517627025372,LOW,False
3290,136,6,15109.966,0.04411764705882353,0.024815753487377277,0.026053814246240363,0.026053814246240363,1.7778080799063511,0.7408471323630309,0.7121371481527359,20.07630356235235,LOW,False
3291,109,2,7731.658,0.01834862385321101,0.025071710300482265,0.026218365424890287,0.026218365424890287,0.7318457190715891,-0.2564266054850514,0.6803657845644823,13.607315691289646,LOW,False
3292,83,3,5654.4897,0.03614457831325301,0.024592455199838697,0.02623233154738753,0.02623233154738753,1.4697425702127571,0.4403772913797587,0.6413336325250909,5.7224096744841235,LOW,False
3293,32,3,2961.51,0.09375,0.02523042374066868,0.02632296276611103,0.02632296276611103,3.7157521000681912,2.6030343494443366,0.5060980846989978,17.684811134390955,LOW,False
3294,20,1,2270.058,0.05,0.027792587719163306,0.02979980643058247,0.02979980643058247,1.79904082718877,0.7452200178738755,0.44067600240186683,5.182214188183589,LOW,False
3295,11,1,657.332,0.09090909090909091,0.029875921052496642,0.029518770165056746,0.029518770165056746,3.0428883095972,2.0676054427512405,0.35967503973766723,12.551080902892998,LOW,False
3296,16,0,1369.2839,0.0,0.03366379984037543,0.03129755773514588,0.03129755773514588,0.0,-1.0756046885592085,0.41009030347101677,2.870632124297117,LOW,False
3297,14,1,1208.345,0.07142857142857142,0.03366379984037543,0.03129755773514588,0.03129755773514588,2.1218214155046744,1.2066363742429558,0.3919737040327585,6.592631281242012,LOW,False
3298,34,0,3529.434,0.0,0.0366399903165659,0.03135331289870357,0.03135331289870357,0.0,-1.168616229964041,0.5146148872057391,3.6023042104401735,LOW,False
3299,61,0,5717.96,0.0,0.0366399903165659,0.03135331289870357,0.03135331289870357,0.0,-1.168616229964041,0.5973774604653378,4.181642223257365,LOW,False
3300,85,2,9802.0,0.023529411764705882,0.0366399903165659,0.03135331289870357,0.03135331289870357,0.6421784384060718,-0.41815608430974227,0.6447395281114626,4.513176696780238,LOW,False
3301,107,4,14496.098,0.037383177570093455,0.03635775621080239,0.03144319498178087,0.03144319498178087,1.0282036480289287,0.03261186911461216,0.6777098589665534,13.765724539548035,LOW,False
3302,171,4,23482.062,0.023391812865497075,0.035390136084303754,0.031019008225063455,0.031019008225063455,0.6609698479196247,-0.3868055075052979,0.7450683431730747,14.901366863461494,LOW,False
3303,165,2,23287.047,0.012121212121212121,0.036364794953699466,0.03021575534116018,0.03021575534116018,0.33332271326279006,-0.8023490579255026,0.7399289671797024,14.798579343594048,LOW,False
3304,127,1,17168.223,0.007874015748031496,0.03623853232743684,0.030314423661108116,0.030314423661108116,0.21728296490832047,-0.9356772504237181,0.7023017054312845,14.04603410862569,LOW,False
3305,144,4,24015.514,0.027777777777777776,0.035680091494243116,0.030722729293355976,0.030722729293355976,0.7785231655658631,-0.2572139226632536,0.7203517712512958,14.407035425025915,LOW,False
3306,160,2,29074.656,0.0125,0.03593170180020125,0.030628174704135223,0.030628174704135223,0.34788221469460123,-0.7650374867764368,0.735502203696412,14.710044073928238,LOW,False
3307,201,7,34771.035,0.03482587064676617,0.03302426509134049,0.029321383471691984,0.029321383471691984,1.0545539938721633,0.06144340212203914,0.7683392835557189,15.775940625155604,LOW,False
3308,252,3,51418.527,0.011904761904761904,0.0321461504883719,0.028919312962656644,0.028919312962656644,0.37033242624395,-0.6999263298456498,0.8009242859935429,16.01848571987086,LOW,False
3309,231,5,33728.258,0.021645021645021644,0.028896863882343717,0.026422782213257074,0.026422782213257074,0.7490439700706406,-0.27445415016453545,0.7883819220178166,15.767638440356336,LOW,False
3310,219,3,28202.484,0.0136986301369863,0.02979873978421962,0.02575452514703674,0.02575452514703674,0.4597050155872907,-0.6251371188292231,0.7806945996260943,15.61389199252189,LOW,False
3311,183,7,20322.096,0.03825136612021858,0.02939142527310422,0.02593556374771365,0.02593556374771365,1.301446451296188,0.34161358254244273,0.7548300560938245,17.357449506597902,LOW,False
3312,205,2,24077.781,0.00975609756097561,0.02960944603125798,0.025989319844363874,0.025989319844363874,0.32949274196742256,-0.7639041186600283,0.7711774898627489,15.42354979725498,LOW,False
3313,182,4,18481.846,0.02197802197802198,0.028586211534207127,0.02627788468884271,0.02627788468884271,0.7688329722083814,-0.251473420879684,0.7540412591337875,15.08082518267575,LOW,False
3314,148,7,14462.306,0.0472972972972973,0.029222320391792494,0.025907507824615192,0.025907507824615192,1.6185332534572245,0.6976733164712757,0.7242906233880599,19.124811868690383,LOW,False
3315,102,9,21270.303,0.08823529411764706,0.02935480581839557,0.02599497350659405,0.02599497350659405,3.0058210796391394,2.2650720641940834,0.6708486748011367,44.274032395742324,MEDIUM,True
3316,70,2,7320.901,0.02857142857142857,0.032266750412747076,0.028501913470631853,0.028501913470631853,0.8854758600091734,-0.12965171075710885,0.6169968414284669,4.3189778899992675,LOW,False
3317,28,5,2961.267,0.17857142857142858,0.03195120250683772,0.02849903644973212,0.02849903644973212,5.588879746645322,5.144743273099993,0.4873954768329804,31.41176833783086,MEDIUM,False
3318,30,3,2299.59,0.1,0.035485428697313914,0.03959529397389057,0.03959529397389057,2.8180581064128316,1.6293494713090773,0.49704864540372573,11.005146984136976,LOW,False
3319,7,1,1519.95,0.14285714285714285,0.03756876203064725,0.04165406106607481,0.04165406106607481,3.8025512456493806,2.5276858517943603,0.3009864451848362,16.147227737723803,LOW,False
3320,9,2,1240.598,0.2222222222222222,0.03973326419514941,0.04569959054955765,0.04569959054955765,5.592850895178928,3.9932296073676574,0.33328510947992757,25.928375298592997,LOW,False
3321,6,3,3248.45,0.5,0.04899252345440867,0.05812291458872042,0.05812291458872042,10.205638835184489,7.759546811045772,0.2816585927874237,29.971610149511967,LOW,False
3322,29,1,2872.67,0.034482758620689655,0.06684966631155152,0.10893787420469044,0.10893787420469044,0.5158254412218523,-0.2971134504611829,0.4923025190943706,3.4461176336605943,LOW,False
3323,64,0,5116.143,0.0,0.06828644792074692,0.10824304067749624,0.10824304067749624,0.0,-0.6308622475250152,0.6042170265463369,4.229519185824358,LOW,False
3324,74,2,6359.284,0.02702702702702703,0.06828644792074692,0.10824304067749624,0.10824304067749624,0.39578903061987536,-0.3811738901224136,0.6249299984510739,4.374509989157517,LOW,False
3325,149,2,15901.037,0.013422818791946308,0.06843218189001031,0.10818249928250054,0.10818249928250054,0.19614775418852695,-0.5084867096147985,0.725258813512686,14.50517627025372,LOW,False
3326,187,6,23090.002,0.03208556149732621,0.06743383360758752,0.10859127418090624,0.10859127418090624,0.47580805926056685,-0.3255166897790822,0.7579429477664821,15.158858955329643,LOW,False
3327,165,6,31090.557,0.03636363636363636,0.06779607313391373,0.10845238237407742,0.10845238237407742,0.5363678850810333,-0.28982707509236266,0.7399289671797024,14.798579343594048,LOW,False
3328,171,7,20860.709,0.04093567251461988,0.06880617414401473,0.10802333951017866,0.10802333951017866,0.5949418496796449,-0.2580044438152989,0.7450683431730747,14.901366863461494,LOW,False
3329,158,8,19249.426,0.05063291139240506,0.07018374317595592,0.10742165101076248,0.10742165101076248,0.7214336127023682,-0.1820008499179749,0.7336928815879392,14.673857631758786,LOW,False
3330,169,5,27139.67,0.029585798816568046,0.07113604040989872,0.10713028631911334,0.10713028631911334,0.4159044929418242,-0.3878477601521878,0.7433754129509443,14.867508259018889,LOW,False
3331,170,4,20713.479,0.023529411764705882,0.07184794869392239,0.10677989012277747,0.10677989012277747,0.3274889846186553,-0.45250596225243317,0.7442243531203013,14.884487062406027,LOW,False
3332,177,6,22303.729,0.03389830508474576,0.07137726290716988,0.10697489814497926,0.10697489814497926,0.4749174135303059,-0.35035282549771835,0.7500314768453384,15.00062953690677,LOW,False
3333,183,4,34008.41,0.02185792349726776,0.07229366053966921,0.10653658327277168,0.10653658327277168,0.3023491041136838,-0.4734123762282479,0.7548300560938245,15.09660112187649,LOW,False
3334,167,6,23439.197,0.03592814371257485,0.07230253145017945,0.10653219135762583,0.10653219135762583,0.4969140497844308,-0.34144034093410053,0.7416624475867031,14.833248951734063,LOW,False
3335,196,17,23314.77,0.08673469387755102,0.07322876118249565,0.10609625828202877,0.10609625828202877,1.184434810543863,0.12729885967470625,0.7647114273842626,16.67748962676422,LOW,False
3336,172,2,27569.059,0.011627906976744186,0.07524889983905117,0.10586262991773815,0.10586262991773815,0.15452593993553335,-0.6009768783539995,0.7459074405024058,14.918148810048116,LOW,False
3337,147,2,13841.991,0.013605442176870748,0.07532689189804152,0.10581295948770622,0.10581295948770622,0.18061865867619165,-0.5833070922502817,0.7233159134155036,14.466318268310072,LOW,False
3338,140,1,11961.645,0.007142857142857143,0.07497803440632689,0.10601011225233908,0.10601011225233908,0.09526599622694837,-0.6398934575411034,0.7163027272577009,14.326054545154019,LOW,False
3339,89,3,6617.133,0.033707865168539325,0.07330493273322522,0.1067800492888136,0.1067800492888136,0.4598307905309808,-0.3708283319628897,0.6513199287088136,4.559239500961695,LOW,False
3340,43,0,3765.408,0.0,0.0710329565270124,0.10702836729786785,0.10702836729786785,0.0,-0.6636834543997334,0.5477383052077789,3.8341681364544518,LOW,False
3341,41,2,4859.584,0.04878048780487805,0.06984248033653621,0.1076781291223164,0.1076781291223164,0.6984357882169865,-0.19560139745493632,0.541004817463479,3.787033722244353,LOW,False
3342,16,0,2357.035,0.0,0.06443452447126326,0.10521097809417361,0.10521097809417361,0.0,-0.6124315697701086,0.41009030347101677,2.870632124297117,LOW,False
3343,12,2,6299.718,0.16666666666666666,0.06026785780459659,0.10572015689357275,0.10572015689357275,2.7654320684010623,1.0064193242654804,0.3712607321280216,7.261168848110416,LOW,False
3344,8,0,806.39,0.0,0.06125992129666009,0.10663659991547876,0.10663659991547876,0.0,-0.5744736923834342,0.31803481922888616,2.226243734602203,LOW,False
3345,16,0,1372.07,0.0,0.05200066203740083,0.10158048525025493,0.10158048525025493,0.0,-0.5119158656241045,0.41009030347101677,2.870632124297117,LOW,False
3346,43,1,6061.572,0.023255813953488372,0.031167328704067496,0.03545461274663058,0.03545461274663058,0.7461599989624189,-0.2231448643119362,0.5477383052077789,3.8341681364544518,LOW,False
3347,63,2,8720.544,0.031746031746031744,0.030699539342934113,0.03548301990735646,0.03548301990735646,1.0340882119242123,0.0294927659999049,0.6019728903696724,4.303291788888765,LOW,False
3348,104,5,13798.623,0.04807692307692308,0.03202229066568544,0.03487534912722356,0.03487534912722356,1.501358025222147,0.4603432743474805,0.6736322968201822,17.232831125569746,LOW,False
3349,126,1,20829.697,0.007936507936507936,0.03289936966776443,0.03500869805358985,0.03500869805358985,0.2412358661170433,-0.7130474173316697,0.7011664534630849,14.0233290692617,LOW,False
3350,154,2,18507.445,0.012987012987012988,0.03267077338212117,0.03515899284299875,0.03515899284299875,0.3975116485647699,-0.5598499502817195,0.7300049398220412,14.600098796440825,LOW,False
3351,177,1,26669.87,0.005649717514124294,0.03187500052752478,0.03538820101313436,0.03538820101313436,0.17724603672541545,-0.7410742072948819,0.7500314768453384,15.00062953690677,LOW,False
3352,165,2,27000.621,0.012121212121212121,0.030595253908795115,0.035772093395384306,0.035772093395384306,0.3961794910199349,-0.5164372569251625,0.7399289671797024,14.798579343594048,LOW,False
3353,186,5,30546.76,0.026881720430107527,0.029394651392403128,0.035893291467660036,0.035893291467660036,0.9145106050502422,-0.07001115973328217,0.7571709785555715,15.14341957111143,LOW,False
3354,176,7,28621.361,0.03977272727272727,0.028405018435640726,0.035608559509373756,0.035608559509373756,1.4002007202650888,0.31924090706601205,0.7492160161873449,17.985825725735065,LOW,False
3355,171,0,22109.162,0.0,0.028829473787980692,0.03568388102993072,0.03568388102993072,0.0,-0.8079130676340748,0.7450683431730747,14.901366863461494,LOW,False
3356,191,3,32150.338,0.015706806282722512,0.02784908163111795,0.03615593357638029,0.03615593357638029,0.5639972797225771,-0.33583077927567784,0.7609902999841155,15.219805999682311,LOW,False
3357,182,4,32711.518,0.02197802197802198,0.027091102514366985,0.03621424066758302,0.03621424066758302,0.8112634753925784,-0.1411897762341308,0.7540412591337875,15.08082518267575,LOW,False
3358,171,10,17066.088,0.05847953216374269,0.02709610661773174,0.03621349439387039,0.03621349439387039,2.158226382438043,0.8666224033691433,0.7450683431730747,23.588064731746815,LOW,False
3359,176,6,29516.44,0.03409090909090909,0.028035747803197068,0.03674135175338749,0.03674135175338749,1.2159800170203243,0.1648050765348813,0.7492160161873449,16.604170451399334,LOW,False
3360,165,2,19114.637,0.012121212121212121,0.02584225677042032,0.03459325417868839,0.03459325417868839,0.46904619162697736,-0.3966393152356629,0.7399289671797024,14.798579343594048,LOW,False
3361,127,3,13137.711,0.023622047244094488,0.02586281115143982,0.0345845866548943,0.0345845866548943,0.9133596153092358,-0.06479082516454551,0.7023017054312845,14.04603410862569,LOW,False
3362,94,4,9598.318,0.0425531914893617,0.026280169695907473,0.03449054753751595,0.03449054753751595,1.6192129648229925,0.471811059994156,0.6591458283097306,6.239454830828468,LOW,False
3363,88,7,8257.97,0.07954545454545454,0.0277556002936785,0.034393553499122376,0.034393553499122376,2.865924487447367,1.5058012035045338,0.6497026617837264,11.658850677367756,LOW,False
3364,54,4,4703.488,0.07407407407407407,0.029665499851049965,0.03597480662391667,0.03597480662391667,2.496977109639106,1.234435383830542,0.5800369695028702,9.015478503581363,LOW,False
3365,28,8,1750.115,0.2857142857142857,0.032751919604136384,0.03649285234669335,0.03649285234669335,8.723589003870222,6.931833217829313,0.4873954768329804,31.41176833783086,MEDIUM,False
3366,14,0,836.493,0.0,0.04262416118369503,0.06325370800036641,0.06325370800036641,0.0,-0.6738602768306978,0.3919737040327585,2.7438159282293095,LOW,False
3367,10,0,1291.354,0.0,0.04262416118369503,0.06325370800036641,0.06325370800036641,0.0,-0.6738602768306978,0.34708067508455476,2.429564725591883,LOW,False
3368,16,2,1627.918,0.125,0.03567971673925059,0.05797173028671237,0.05797173028671237,3.5033910418489906,1.54075586184845,0.41009030347101677,11.807840504737687,LOW,False
3369,9,4,726.286,0.4444444444444444,0.04088805007258393,0.06019917085032529,0.06019917085032529,10.869788205978825,6.703686922453349,0.33328510947992757,30.332995766359495,MEDIUM,False
3370,18,0,1716.857,0.0,0.05940656859110244,0.10136162168397349,0.10136162168397349,0.0,-0.5860854197491134,0.4261895338914151,2.9833267372399055,LOW,False
3371,62,5,7209.079,0.08064516129032258,0.05843757634304042,0.10183230688495568,0.10183230688495568,1.3800223475545792,0.21807995543468361,0.5996934120163099,5.19541254644494,LOW,False
3372,80,3,10641.515,0.0375,0.06047504007405255,0.10176420716112904,0.10176420716112904,0.6200905357661726,-0.2257673961698033,0.6360696384577723,4.452487469204406,LOW,False
3373,156,4,21931.531,0.02564102564102564,0.060034334945847416,0.10184310538170582,0.10184310538170582,0.4271060163180709,-0.33770876463277877,0.7318606560601462,14.637213121202924,LOW,False
3374,151,6,23459.312,0.039735099337748346,0.06077202318353566,0.10151291893550127,0.10151291893550127,0.6538386786588565,-0.20723395668637645,0.7271759790762514,14.54351958152503,LOW,False
3375,176,4,40572.78,0.022727272727272728,0.06188652678148296,0.1011115196798899,0.1011115196798899,0.3672410443636812,-0.38728776086231276,0.7492160161873449,14.9843203237469,LOW,False
3376,185,1,32498.65,0.005405405405405406,0.06259809158203082,0.10075802333999434,0.10075802333999434,0.08635096164748035,-0.5676241383143893,0.7563948700797809,15.12789740159562,LOW,False
3377,163,8,20243.574,0.049079754601226995,0.06231826630220553,0.10091350835790192,0.10091350835790192,0.7875661104437688,-0.13118671540014798,0.7381744743775209,14.76348948755042,LOW,False
3378,152,3,19758.049,0.019736842105263157,0.06324318439266885,0.10067604307546188,0.10067604307546188,0.312078563007195,-0.43214195709693765,0.7281251226999029,14.562502453998057,LOW,False
3379,181,4,29715.234,0.022099447513812154,0.06240835584402451,0.10096179278784378,0.10096179278784378,0.35411039459274807,-0.3992491339264898,0.7532481399770573,15.06496279954115,LOW,False
3380,155,13,27726.287,0.08387096774193549,0.0633291661571,0.10046742467520238,0.10046742467520238,1.324365578000469,0.204462308566626,0.7309357718656888,17.051457272317293,LOW,False
3381,166,8,18487.521,0.04819277108433735,0.06616933955123389,0.10002513968660856,0.10002513968660856,0.7283248013533888,-0.1797205034976147,0.7407983024292605,14.81596604858521,LOW,False
3382,194,3,28292.844,0.015463917525773196,0.06726162076399703,0.09966406785264233,0.09966406785264233,0.2299070012010554,-0.5197229488446026,0.76323443616078,15.264688723215603,LOW,False
3383,185,7,25022.404,0.03783783783783784,0.06546930348741496,0.10021413747198157,0.10021413747198157,0.5779477682256285,-0.2757242276051369,0.7563948700797809,15.12789740159562,LOW,False
3384,159,1,19228.943,0.006289308176100629,0.06562542551853699,0.10016603527312273,0.10016603527312273,0.0958364555567584,-0.5923776176290154,0.7346003697263758,14.692007394527515,LOW,False
3385,144,2,15008.284,0.013888888888888888,0.06538242952082401,0.10030844889518442,0.10030844889518442,0.21242540221704884,-0.5133519778153723,0.7203517712512958,14.407035425025915,LOW,False
3386,128,7,15633.151,0.0546875,0.06497688125602379,0.1005041121996383,0.1005041121996383,0.841645504414389,-0.10237771401418155,0.7034281226642937,14.068562453285875,LOW,False
3387,64,2,5490.299,0.03125,0.06548247744396704,0.10041688657825569,0.10041688657825569,0.47722690435377063,-0.3409035931151818,0.6042170265463369,4.229519185824358,LOW,False
3388,56,4,10509.227,0.07142857142857142,0.06347016683790643,0.10060654859470794,0.10060654859470794,1.125388115191025,0.07910424024906482,0.5852069435058582,4.425592406917448,LOW,False
3389,40,2,4134.175,0.05,0.0633599375610105,0.1005958740199609,0.1005958740199609,0.7891421918125163,-0.13280800719877958,0.5375168442542968,3.762617909780078,LOW,False
3390,25,0,2446.046,0.0,0.05353850898958193,0.08875250584946749,0.08875250584946749,0.0,-0.603233773256929,0.47158954718963364,3.3011268303274357,LOW,False
3391,14,5,1250.98,0.35714285714285715,0.05353850898958192,0.08875250584946749,0.08875250584946749,6.670765844681138,3.4207974777435184,0.3919737040327585,23.8348048933572,LOW,False
3392,8,2,948.662,0.25,0.0684194613705343,0.10737293201881283,0.10737293201881283,3.653931132928586,1.6911202405989152,0.31803481922888616,12.216464011159994,LOW,False
3393,15,2,4184.78,0.13333333333333333,0.07362779470386764,0.113114959451221,0.113114959451221,1.810910320886324,0.5278306151469977,0.4013152602464483,4.937846414051738,LOW,False
3394,27,2,5735.18,0.07407407407407407,0.06066483174090468,0.08243883239566464,0.08243883239566464,1.2210381525566467,0.1626568686564096,0.4823162229106479,3.956438710835733,LOW,False
3395,69,3,11165.244,0.043478260869565216,0.0637512514939911,0.08144954887639627,0.08144954887639627,0.6819985467056011,-0.24890242983655023,0.6149437022673513,4.304605915871458,LOW,False
3396,104,5,14090.356,0.04807692307692308,0.06220263064312621,0.0814677049387143,0.0814677049387143,0.7729081966445078,-0.17339027258506265,0.6736322968201822,13.472645936403646,LOW,False
3397,125,10,22828.254,0.08,0.06264333577133134,0.08135679714338485,0.08135679714338485,1.2770712002315163,0.21334006300762956,0.7000222270779219,16.078478543294814,LOW,False
3398,178,1,28860.697,0.0056179775280898875,0.0649082930362886,0.0810379181878739,0.0810379181878739,0.08655253843987265,-0.7316367058041061,0.7508423690723203,15.016847381446407,LOW,False
3399,199,17,36639.23,0.08542713567839195,0.0634867462942195,0.08179440530083172,0.08179440530083172,1.3455900745408043,0.2682382652392651,0.7668990340214671,17.929906239485373,LOW,False
3400,212,8,26139.725,0.03773584905660377,0.06609924058384947,0.0814364815036151,0.0814364815036151,0.5708968624039541,-0.3482885188990711,0.77601425104291,15.520285020858202,LOW,False
3401,197,9,30597.977,0.04568527918781726,0.0674463424026494,0.08065247507015175,0.08065247507015175,0.6773574008665986,-0.2698127143141524,0.7654443093750529,15.30888618750106,LOW,False
3402,179,3,37601.47,0.01675977653631285,0.06730490592709065,0.08068905214404111,0.08068905214404111,0.24901270279566548,-0.626418678218549,0.7516487437704258,15.032974875408517,LOW,False
3403,212,7,34836.8,0.0330188679245283,0.0671808615283844,0.08076760872669397,0.08076760872669397,0.4914921775836053,-0.422966510243672,0.77601425104291,15.520285020858202,LOW,False
3404,195,7,26667.602,0.035897435897435895,0.0676358373788309,0.08053303186505698,0.08053303186505698,0.5307457893420169,-0.39410414268987926,0.7639748156980716,15.279496313961433,LOW,False
3405,227,12,31892.047,0.05286343612334802,0.06563694021864343,0.08070772405409632,0.08070772405409632,0.8053915363399703,-0.1582686693870051,0.7858645736290825,15.717291472581651,LOW,False
3406,216,7,34872.434,0.032407407407407406,0.06583155126193553,0.08066945411150525,0.08066945411150525,0.4922777419973346,-0.4143345733854557,0.7787072381911495,15.574144763822991,LOW,False
3407,207,13,28840.385,0.06280193236714976,0.06653753000700363,0.08028271028694783,0.08028271028694783,0.9438572841603728,-0.04653053722902521,0.7725759923744698,15.451519847489397,LOW,False
3408,207,7,23963.066,0.033816425120772944,0.06757770061239161,0.08005610195226857,0.08005610195226857,0.500408046061456,-0.42172020206214855,0.7725759923744698,15.451519847489397,LOW,False
3409,125,4,15728.304,0.032,0.06872466381841964,0.07933377800821612,0.07933377800821612,0.4656261409229816,-0.4629133357876426,0.7000222270779219,14.00044454155844,LOW,False
3410,101,2,14471.079,0.019801980198019802,0.06947929344804926,0.07887430374520586,0.07887430374520586,0.2850054917847725,-0.6298288655644576,0.6694365281470719,13.38873056294144,LOW,False
3411,69,3,6726.412,0.043478260869565216,0.06802573012296675,0.07947789224625383,0.07947789224625383,0.6391443471605774,-0.30885908722068023,0.6149437022673513,4.304605915871458,LOW,False
3412,73,2,7396.639,0.0273972602739726,0.06853524099253198,0.0792708090016102,0.0792708090016102,0.3997543435640355,-0.5189549751879505,0.6229870983538917,4.360909688477242,LOW,False
3413,30,4,2615.925,0.13333333333333333,0.06670060302775702,0.07970925080135603,0.07970925080135603,1.9989824271580805,0.8359472662919916,0.49704864540372573,6.101669389116042,LOW,False
3414,31,6,3839.722,0.1935483870967742,0.07017282524997924,0.0807582667758871,0.0807582667758871,2.758167230794679,1.5277143352912146,0.5016440753080604,10.43544772489152,LOW,False
3415,6,2,371.23602,0.3333333333333333,0.0782373413790115,0.08307672613413014,0.08307672613413014,4.260540139248081,3.0706071823588816,0.2816585927874237,19.589434437858287,LOW,False
3416,15,5,1857.7119,0.3333333333333333,0.077245277886948,0.07967382790153779,0.07967382790153779,4.315258387977863,3.2142054949696037,0.4013152602464483,21.19890913065904,LOW,False
3417,9,2,2184.735,0.2222222222222222,0.08071750010917023,0.08882069869545686,0.08882069869545686,2.753086033656483,1.593150292571273,0.33328510947992757,9.52987913470708,LOW,False
3418,8,0,1875.8201,0.0,0.08442120381287394,0.09287102376125281,0.09287102376125281,0.0,-0.9090155399804662,0.31803481922888616,2.226243734602203,LOW,False
3419,29,1,5292.556,0.034482758620689655,0.08133478405978752,0.09444733409974478,0.09444733409974478,0.4239607815930524,-0.4960650915738708,0.4923025190943706,3.4461176336605943,LOW,False
3420,46,3,4859.379,0.06521739130434782,0.08095997146608437,0.0946217870487294,0.0946217870487294,0.8055510658334235,-0.16637373540228378,0.5572853176432578,3.900997223502805,LOW,False
3421,81,0,18311.38,0.0,0.08167415764222706,0.09442728785595257,0.09442728785595257,0.0,-0.8649423222534971,0.6378456593159089,4.464919615211362,LOW,False
3422,106,6,13633.642,0.05660377358490566,0.07834082430889373,0.0958896536260846,0.0958896536260846,0.7225322695319106,-0.22668817648200368,0.676363394522604,13.52726789045208,LOW,False
3423,141,5,19380.223,0.03546099290780142,0.08046523247792771,0.0947666614367205,0.0947666614367205,0.4406995644675316,-0.4748952731671087,0.717325656490079,14.34651312980158,LOW,False
3424,158,6,25075.846,0.0379746835443038,0.07838330986248646,0.09520077141861831,0.09520077141861831,0.4844741005569368,-0.42445692105263744,0.7336928815879392,14.673857631758786,LOW,False
3425,159,3,33814.047,0.018867924528301886,0.07839326129947395,0.09519635014110268,0.09519635014110268,0.24068299003690635,-0.6252901154607499,0.7346003697263758,14.692007394527515,LOW,False
3426,168,11,19399.904,0.06547619047619048,0.07727587152199415,0.09575272161650461,0.09575272161650461,0.8473044585146443,-0.12323076406185197,0.7425214642560432,14.850429285120864,LOW,False
3427,172,9,19681.535,0.05232558139534884,0.07930572210282237,0.09492687636775432,0.09492687636775432,0.6597957878437457,-0.2842202518383762,0.7459074405024058,14.918148810048116,LOW,False
3428,161,14,20715.334,0.08695652173913043,0.08011016849743989,0.09459880884819159,0.09459880884819159,1.085461725647342,0.07237251002470124,0.7363984535193844,15.368932012742754,LOW,False
3429,170,1,18165.78,0.0058823529411764705,0.0822376304075105,0.09413426516207378,0.09413426516207378,0.0715287261078385,-0.811131603724434,0.7442243531203013,14.884487062406027,LOW,False
3430,171,5,20155.633,0.029239766081871343,0.08028008527492002,0.09525350494550873,0.09525350494550873,0.36422191109712265,-0.5358366521236892,0.7450683431730747,14.901366863461494,LOW,False
3431,155,2,23723.744,0.012903225806451613,0.08014810021968935,0.09532489011090706,0.09532489011090706,0.16099228517061942,-0.7054282919707618,0.7309357718656888,14.618715437313776,LOW,False
3432,135,7,20250.629,0.05185185185185185,0.07806898744632694,0.09625925953757218,0.09625925953757218,0.6641798945772215,-0.27235962254874757,0.711076748655853,14.22153497311706,LOW,False
3433,95,2,8716.296,0.021052631578947368,0.07882046356012189,0.09596872946515947,0.09596872946515947,0.26709601324393445,-0.6019443239805168,0.6606614849225034,4.624630394457523,LOW,False
3434,92,4,12024.791,0.043478260869565216,0.07836432320924469,0.09622661316685416,0.09622661316685416,0.5548221319218394,-0.362540685903473,0.6560660550181688,4.592462385127182,LOW,False
3435,74,2,4861.046,0.02702702702702703,0.07935083490389243,0.09572016217459176,0.09572016217459176,0.3406016718004471,-0.5466330884545282,0.6249299984510739,4.374509989157517,LOW,False
3436,47,5,4701.45,0.10638297872340426,0.07866536682711998,0.09604656927129211,0.09604656927129211,1.3523483460923567,0.28858513226009563,0.5603326698608914,4.8472430975186755,LOW,False
3437,21,3,4126.621,0.14285714285714285,0.08195643842917964,0.09556550209531647,0.09556550209531647,1.7430862735767714,0.6372666191532296,0.4474094901461668,5.082467899162193,LOW,False
3438,23,3,2580.883,0.13043478260869565,0.08235326382600504,0.0958075812937225,0.0958075812937225,1.583844726352032,0.5018550529449699,0.46000385479927935,4.752619390269039,LOW,False
3439,20,6,1258.313,0.3,0.07972353030566844,0.09346020674133523,0.09346020674133523,3.7630044586556606,2.3569011601266716,0.44067600240186683,16.274061296338367,LOW,False
3440,5,0,504.0,0.0,0.07833464141677955,0.0896995298877779,0.0896995298877779,0.0,-0.8733004678484174,0.25934622467605517,1.815423572732386,LOW,False
3441,12,0,1868.75,0.0,0.06444575252789066,0.0726936645062974,0.0726936645062974,0.0,-0.886538778387046,0.3712607321280216,2.598825124896151,LOW,False
3442,9,0,883.29,0.0,0.0551864932686314,0.06552222033521561,0.06552222033521561,0.0,-0.8422561535047803,0.33328510947992757,2.3329957663594927,LOW,False
3443,23,0,4737.315,0.0,0.0551864932686314,0.06552222033521561,0.06552222033521561,0.0,-0.8422561535047803,0.46000385479927935,3.2200269835949555,LOW,False
3444,35,0,3063.237,0.0,0.053749711659436004,0.06636855968709106,0.06636855968709106,0.0,-0.8098670803291597,0.5186924493521103,3.630847145464772,LOW,False
3445,60,0,9345.787,0.0,0.05103232035508818,0.06720842794542953,0.06720842794542953,0.0,-0.7593142990418452,0.5950238495193444,4.165166946635411,LOW,False
3446,87,0,7776.903,0.0,0.05103232035508818,0.06720842794542953,0.06720842794542953,0.0,-0.7593142990418452,0.648067120269391,4.536469841885736,LOW,False
3447,117,4,16936.059,0.03418803418803419,0.04867382978905044,0.06799300835614677,0.06799300835614677,0.7023904701192233,-0.2130483111607561,0.690527421634514,13.81054843269028,LOW,False
3448,137,6,15466.693,0.043795620437956206,0.048620789842393465,0.06800425912506265,0.06800425912506265,0.9007591316373456,-0.07095392945261814,0.7131898355850435,14.263796711700868,LOW,False
3449,142,3,12242.183,0.02112676056338028,0.048863328879628985,0.06797501262019508,0.06797501262019508,0.432364332266932,-0.4080406497491152,0.7183414072125762,14.366828144251526,LOW,False
3450,149,7,26048.398,0.04697986577181208,0.04895744704775725,0.06793322622370768,0.06793322622370768,0.959606119289348,-0.029110663306831472,0.725258813512686,14.50517627025372,LOW,False
3451,155,3,13489.646,0.01935483870967742,0.04818676685174148,0.06784253551289161,0.06784253551289161,0.40166294553912224,-0.42498305707612216,0.7309357718656888,14.618715437313776,LOW,False
3452,155,2,12119.175,0.012903225806451613,0.046812985906505185,0.06808845815724923,0.06808845815724923,0.27563347128127896,-0.4980250841007372,0.7309357718656888,14.618715437313776,LOW,False
3453,163,4,17929.557,0.024539877300613498,0.04372743190931022,0.06786775824285736,0.06786775824285736,0.5612009722297135,-0.28271973475293166,0.7381744743775209,14.76348948755042,LOW,False
3454,157,4,14785.718,0.025477707006369428,0.0445048287576201,0.06752138403758522,0.06752138403758522,0.5724706221233835,-0.28179401270358123,0.7327796679344233,14.655593358688465,LOW,False
3455,151,6,21683.992,0.039735099337748346,0.044348076296140855,0.06756271722909103,0.06756271722909103,0.8959824789785994,-0.06827696024644583,0.7271759790762514,14.54351958152503,LOW,False
3456,161,3,14910.562,0.018633540372670808,0.04546607102661155,0.06724099438863937,0.06724099438863937,0.4098339696378095,-0.3990501761299682,0.7363984535193844,14.727969070387688,LOW,False
3457,125,0,12720.573,0.0,0.04408197471497901,0.06744540776861825,0.06744540776861825,0.0,-0.6535949025055782,0.7000222270779219,14.00044454155844,LOW,False
3458,120,4,13816.971,0.03333333333333333,0.043204781732522866,0.06789336661506686,0.06789336661506686,0.7715195401216738,-0.14539636037136605,0.6941613501691095,13.88322700338219,LOW,False
3459,87,7,7478.038,0.08045977011494253,0.042782076418513205,0.06792316461024521,0.06792316461024521,1.8806887568487665,0.5547105161049313,0.648067120269391,6.848277828613749,LOW,False
3460,55,3,5065.788,0.05454545454545454,0.04500844071384302,0.06825916754959414,0.06825916754959414,1.211893895463885,0.13971769908682727,0.5826450379722601,4.634736741398519,LOW,False
3461,19,3,1561.45,0.15789473684210525,0.04284854387309511,0.06704196543217156,0.06704196543217156,3.6849498855723875,1.7160325212333751,0.4336139245415396,13.215933201814309,LOW,False
3462,30,6,3192.824,0.2,0.04347511028913522,0.06807951315469185,0.06807951315469185,4.600333355565555,2.2991481938950606,0.49704864540372573,18.61398892447655,LOW,False
3463,14,3,2022.056,0.21428571428571427,0.0463736610137729,0.07322902748866816,0.07322902748866816,4.620849628888945,2.2929712305400334,0.3919737040327585,17.905295337675437,LOW,False
3464,7,1,569.916,0.14285714285714285,0.04280223244234432,0.061467310540536016,0.061467310540536016,3.3376096223386242,1.627774332973541,0.3009864451848362,10.989643081691982,LOW,False
3465,12,0,844.55597,0.0,0.048754613394725275,0.06400676253572377,0.06400676253572377,0.0,-0.7617103484575417,0.3712607321280216,2.598825124896151,LOW,False
3466,35,3,4130.161,0.08571428571428572,0.048754613394725275,0.06400676253572377,0.06400676253572377,1.7580753849964705,0.5774338656627466,0.5186924493521103,5.620795031080507,LOW,False
3467,37,3,3598.6099,0.08108108108108109,0.05232604196615385,0.06355784512132466,0.06355784512132466,1.5495359105037394,0.45242312825485437,0.5265183489530272,5.128160207743506,LOW,False
3468,79,4,11768.179,0.05063291139240506,0.055704420344532234,0.06280601867938194,0.06280601867938194,0.9089567951562937,-0.0807487731075056,0.6342715546647637,4.439900882653346,LOW,False
3469,140,0,17927.162,0.0,0.05781412498588243,0.06169406456657322,0.06169406456657322,0.0,-0.9371100022676574,0.7163027272577009,14.326054545154019,LOW,False
3470,155,1,27853.44,0.0064516129032258064,0.05781412498588243,0.06169406456657322,0.06169406456657322,0.11159232981215608,-0.8325357138243347,0.7309357718656888,14.618715437313776,LOW,False
3471,150,1,33358.254,0.006666666666666667,0.05808294219018351,0.061444752547074336,0.061444752547074336,0.11477839130183366,-0.8367887149374648,0.7262205704328422,14.524411408656842,LOW,False
3472,153,5,19512.295,0.032679738562091505,0.056936218543459864,0.06216270114559808,0.06216270114559808,0.5739710047155099,-0.39020955547852715,0.7290680829335906,14.581361658671813,LOW,False
3473,171,6,22142.473,0.03508771929824561,0.056473056798632175,0.06230611162944538,0.06230611162944538,0.6213178688619432,-0.3432301734310125,0.7450683431730747,14.901366863461494,LOW,False
3474,204,8,31331.986,0.0392156862745098,0.05705476341258489,0.06202630451362269,0.06202630451362269,0.6873341317871415,-0.2876050294783745,0.7704731386726122,15.409462773452246,LOW,False
3475,186,5,30253.89,0.026881720430107527,0.05673125593353063,0.062101338544599836,0.062101338544599836,0.47384321019798303,-0.4806584882544168,0.7571709785555715,15.14341957111143,LOW,False
3476,196,11,33735.426,0.05612244897959184,0.05704487600521522,0.06192312602764077,0.06192312602764077,0.9838298004970849,-0.014896325247075478,0.7647114273842626,15.29422854768525,LOW,False
3477,227,6,36507.16,0.02643171806167401,0.05884567697076273,0.061207923514615695,0.061207923514615695,0.4491700906900352,-0.5295712882883319,0.7858645736290825,15.717291472581651,LOW,False
3478,167,4,22490.537,0.023952095808383235,0.05892450366914024,0.061163023582356146,0.061163023582356146,0.4064878669640344,-0.5717900426172781,0.7416624475867031,14.833248951734063,LOW,False
3479,188,3,31771.639,0.015957446808510637,0.05886093653589083,0.061200077991486516,0.061200077991486516,0.27110419486411813,-0.7010365204656839,0.758710821630753,15.174216432615061,LOW,False
3480,193,10,20990.219,0.05181347150259067,0.05787020101383925,0.06171346621388329,0.06171346621388329,0.8953394077584047,-0.0981427536456547,0.762490250028163,15.24980500056326,LOW,False
3481,139,2,16844.53,0.014388489208633094,0.05925269814425258,0.061165488725462056,0.061165488725462056,0.24283264153817702,-0.7334889309393084,0.7152725173289632,14.305450346579265,LOW,False
3482,136,7,15943.174,0.051470588235294115,0.05985221852794562,0.06062761605903493,0.06062761605903493,0.8599612428946466,-0.13824772995345988,0.7121371481527359,14.242742963054718,LOW,False
3483,95,3,10314.511,0.031578947368421054,0.06060793748219399,0.06039528265991385,0.06039528265991385,0.5210364958830456,-0.4806499586604359,0.6606614849225034,4.624630394457523,LOW,False
3484,50,1,5744.598,0.02,0.058571236534422276,0.06052078523451824,0.06052078523451824,0.34146453418728856,-0.6373221428796506,0.5691077130854598,3.9837539915982183,LOW,False
3485,35,1,6023.082,0.02857142857142857,0.05713184259502832,0.0610293636003006,0.0610293636003006,0.5000963958742491,-0.4679782376668774,0.5186924493521103,3.630847145464772,LOW,False
3486,22,4,3428.6538,0.18181818181818182,0.05174337141708346,0.05734377475269728,0.05734377475269728,3.5138449010717765,2.268333589165754,0.4538436109089882,15.324707594276504,LOW,False
3487,8,2,1473.77,0.25,0.050985795659507706,0.05538668410204416,0.05538668410204416,4.903326441535695,3.5931778110029025,0.31803481922888616,23.817628566771102,LOW,False
3488,4,0,1423.0,0.0,0.05247389089760295,0.06023266255738862,0.06023266255738862,0.0,-0.8711866397671986,0.23295629441831542,1.6306940609282077,LOW,False
3489,17,0,2179.192,0.0,0.046521509945221994,0.05792702701277785,0.05792702701277785,0.0,-0.8031054301295324,0.4183636342904982,2.9285454400334876,LOW,False
3490,28,0,4572.1787,0.0,0.046521509945221994,0.05792702701277785,0.05792702701277785,0.0,-0.8031054301295324,0.4873954768329804,3.411768337830863,LOW,False
3491,58,0,6911.7803,0.0,0.04295008137379342,0.058047763433871725,0.058047763433871725,0.0,-0.7399093235129093,0.5901986065729019,4.131390246010313,LOW,False
3492,88,1,13828.135,0.011363636363636364,0.03957170299541504,0.05809149421111397,0.05809149421111397,0.2871657144741283,-0.4855799805951963,0.6497026617837264,4.547918632486084,LOW,False
3493,122,5,15353.02,0.040983606557377046,0.037935483202549684,0.05831898438739836,0.05831898438739836,1.0803501918916507,0.052266399815529094,0.6965342538687398,14.533311516562177,LOW,False
3494,131,1,22275.049,0.007633587786259542,0.03964313347577372,0.057757211152534696,0.057757211152534696,0.19255762895040818,-0.5542086442674342,0.7067557148222219,14.135114296444437,LOW,False
3495,170,0,25352.076,0.0,0.03969238242923346,0.05772817520558337,0.05772817520558337,0.0,-0.6875738283408356,0.7442243531203013,14.884487062406027,LOW,False
3496,180,4,25053.576,0.022222222222222223,0.03941460465145569,0.057909752260646354,0.057909752260646354,0.5638068025477835,-0.29688233428891503,0.7524506509957629,15.049013019915257,LOW,False
3497,203,3,29412.56,0.014778325123152709,0.03897887480396114,0.058001900005913765,0.058001900005913765,0.37913678107637155,-0.41723718840832774,0.769765343208684,15.39530686417368,LOW,False
3498,183,4,29405.578,0.02185792349726776,0.0381326500466656,0.058208922258098594,0.058208922258098594,0.5732075654463743,-0.2795916144476209,0.7548300560938245,15.09660112187649,LOW,False
3499,162,3,25499.842,0.018518518518518517,0.03740940993094718,0.058302639371518444,0.058302639371518444,0.495023004979262,-0.3240143433653382,0.7372891879239116,14.745783758478234,LOW,False
3500,164,6,19656.71,0.036585365853658534,0.03706094318463097,0.05839322014737441,0.05839322014737441,0.9871676948802087,-0.008144392958157809,0.7390543791173132,14.781087582346263,LOW,False
3501,164,7,26781.65,0.042682926829268296,0.03624689805438375,0.058251944832016345,0.058251944832016345,1.1775608154173118,0.11048607550261891,0.7390543791173132,16.1127936979761,LOW,False
3502,163,3,21451.658,0.018404907975460124,0.03692403175303351,0.058227339026098106,0.058227339026098106,0.49845336767559417,-0.31804860203680124,0.7381744743775209,14.76348948755042,LOW,False
3503,153,0,19358.275,0.0,0.036692898926661714,0.058292043575774034,0.058292043575774034,0.0,-0.62946667633919,0.7290680829335906,14.581361658671813,LOW,False
3504,171,13,19775.879,0.07602339181286549,0.03602800530964043,0.05862887468240919,0.05862887468240919,2.1101193685158868,0.6821789897875209,0.7450683431730747,23.227262127330643,LOW,False
3505,143,6,15089.541,0.04195804195804196,0.03703675198923522,0.05911851107584738,0.05911851107584738,1.1328758518089577,0.08324448432899235,0.7193500794753345,15.383570478073871,LOW,False
3506,120,3,10827.175,0.025,0.038185483353793924,0.05892684018635341,0.05892684018635341,0.654699058497478,-0.22376023068767034,0.6941613501691095,13.88322700338219,LOW,False
3507,73,9,5558.557,0.1232876712328767,0.03708254217732333,0.0589150954406038,0.0589150954406038,3.324682289669704,1.4632095290834666,0.6229870983538917,12.48974238860038,LOW,False
3508,50,1,4135.981,0.02,0.04090373900500899,0.06146166442616627,0.06146166442616627,0.48895285581474207,-0.34011020040175766,0.5691077130854598,3.9837539915982183,LOW,False
3509,41,2,5901.016,0.04878048780487805,0.04090373900500899,0.06146166442616627,0.06146166442616627,1.192567941011566,0.12815710204742958,0.541004817463479,4.292524567399713,LOW,False
3510,22,3,2431.06,0.13636363636363635,0.041745783139736044,0.06142378551966997,0.06142378551966997,3.2665248105942846,1.5404106474942103,0.4538436109089882,11.490829486960083,LOW,False
3511,15,3,4767.87,0.2,0.03985184374579665,0.05749194497716662,0.05749194497716662,5.0185883813994145,2.785575550067187,0.4013152602464483,21.12109985326908,LOW,False
3512,14,0,759.19,0.0,0.03776851041246332,0.04995801004880381,0.04995801004880381,0.0,-0.7560051005948273,0.3919737040327585,2.7438159282293095,LOW,False
3513,19,0,2285.006,0.0,0.03776851041246332,0.04995801004880381,0.04995801004880381,0.0,-0.7560051005948273,0.4336139245415396,3.0352974717907775,LOW,False
3514,33,3,6616.92,0.09090909090909091,0.03776851041246332,0.04995801004880381,0.04995801004880381,2.407007581614646,1.063704908276265,0.5104191185326289,7.545037705175507,LOW,False
3515,77,3,9080.693,0.03896103896103896,0.04155638920034211,0.050414185359013805,0.050414185359013805,0.9375463005991439,-0.05148055494343348,0.6306069568040767,4.414248697628537,LOW,False
3516,79,0,10920.908,0.0,0.043179765823718734,0.04963918765938405,0.04963918765938405,0.0,-0.8698725313558956,0.6342715546647637,4.439900882653346,LOW,False
3517,131,2,18369.12,0.015267175572519083,0.04270628097523388,0.05000868248842662,0.05000868248842662,0.3574925098575731,-0.5486868287134931,0.7067557148222219,14.135114296444437,LOW,False
3518,178,3,26542.967,0.016853932584269662,0.04163476301753147,0.05032172697743004,0.05032172697743004,0.40480433567432217,-0.4924479329649465,0.7508423690723203,15.016847381446407,LOW,False
3519,168,0,22838.55,0.0,0.04201894405078189,0.05008550085085208,0.05008550085085208,0.0,-0.8389442720341098,0.7425214642560432,14.850429285120864,LOW,False
3520,179,6,21479.342,0.0335195530726257,0.04201894405078189,0.05008550085085208,0.05008550085085208,0.7977247841382146,-0.16969763372170799,0.7516487437704258,15.032974875408517,LOW,False
3521,170,4,27524.635,0.023529411764705882,0.0424896661695487,0.04994424354016494,0.04994424354016494,0.5537678660692523,-0.3796284228350573,0.7442243531203013,14.884487062406027,LOW,False
3522,195,9,31827.86,0.046153846153846156,0.042854294779613424,0.04976475685546956,0.04976475685546956,1.076994648755774,0.06630297388602804,0.7639748156980716,15.856956179629739,LOW,False
3523,217,6,29239.672,0.027649769585253458,0.043866624890304184,0.04956579181096615,0.04956579181096615,0.630314496599552,-0.32717837670985894,0.7793727284850581,15.587454569701165,LOW,False
3524,227,7,32612.318,0.030837004405286344,0.04424709368475147,0.0493975194121823,0.0493975194121823,0.696927229277286,-0.27147292898594344,0.7858645736290825,15.717291472581651,LOW,False
3525,193,8,28322.016,0.04145077720207254,0.04400757862440263,0.04945019226926863,0.04945019226926863,0.9419008838420316,-0.051704580002594744,0.762490250028163,15.24980500056326,LOW,False
3526,214,4,22554.65,0.018691588785046728,0.04395623905660281,0.049452266897027405,0.049452266897027405,0.4252317574526205,-0.5108896286628014,0.777367007468166,15.54734014936332,LOW,False
3527,261,3,43100.984,0.011494252873563218,0.04396818409033559,0.0494458609239637,0.0494458609239637,0.2614220512256659,-0.6567573222500821,0.8059838106329514,16.11967621265903,LOW,False
3528,192,6,21154.916,0.03125,0.044447111293400725,0.04905559969980161,0.04905559969980161,0.7030828121475655,-0.26902354418580465,0.7617422179553044,15.23484435910609,LOW,False
3529,143,6,17795.916,0.04195804195804196,0.042581553301197984,0.0486522566257888,0.0486522566257888,0.9853572428712111,-0.012815671592620924,0.7193500794753345,14.38700158950669,LOW,False
3530,108,2,10623.918,0.018518518518518517,0.042581553301197984,0.0486522566257888,0.0486522566257888,0.4348953263289604,-0.4945923673748881,0.679043913423446,13.580878268468922,LOW,False
3531,72,1,8191.028,0.013888888888888888,0.04231149157280293,0.048771934172072845,0.048771934172072845,0.32825335086547547,-0.5827655426507368,0.6210177634316978,4.347124344021885,LOW,False
3532,66,2,7889.581,0.030303030303030304,0.037753208975136766,0.045902622853723846,0.045902622853723846,0.8026610485743624,-0.1623039863287914,0.608603540536682,4.260224783756773,LOW,False
3533,22,0,2106.458,0.0,0.0381825019044297,0.045777378962164786,0.045777378962164786,0.0,-0.8340910460598391,0.4538436109089882,3.176905276362918,LOW,False
3534,10,0,726.39,0.0,0.03614998157922645,0.04636551969450201,0.04636551969450201,0.0,-0.7796738140198844,0.34708067508455476,2.429564725591883,LOW,False
3535,10,0,1488.22,0.0,0.030468163397408266,0.04166834047620865,0.04166834047620865,0.0,-0.7312065479258685,0.34708067508455476,2.429564725591883,LOW,False
3536,9,0,611.75,0.0,0.02213483006407493,0.021319885030326138,0.021319885030326138,0.0,-1.038224644860401,0.33328510947992757,2.3329957663594927,LOW,False
3537,15,4,1102.062,0.26666666666666666,0.02213483006407493,0.021319885030326138,0.021319885030326138,12.047378086695572,11.469660190698084,0.4013152602464483,30.809206821725137,MEDIUM,False
3538,23,1,3494.57,0.043478260869565216,0.03324594117518604,0.05389089940698364,0.05389089940698364,1.3077765084303383,0.18987101360296066,0.46000385479927935,4.027940318224593,LOW,False
3539,67,5,7329.648,0.07462686567164178,0.0312696565902058,0.05253702322105681,0.05253702322105681,2.3865585301955705,0.8252696179417041,0.610747933594241,7.914951676923058,LOW,False
3540,110,10,14168.798,0.09090909090909091,0.032755732703147585,0.05326344724628165,0.05326344724628165,2.7753642921977812,1.0918061299534652,0.6816756929067226,28.096322674036124,LOW,False
3541,116,4,23008.021,0.034482758620689655,0.03654361149102637,0.05405930846018529,0.05405930846018529,0.9436056594777783,-0.03812207238748778,0.6892955513569078,13.785911027138157,LOW,False
3542,132,3,29024.227,0.022727272727272728,0.03734426078470015,0.05387246556678152,0.05387246556678152,0.6085881002786923,-0.271325767321859,0.7078481266788389,14.156962533576777,LOW,False
3543,161,3,33217.855,0.018633540372670808,0.03758898329065861,0.053788613638788084,0.053788613638788084,0.4957181264676958,-0.35240623685304723,0.7363984535193844,14.727969070387688,LOW,False
3544,183,6,31731.484,0.03278688524590164,0.03836538080618656,0.053355189687742936,0.053355189687742936,0.8545955900068802,-0.10455394485396127,0.7548300560938245,15.09660112187649,LOW,False
3545,198,2,25492.094,0.010101010101010102,0.03833485298007306,0.053358292347554216,0.053358292347554216,0.2634941656424438,-0.5291369276805035,0.7661734992494772,15.323469984989547,LOW,False
3546,174,7,37407.406,0.040229885057471264,0.03777533624408574,0.05359019406990505,0.05359019406990505,1.064977550365811,0.04580220049555561,0.7475711816240547,15.438755260224676,LOW,False
3547,162,3,24397.705,0.018518518518518517,0.03752850453173678,0.05356356153956353,0.05356356153956353,0.49345207728322715,-0.354905190521675,0.7372891879239116,14.745783758478234,LOW,False
3548,205,4,32905.35,0.01951219512195122,0.03714803573728949,0.053669108545854646,0.053669108545854646,0.5252550971992505,-0.3286031963856878,0.7711774898627489,15.42354979725498,LOW,False
3549,183,6,24392.19,0.03278688524590164,0.0366761686838172,0.053776685521985945,0.053776685521985945,0.8939561143519431,-0.0723228551585886,0.7548300560938245,15.09660112187649,LOW,False
3550,191,2,28940.898,0.010471204188481676,0.03631517318564341,0.053772320277649305,0.053772320277649305,0.2883423998820771,-0.48061844576760604,0.7609902999841155,15.219805999682311,LOW,False
3551,166,2,24821.004,0.012048192771084338,0.035972657160786535,0.05391544920074421,0.05391544920074421,0.3349264058318706,-0.4437404258772634,0.7407983024292605,14.81596604858521,LOW,False
3552,175,3,18891.697,0.017142857142857144,0.03599573798984991,0.053904632039576024,0.053904632039576024,0.47624685866118627,-0.3497450985872837,0.748395935331003,14.967918706620061,LOW,False
3553,186,2,19310.732,0.010752688172043012,0.03540794037080229,0.05403538780666659,0.05403538780666659,0.30368013669921834,-0.4562797307381858,0.7571709785555715,15.14341957111143,LOW,False
3554,85,5,6791.225,0.058823529411764705,0.03410771729638567,0.05424595189213621,0.05424595189213621,1.7246398784359025,0.45562500524508215,0.6447395281114626,6.415356377674481,LOW,False
3555,80,4,5976.1562,0.05,0.03578709275027093,0.05436610869944426,0.05436610869944426,1.3971517705813494,0.26142954847666633,0.6360696384577723,5.495010866980448,LOW,False
3556,58,0,4523.233,0.0,0.037291722379900555,0.05423324761586001,0.05423324761586001,0.0,-0.6876173568664352,0.5901986065729019,4.131390246010313,LOW,False
3557,32,0,2658.742,0.0,0.03602909611727429,0.05475328368924742,0.05475328368924742,0.0,-0.658026216687891,0.5060980846989978,3.542686592892984,LOW,False
3558,10,0,1234.2211,0.0,0.03602909611727429,0.05475328368924742,0.05475328368924742,0.0,-0.658026216687891,0.34708067508455476,2.429564725591883,LOW,False
3559,12,1,1650.222,0.08333333333333333,0.03602909611727429,0.05475328368924742,0.05475328368924742,2.3129454333820725,0.8639525162460485,0.3712607321280216,6.045306887524091,LOW,False
3560,7,0,635.88,0.0,0.039501318339496515,0.05501084911142658,0.05501084911142658,0.0,-0.7180641451195396,0.3009864451848362,2.1069051162938535,LOW,False
3561,9,0,3148.7,0.0,0.039501318339496515,0.05501084911142658,0.05501084911142658,0.0,-0.7180641451195396,0.33328510947992757,2.3329957663594927,LOW,False
3562,36,1,4303.176,0.027777777777777776,0.028390207228385405,0.02686176097862517,0.02686176097862517,0.9784281444062408,-0.02279930385409058,0.5226582832922795,3.6586079830459566,LOW,False
3563,90,0,13098.76,0.0,0.02773602043289426,0.02666882345630792,0.02666882345630792,0.0,-1.040016650090873,0.6529193249154452,4.5704352744081165,LOW,False
3564,104,2,15187.341,0.019230769230769232,0.02462656769657585,0.02527818106682881,0.02527818106682881,0.7808952294006904,-0.21345675353545251,0.6736322968201822,13.472645936403646,LOW,False
3565,128,3,15955.589,0.0234375,0.02163997095997912,0.020974472674250896,0.020974472674250896,1.0830652242253571,0.08570079772387319,0.7034281226642937,14.691551634976053,LOW,False
3566,172,3,26613.871,0.01744186046511628,0.021179751850783714,0.02080088445842693,0.02080088445842693,0.823515808305888,-0.17969867546440446,0.7459074405024058,14.918148810048116,LOW,False
3567,185,6,31997.82,0.032432432432432434,0.02095952633986053,0.020811764332314162,0.020811764332314162,1.547383843820597,0.5512702291539053,0.7563948700797809,19.233276230250095,LOW,False
3568,230,8,30191.262,0.034782608695652174,0.02153448017568393,0.020934954059530032,0.020934954059530032,1.61520540137893,0.632823386299117,0.7877566774864215,20.369174060070407,LOW,False
3569,249,8,50736.723,0.0321285140562249,0.021617635319423536,0.02098549526890001,0.02098549526890001,1.4862177838367592,0.5008639825803027,0.7991976983165583,19.63058734510686,LOW,False
3570,209,9,36429.33,0.0430622009569378,0.02253544798422415,0.020941556420250036,0.020941556420250036,1.9108650951639978,0.9801923295856234,0.7739611118817943,22.31071045136587,LOW,False
3571,199,4,31607.8,0.020100502512562814,0.022653461146701925,0.02105328880191275,0.02105328880191275,0.8873038156241837,-0.12126174956129261,0.7668990340214671,15.337980680429341,LOW,False
3572,220,4,38599.24,0.01818181818181818,0.022719377146453768,0.021042253417988818,0.021042253417988818,0.8002780210308782,-0.21564035345931498,0.7813510355990383,15.627020711980766,LOW,False
3573,221,6,31149.33,0.027149321266968326,0.02266394477394823,0.021052819230529346,0.021052819230529346,1.1979080225334802,0.2130534843768436,0.7820045079683347,17.124400328367795,LOW,False
3574,188,11,21429.947,0.05851063829787234,0.022429046274826003,0.02096623368853817,0.02096623368853817,2.6086993437408763,1.7209381789334646,0.758710821630753,36.25118874733994,MEDIUM,False
3575,175,6,24700.883,0.03428571428571429,0.024430689362717282,0.022040616125313967,0.022040616125313967,1.4033870995894357,0.44713019214006305,0.748395935331003,17.993321953540832,LOW,False
3576,162,4,21624.057,0.024691358024691357,0.025357252759160193,0.021964726942499898,0.021964726942499898,0.9737394764017453,-0.030316549630325082,0.7372891879239116,14.745783758478234,LOW,False
3577,142,6,14435.153,0.04225352112676056,0.02567177362923662,0.021895925014504495,0.021895925014504495,1.6459135912074112,0.757298332294238,0.7183414072125762,19.21118007830711,LOW,False
3578,90,1,12038.369,0.011111111111111112,0.026984308335683188,0.021906872600600872,0.021906872600600872,0.4117619385640555,-0.7245761416504836,0.6529193249154452,4.5704352744081165,LOW,False
3579,74,10,6648.431,0.13513513513513514,0.024996290906489287,0.021039635284101216,0.021039635284101216,5.40620749057024,5.234826685036372,0.6249299984510739,32.37450998915752,MEDIUM,False
3580,40,2,7485.199,0.05,0.02854358820378659,0.030492125655824064,0.030492125655824064,1.7517068857294895,0.7036705816577006,0.5375168442542968,5.7358484848199875,LOW,False
3581,28,5,3497.378,0.17857142857142858,0.03062692153711992,0.030163451995245203,0.030163451995245203,5.830537958410201,4.90476047163401,0.4873954768329804,30.99509540122965,MEDIUM,False
3582,18,4,1446.582,0.2222222222222222,0.03806739772759611,0.04198710496165106,0.04198710496165106,5.837599507389683,4.38598528435871,0.4261895338914151,28.297012356309256,LOW,False
3583,11,0,778.757,0.0,0.04732665698685537,0.05554213052565605,0.05554213052565605,0.0,-0.8520857327392981,0.35967503973766723,2.5177252781636708,LOW,False
3584,8,0,661.3,0.0,0.04385443476463315,0.055797510434079156,0.055797510434079156,0.0,-0.7859568361288106,0.31803481922888616,2.226243734602203,LOW,False
3585,8,0,1114.4,0.0,0.04385443476463315,0.055797510434079156,0.055797510434079156,0.0,-0.7859568361288106,0.31803481922888616,2.226243734602203,LOW,False
3586,5,0,534.9,0.0,0.04385443476463315,0.055797510434079156,0.055797510434079156,0.0,-0.7859568361288106,0.25934622467605517,1.815423572732386,LOW,False
3587,29,2,3404.9,0.06896551724137931,0.04269702735722574,0.05642999983343662,0.05642999983343662,1.615229947143102,0.46550575866896654,0.4923025190943706,5.061096244911237,LOW,False
3588,43,1,5537.9062,0.023255813953488372,0.04557059057561654,0.05591482377517578,0.05591482377517578,0.5103250508658508,-0.3990851641033902,0.5477383052077789,3.8341681364544518,LOW,False
3589,87,1,13205.983,0.011494252873563218,0.04573830077239651,0.05583836959427616,0.05583836959427616,0.25130476382935735,-0.6132709129520063,0.648067120269391,4.536469841885736,LOW,False
3590,122,1,20065.783,0.00819672131147541,0.04524066547546165,0.05609837115199397,0.05609837115199397,0.18118038771824163,-0.6603390330820602,0.6965342538687398,13.930685077374797,LOW,False
3591,162,0,21551.879,0.0,0.04485545134405994,0.05632882710008166,0.05632882710008166,0.0,-0.7963143145935468,0.7372891879239116,14.745783758478234,LOW,False
3592,147,0,17789.305,0.0,0.04350409999270858,0.05702455536751197,0.05702455536751197,0.0,-0.7629011697212414,0.7233159134155036,14.466318268310072,LOW,False
3593,157,3,25593.984,0.01910828025477707,0.04205482463038974,0.05769391904123725,0.05769391904123725,0.45436594784820494,-0.39772899392068367,0.7327796679344233,14.655593358688465,LOW,False
3594,166,2,22630.885,0.012048192771084338,0.041512314888662756,0.057852315508594675,0.057852315508594675,0.29023177347247303,-0.5092989253507262,0.7407983024292605,14.81596604858521,LOW,False
3595,174,10,18108.84,0.05747126436781609,0.040220064547585525,0.05816174370401914,0.05816174370401914,1.4289202420304465,0.2966073353649894,0.7475711816240547,18.168325447709442,LOW,False
3596,146,1,20579.87,0.00684931506849315,0.04177717962488774,0.05809989540061584,0.05809989540061584,0.16394871865435445,-0.6011691469589869,0.7223345951892906,14.44669190378581,LOW,False
3597,156,4,17110.242,0.02564102564102564,0.04130499199516587,0.058345527760133006,0.058345527760133006,0.6207730446728216,-0.26846901477242757,0.7318606560601462,14.637213121202924,LOW,False
3598,148,3,20891.676,0.02027027027027027,0.04124214634408493,0.05836224809395653,0.05836224809395653,0.4914940677712205,-0.3593397574413573,0.7242906233880599,14.4858124677612,LOW,False
3599,166,6,18132.47,0.03614457831325301,0.03964879767626817,0.058392295721564264,0.058392295721564264,0.9116185214082136,-0.060011673110517125,0.7407983024292605,14.81596604858521,LOW,False
3600,133,0,14323.863,0.0,0.03972625034408229,0.05838610522149201,0.05838610522149201,0.0,-0.680405897830962,0.708932355598294,14.17864711196588,LOW,False
3601,131,2,19255.387,0.015267175572519083,0.038697443759720146,0.05887801754664895,0.05887801754664895,0.39452672035176034,-0.3979459425351287,0.7067557148222219,14.135114296444437,LOW,False
3602,85,0,7325.019,0.0,0.037573012694960085,0.05906454441171477,0.05906454441171477,0.0,-0.636134809286837,0.6447395281114626,4.513176696780238,LOW,False
3603,52,5,6290.818,0.09615384615384616,0.03711004973199712,0.0593239537973964,0.0593239537973964,2.5910460063582224,0.9952774999369706,0.5746754719734962,8.199224070504807,LOW,False
3604,44,2,3804.914,0.045454545454545456,0.03548582935777674,0.057012036368157576,0.057012036368157576,1.2809210402344469,0.17485283339811472,0.5509911136472015,4.594355526145834,LOW,False
3605,16,0,1191.394,0.0,0.03529643541838281,0.05696925790324131,0.05696925790324131,0.0,-0.6195698648265978,0.41009030347101677,2.870632124297117,LOW,False
3606,13,1,841.85,0.07692307692307693,0.027855959227906613,0.04847046352372633,0.04847046352372633,2.7614585551953987,1.0123096444322617,0.3819874078490358,7.351595256722316,LOW,False
3607,9,0,1375.8,0.0,0.021801828173775562,0.027808000074700454,0.027808000074700454,0.0,-0.784012806214379,0.33328510947992757,2.3329957663594927,LOW,False
3608,10,0,968.24,0.0,0.021801828173775562,0.027808000074700454,0.027808000074700454,0.0,-0.784012806214379,0.34708067508455476,2.429564725591883,LOW,False
3609,16,0,1308.705,0.0,0.021801828173775562,0.027808000074700454,0.027808000074700454,0.0,-0.784012806214379,0.41009030347101677,2.870632124297117,LOW,False
3610,19,0,2152.323,0.0,0.021801828173775562,0.027808000074700454,0.027808000074700454,0.0,-0.784012806214379,0.4336139245415396,3.0352974717907775,LOW,False
3611,30,1,3729.135,0.03333333333333333,0.021801828173775562,0.027808000074700454,0.027808000074700454,1.528923770412451,0.4146830095145556,0.49704864540372573,4.867765415158764,LOW,False
3612,43,1,6105.755,0.023255813953488372,0.020317153844273645,0.026077819847176633,0.026077819847176633,1.1446393590233597,0.11268810531080062,0.5477383052077789,4.213846453890771,LOW,False
3613,80,0,8357.234,0.0,0.020317153844273645,0.026077819847176633,0.026077819847176633,0.0,-0.7790971010359719,0.6360696384577723,4.452487469204406,LOW,False
3614,126,1,13038.158,0.007936507936507936,0.019838226641208514,0.026351016870069868,0.026351016870069868,0.4000613603245162,-0.45166069922025825,0.7011664534630849,14.0233290692617,LOW,False
3615,101,4,11461.112,0.039603960396039604,0.019827384417251535,0.026356068117794697,0.026356068117794697,1.9974374613718964,0.750361392693306,0.6694365281470719,20.86951152323066,LOW,False
3616,131,5,14494.135,0.03816793893129771,0.021477549433753185,0.026300444885591644,0.026300444885591644,1.7771086524105322,0.6346048353991205,0.7067557148222219,19.96342918952343,LOW,False
3617,150,6,12996.984,0.04,0.023067880222557253,0.02609846951252604,0.02609846951252604,1.7340128184333745,0.6487782653046427,0.7262205704328422,20.02950754690715,LOW,False
3618,164,9,18820.764,0.054878048780487805,0.02393836854527488,0.02630822718134988,0.02630822718134988,2.2924723828483295,1.1760458058210141,0.7390543791173132,26.67520302647141,LOW,False
3619,182,13,21715.277,0.07142857142857142,0.025722945879000023,0.02691232071461261,0.02691232071461261,2.7768425811168487,1.6983160253717762,0.7540412591337875,37.13609485819932,MEDIUM,False
3620,179,2,31412.635,0.0111731843575419,0.02630450033986483,0.02776548583927247,0.02776548583927247,0.4247632235237248,-0.544968529270994,0.7516487437704258,15.032974875408517,LOW,False
3621,160,6,15390.139,0.0375,0.02648466156024186,0.027647536398883843,0.027647536398883843,1.4159138833887952,0.3984202527427666,0.735502203696412,17.8293981993442,LOW,False
3622,151,6,16920.848,0.039735099337748346,0.02697878549186579,0.027737629707891086,0.027737629707891086,1.4728275796450747,0.45989199438528483,0.7271759790762514,18.08972642886309,LOW,False
3623,184,5,18685.857,0.02717391304347826,0.027789820036344042,0.027817403888618444,0.027817403888618444,0.9778369564084874,-0.02214106662619878,0.7556145777105949,15.112291554211899,LOW,False
3624,159,0,15295.531,0.0,0.027416042316770094,0.02776047188242958,0.02776047188242958,0.0,-0.9875928058025021,0.7346003697263758,14.692007394527515,LOW,False
3625,145,3,15784.165,0.020689655172413793,0.027416042316770094,0.02776047188242958,0.02776047188242958,0.75465506411763,-0.24230089361750476,0.7213465784933099,14.426931569866197,LOW,False
3626,126,0,13512.609,0.0,0.02764197896676571,0.027679243175817946,0.027679243175817946,0.0,-0.998653712862901,0.7011664534630849,14.0233290692617,LOW,False
3627,100,2,10112.702,0.02,0.02764197896676571,0.027679243175817946,0.027679243175817946,0.7235371976820562,-0.2760906040032969,0.6680104684941067,13.360209369882133,LOW,False
3628,57,0,7054.014,0.0,0.02446890204368879,0.02353915650784006,0.02353915650784006,0.0,-1.0394978271859088,0.5877242918945924,4.114070043262147,LOW,False
3629,35,10,3379.26,0.2857142857142857,0.022574962649749394,0.02360577972050545,0.02360577972050545,12.656246220520654,11.147241318868916,0.5186924493521103,31.63084714546477,MEDIUM,False
3630,17,1,1333.396,0.058823529411764705,0.034479724554511294,0.058290005516982504,0.058290005516982504,1.7060324631876531,0.4176325708214415,0.4183636342904982,4.781880655901077,LOW,False
3631,22,15,2080.547,0.6818181818181818,0.033725576741539955,0.05783229203007042,0.05783229203007042,20.21665002331548,11.206413965741843,0.4538436109089882,31.17690527636292,MEDIUM,False
3632,13,2,1470.9459,0.15384615384615385,0.06213466765063086,0.14392660834320709,0.14392660834320709,2.4760115353186705,0.637210084023018,0.3819874078490358,6.54844213515476,LOW,False
3633,15,0,2637.6,0.0,0.06854492406088727,0.14446393622982848,0.14446393622982848,0.0,-0.47447775444688683,0.4013152602464483,2.8092068217251382,LOW,False
3634,36,0,4822.709,0.0,0.06854492406088727,0.14446393622982848,0.14446393622982848,0.0,-0.47447775444688683,0.5226582832922795,3.6586079830459566,LOW,False
3635,71,5,9385.95,0.07042253521126761,0.06854492406088727,0.14446393622982848,0.14446393622982848,1.027392417106079,0.012997092557364852,0.6190212644137224,4.405053945799515,LOW,False
3636,93,2,15621.315,0.021505376344086023,0.07009030747246786,0.14426913501268673,0.14426913501268673,0.3068238265687954,-0.33676594182192454,0.6576141327048699,4.603298928934089,LOW,False
3637,176,6,29324.965,0.03409090909090909,0.0700173725720761,0.14429428178426992,0.14429428178426992,0.4868921503133497,-0.24898050731407081,0.7492160161873449,14.9843203237469,LOW,False
3638,197,4,27252.807,0.02030456852791878,0.07143782711753065,0.14374179267447804,0.14374179267447804,0.2842271293402217,-0.35572993517208856,0.7654443093750529,15.30888618750106,LOW,False
3639,178,3,31455.531,0.016853932584269662,0.0719531629755061,0.14352624165460598,0.14352624165460598,0.2342347700546116,-0.38389655965375313,0.7508423690723203,15.016847381446407,LOW,False
3640,234,7,42830.93,0.029914529914529916,0.07100524515001568,0.1438239981374733,0.1438239981374733,0.42130028354001553,-0.28570138341036416,0.7902416120615733,15.804832241231468,LOW,False
3641,198,11,31519.15,0.05555555555555555,0.07066135310765036,0.1439157658286204,0.1439157658286204,0.7862226395653421,-0.10496277086197271,0.7661734992494772,15.323469984989547,LOW,False
3642,208,9,45224.945,0.04326923076923077,0.0713095012557985,0.14380666070980994,0.14380666070980994,0.6067807235674972,-0.194985895285829,0.7732702089759699,15.465404179519398,LOW,False
3643,189,3,36503.29,0.015873015873015872,0.07082580050532947,0.14388383436831714,0.14388383436831714,0.22411346938212814,-0.3819246607763051,0.7594746433713426,15.189492867426853,LOW,False
3644,215,5,32284.314,0.023255813953488372,0.06851098569051466,0.14431994553334385,0.14431994553334385,0.33944649488101203,-0.3135753105350949,0.7780386740281655,15.560773480563311,LOW,False
3645,218,8,34365.418,0.03669724770642202,0.06901442859034575,0.14413218537529687,0.14413218537529687,0.5317329789723928,-0.2242190444818069,0.7800351730461409,15.60070346092282,LOW,False
3646,201,2,31385.178,0.009950248756218905,0.06898098057811333,0.14413990967788076,0.14413990967788076,0.1442462643010902,-0.4095377328445287,0.7683392835557189,15.36678567111438,LOW,False
3647,198,1,31416.764,0.005050505050505051,0.06773994513721628,0.14453035691350297,0.14453035691350297,0.07455726514502752,-0.4337458332316231,0.7661734992494772,15.323469984989547,LOW,False
3648,219,9,28751.887,0.0410958904109589,0.06681813647084239,0.14487048533519475,0.14487048533519475,0.6150409541710584,-0.17755339191670771,0.7806945996260943,15.61389199252189,LOW,False
3649,184,2,27137.494,0.010869565217391304,0.06853046523796567,0.14428807596255214,0.14428807596255214,0.1586092430519441,-0.39962345908292113,0.7556145777105949,15.112291554211899,LOW,False
3650,135,8,15942.955,0.05925925925925926,0.06812129482317307,0.14444348106162558,0.14444348106162558,0.8699079988582487,-0.06135296310210702,0.711076748655853,14.22153497311706,LOW,False
3651,120,3,14307.764,0.025,0.07059043062564221,0.14373312343955677,0.14373312343955677,0.3541556522382039,-0.31718806030687896,0.6941613501691095,13.88322700338219,LOW,False
3652,69,6,12845.675,0.08695652173913043,0.07079876395897555,0.1436602123100028,0.1436602123100028,1.2282209021264483,0.11247204441886964,0.6149437022673513,4.903685783953385,LOW,False
3653,59,5,6214.737,0.0847457627118644,0.07442195236477266,0.1428914836235125,0.1428914836235125,1.1387199612352348,0.07224930475417769,0.5926313341559827,4.51255923733437,LOW,False
3654,45,3,4520.086,0.06666666666666667,0.06604826390633843,0.13567748415382833,0.13567748415382833,1.0093628919785866,0.004557887877896546,0.5541724259706003,3.903784573237992,LOW,False
3655,36,8,3744.504,0.2222222222222222,0.06637506129195934,0.13566877115942447,0.13566877115942447,3.347977657523341,1.1487327525590008,0.5226582832922795,10.472755126490354,LOW,False
3656,20,0,4189.689,0.0,0.04722522964212769,0.05109891238341167,0.05109891238341167,0.0,-0.9241924620191819,0.44067600240186683,3.084732016813068,LOW,False
3657,17,0,2227.95,0.0,0.040814973231871284,0.04659318900514924,0.04659318900514924,0.0,-0.8759858276144313,0.4183636342904982,2.9285454400334876,LOW,False
3658,44,0,4820.9297,0.0,0.040814973231871284,0.04659318900514924,0.04659318900514924,0.0,-0.8759858276144313,0.5509911136472015,3.8569377955304107,LOW,False
3659,103,1,12694.459,0.009708737864077669,0.040814973231871284,0.04659318900514924,0.04659318900514924,0.23787196450973988,-0.6676133579170962,0.6722471773128578,13.444943546257157,LOW,False
3660,189,4,23934.197,0.021164021164021163,0.03828523167573837,0.04656397233662284,0.04656397233662284,0.5527985658614404,-0.36769222324812856,0.7594746433713426,15.189492867426853,LOW,False
3661,223,4,29210.984,0.017937219730941704,0.03827100854323567,0.046569372471011866,0.046569372471011866,0.4686894966637109,-0.4366343743401563,0.7833026680954841,15.666053361909682,LOW,False
3662,238,0,40468.684,0.0,0.037597938153237025,0.04674880401629566,0.04674880401629566,0.0,-0.8042545460656313,0.7926846048043299,15.853692096086599,LOW,False
3663,259,3,34343.312,0.011583011583011582,0.036751914464573744,0.047256346132076625,0.047256346132076625,0.31516757022758063,-0.5326036594369288,0.8048746566695612,16.097493133391225,LOW,False
3664,264,7,38666.016,0.026515151515151516,0.03653229275618799,0.04736496509530798,0.04736496509530798,0.7258003676941484,-0.2114884117591967,0.8076317663918116,16.152635327836233,LOW,False
3665,252,13,41418.367,0.051587301587301584,0.036390651989547225,0.04739069114613211,0.04739069114613211,1.41759761825975,0.32066739754637796,0.8009242859935429,19.150467856818985,LOW,False
3666,234,5,37926.84,0.021367521367521368,0.03622530807420331,0.04732779929098583,0.04732779929098583,0.5898506459559294,-0.3139336062370386,0.7902416120615733,15.804832241231468,LOW,False
3667,257,8,31723.285,0.0311284046692607,0.03531273684913209,0.047397176388494854,0.047397176388494854,0.8815064321480302,-0.08828230917331793,0.8037569377259057,16.075138754518115,LOW,False
3668,269,8,45001.652,0.02973977695167286,0.03594837804897562,0.047227125823385736,0.047227125823385736,0.827291203824433,-0.13146260732700374,0.8103373383232568,16.206746766465137,LOW,False
3669,241,15,31490.607,0.06224066390041494,0.03621854317389997,0.04716987170114906,0.04716987170114906,1.7184750806119444,0.5516682532312478,0.7944901652307216,21.278366409204015,LOW,False
3670,226,7,30958.1,0.030973451327433628,0.03728285218198301,0.04746837017200493,0.04746837017200493,0.83076936217883,-0.1329180005904317,0.78522833575215,15.704566715043,LOW,False
3671,193,1,23274.441,0.0051813471502590676,0.03815881895578362,0.04713485903709244,0.04713485903709244,0.13578373995963902,-0.6996408280243964,0.762490250028163,15.24980500056326,LOW,False
3672,185,0,19517.023,0.0,0.03816427070994004,0.047130870535962426,0.047130870535962426,0.0,-0.8097510246669309,0.7563948700797809,15.12789740159562,LOW,False
3673,186,2,21196.977,0.010752688172043012,0.03645194194281675,0.04776203855135917,0.04776203855135917,0.2949825880034341,-0.5380686116054066,0.7571709785555715,15.14341957111143,LOW,False
3674,159,8,16406.871,0.050314465408805034,0.03644707206592724,0.047764766252074,0.047764766252074,1.3804803117735707,0.290326833584696,0.7346003697263758,17.545609732829295,LOW,False
3675,110,1,12271.543,0.00909090909090909,0.036074372322158314,0.04761368618500608,0.04761368618500608,0.252004636691214,-0.5667165345359572,0.6816756929067226,13.633513858134453,LOW,False
3676,59,0,7382.006,0.0,0.035411493534279526,0.047884540187187144,0.047884540187187144,0.0,-0.739518295379912,0.5926313341559827,4.148419339091879,LOW,False
3677,38,4,5564.929,0.10526315789473684,0.03178830512848243,0.047098137794765106,0.047098137794765106,3.3113800018366093,1.5600373222064212,0.5302781417424646,12.229482781671445,LOW,False
3678,25,5,1871.054,0.2,0.032643196594435445,0.048272738257952995,0.048272738257952995,6.1268509479887525,3.466900976515297,0.47158954718963364,24.59381860258186,LOW,False
3679,10,0,860.75,0.0,0.038198752149990994,0.058868268319968386,0.058868268319968386,0.0,-0.6488852694352791,0.34708067508455476,2.429564725591883,LOW,False
3680,9,1,1880.77,0.1111111111111111,0.02893949289073174,0.04435174292172409,0.04435174292172409,3.83942840776923,1.8527257962647188,0.33328510947992757,13.517170695411867,LOW,False
3681,21,0,1789.49,0.0,0.03356912252036137,0.04692410644234132,0.04692410644234132,0.0,-0.7153918330146557,0.4474094901461668,3.131866431023168,LOW,False
3682,31,1,3448.17,0.03225806451612903,0.03356912252036137,0.04692410644234132,0.04692410644234132,0.9609445256295538,-0.02793996739913038,0.5016440753080604,3.5115085271564226,LOW,False
3683,83,2,8397.61,0.024096385542168676,0.03491320854186675,0.04637958971882322,0.04637958971882322,0.6901796354028332,-0.23322377505439743,0.6413336325250909,4.489335427675637,LOW,False
3684,98,5,13122.08,0.05102040816326531,0.0355126938617872,0.046131965250588505,0.046131965250588505,1.4366808770360533,0.33615984528819254,0.6651154943134409,5.8020957624137255,LOW,False
3685,128,5,20339.08,0.0390625,0.03675670998675571,0.0461307696893737,0.0461307696893737,1.0627311316512038,0.04998377501113822,0.7034281226642937,14.539045940669904,LOW,False
3686,160,0,25007.623,0.0,0.03763692999796647,0.04595728193174714,0.04595728193174714,0.0,-0.8189546556269901,0.735502203696412,14.710044073928238,LOW,False
3687,196,3,37423.836,0.015306122448979591,0.03763692999796647,0.04595728193174714,0.04595728193174714,0.4066782930968754,-0.48590357415286634,0.7647114273842626,15.29422854768525,LOW,False
3688,208,4,29808.664,0.019230769230769232,0.03779205961738181,0.04587171681178284,0.04587171681178284,0.5088574008791087,-0.40463474394847215,0.7732702089759699,15.465404179519398,LOW,False
3689,203,5,40902.96,0.024630541871921183,0.03748854368886588,0.04597356196460447,0.04597356196460447,0.6570151691231598,-0.2796825233346985,0.769765343208684,15.39530686417368,LOW,False
3690,174,11,24733.645,0.06321839080459771,0.036365345367391694,0.04594341919218714,0.04594341919218714,1.7384240453628352,0.5844807789528316,0.7475711816240547,20.48960397270236,LOW,False
3691,184,12,26388.332,0.06521739130434782,0.038109131593936536,0.046143217975180714,0.046143217975180714,1.7113323913873815,0.5874809105206348,0.7556145777105949,20.44728448961726,LOW,False
3692,179,5,29044.305,0.027932960893854747,0.03952950603706517,0.04644268513945441,0.04644268513945441,0.7066357183331149,-0.24969583710307094,0.7516487437704258,15.032974875408517,LOW,False
3693,229,8,36210.38,0.034934497816593885,0.03945422203465609,0.04646070527992548,0.04646070527992548,0.8854438388344817,-0.09728057701300252,0.7871287203889158,15.742574407778317,LOW,False
3694,214,23,29810.766,0.10747663551401869,0.03831646511449687,0.04621211600123511,0.04621211600123511,2.8049726192867244,1.4965809052689427,0.777367007468166,35.29189610987554,MEDIUM,False
3695,216,21,35900.156,0.09722222222222222,0.04150409778893791,0.04827602590302928,0.04827602590302928,2.342472849708225,1.1541572321053057,0.7787072381911495,27.569656537951005,LOW,False
3696,224,5,33658.707,0.022321428571428572,0.04533913425026972,0.04891670144027824,0.04891670144027824,0.4923214556373181,-0.4705490149809705,0.783947408065517,15.678948161310341,LOW,False
3697,175,1,19601.717,0.005714285714285714,0.04626919377407924,0.048224485057437004,0.048224485057437004,0.12350087062651502,-0.8409609353317354,0.748395935331003,14.967918706620061,LOW,False
3698,126,3,16014.97,0.023809523809523808,0.046059260338339354,0.04839647971687899,0.04839647971687899,0.5169323961050446,-0.4597387384160427,0.7011664534630849,14.0233290692617,LOW,False
3699,120,8,12086.86,0.06666666666666667,0.04495488777170264,0.048597152985903405,0.048597152985903405,1.4829681480960286,0.44677059376836276,0.6941613501691095,17.505488114102405,LOW,False
3700,66,4,5606.754,0.06060606060606061,0.047353877670692525,0.04816898159280709,0.04816898159280709,1.2798542292043362,0.27511860324128146,0.608603540536682,4.994842135418157,LOW,False
3701,59,2,8279.39,0.03389830508474576,0.04987913019594505,0.04715651696920482,0.04715651696920482,0.679608985793853,-0.33888900492026236,0.5926313341559827,4.148419339091879,LOW,False
3702,44,3,5560.191,0.06818181818181818,0.04690559466219543,0.04574111624497806,0.04574111624497806,1.453596712137428,0.4651443879434987,0.5509911136472015,5.047629164891159,LOW,False
3703,32,2,5185.23,0.0625,0.04141317041977119,0.03257934983260585,0.03257934983260585,1.5091817256802362,0.6472452546958082,0.5060980846989978,4.879288622803604,LOW,False
3704,30,4,4144.515,0.13333333333333333,0.044017337086437854,0.031608588608377605,0.031608588608377605,3.029109486371327,2.82568757983781,0.49704864540372573,16.79313608134123,LOW,False
3705,31,0,5905.11,0.0,0.04494326301236378,0.033901752320189826,0.033901752320189826,0.0,-1.3256914447339143,0.5016440753080604,3.5115085271564226,LOW,False
3706,47,1,6719.07,0.02127659574468085,0.04494326301236378,0.033901752320189826,0.033901752320189826,0.47341012464599447,-0.6980956926403035,0.5603326698608914,3.9223286890262394,LOW,False
3707,104,0,19831.182,0.0,0.04448570181355344,0.034153575675929373,0.034153575675929373,0.0,-1.3025196025055117,0.6736322968201822,13.472645936403646,LOW,False
3708,146,1,24405.178,0.00684931506849315,0.043481685749296416,0.03511954436234961,0.03511954436234961,0.15752183822827018,-1.0430764790922373,0.7223345951892906,14.44669190378581,LOW,False
3709,215,4,32035.13,0.018604651162790697,0.04164122353701424,0.03585696107991038,0.03585696107991038,0.44678445017959934,-0.6424574665679147,0.7780386740281655,15.560773480563311,LOW,False
3710,220,5,25925.396,0.022727272727272728,0.040788813168797185,0.03616279225259205,0.03616279225259205,0.5571937735285405,-0.4994509360717259,0.7813510355990383,15.627020711980766,LOW,False
3711,208,7,34916.42,0.03365384615384615,0.04173578286576688,0.03533637331937859,0.03533637331937859,0.8063547355056371,-0.22871437990747528,0.7732702089759699,15.465404179519398,LOW,False
3712,205,3,25235.156,0.014634146341463415,0.042500271353469656,0.034935921188189646,0.034935921188189646,0.34433065661517726,-0.7976353296052946,0.7711774898627489,15.42354979725498,LOW,False
3713,255,2,37155.035,0.00784313725490196,0.042308745399748576,0.03508133306097963,0.03508133306097963,0.18537862989784068,-0.9824486454074383,0.8026305204928966,16.052610409857934,LOW,False
3714,282,1,38172.367,0.0035460992907801418,0.04160927020737278,0.0356124766036596,0.0356124766036596,0.08522378001601685,-1.0688156103325093,0.8171439105851144,16.34287821170229,LOW,False
3715,236,5,34945.656,0.0211864406779661,0.039122924727630376,0.0361176821812974,0.0361176821812974,0.5415351951691709,-0.49661226763195276,0.7914682624872543,15.829365249745086,LOW,False
3716,259,9,33399.41,0.03474903474903475,0.037288301784864475,0.03585187903835621,0.03585187903835621,0.9319017784590976,-0.07082660948155843,0.8048746566695612,16.097493133391225,LOW,False
3717,229,7,32051.799,0.03056768558951965,0.03757230486216364,0.03580150955725772,0.03580150955725772,0.8135696146845163,-0.19565150629867803,0.7871287203889158,15.742574407778317,LOW,False
3718,247,11,33490.77,0.044534412955465584,0.037390354352702215,0.035826586018922704,0.035826586018922704,1.1910668868065184,0.19940662498486617,0.798035090588562,17.393703462820127,LOW,False
3719,223,6,32390.984,0.026905829596412557,0.03476776174609584,0.03263460224943323,0.03263460224943323,0.7738729284013769,-0.2409078587688263,0.7833026680954841,15.666053361909682,LOW,False
3720,167,3,17739.322,0.017964071856287425,0.03183791205335377,0.029818750268291692,0.029818750268291692,0.5642352371029654,-0.4652723562267914,0.7416624475867031,14.833248951734063,LOW,False
3721,164,5,14869.628,0.03048780487804878,0.031656355523556216,0.029892386577107792,0.029892386577107792,0.963086381038465,-0.03909191534416783,0.7390543791173132,14.781087582346263,LOW,False
3722,153,5,18041.3,0.032679738562091505,0.032688585488713014,0.029380977569146347,0.029380977569146347,0.9997293573126753,-0.0003011106965616729,0.7290680829335906,14.581361658671813,LOW,False
3723,98,7,14018.695,0.07142857142857142,0.03305817777007,0.029320156567430294,0.029320156567430294,2.1606929433733324,1.3086694666946084,0.6651154943134409,9.053056353337995,LOW,False
3724,86,26,12280.241,0.3023255813953488,0.0332565904684827,0.02957250347977551,0.02957250347977551,9.090696825396549,9.098620653164554,0.6464128864474235,32.52489020513196,MEDIUM,False
3725,46,8,9037.869,0.17391304347826086,0.043328237168036375,0.062321003813436734,0.062321003813436734,4.0138499704889465,2.0953578780781723,0.5572853176432578,16.604544112628293,LOW,False
3726,19,4,2932.576,0.21052631578947367,0.0491621846010995,0.06771953101855269,0.06771953101855269,4.282281544192512,2.382830016117009,0.4336139245415396,17.70116784580803,LOW,False
3727,7,0,455.91998,0.0,0.055093205334751816,0.0752702061496285,0.0752702061496285,0.0,-0.7319390785941634,0.3009864451848362,2.1069051162938535,LOW,False
3728,19,0,1383.0499,0.0,0.05248903866808515,0.07607962954458551,0.07607962954458551,0.0,-0.689922374521088,0.4336139245415396,3.0352974717907775,LOW,False
3729,21,2,4584.0,0.09523809523809523,0.046933483112529595,0.07477650444386261,0.07477650444386261,2.0292143033524397,0.6459864964914165,0.4474094901461668,5.833553977323322,LOW,False
3730,26,0,3645.1,0.0,0.050901737080783556,0.07470456128136813,0.07470456128136813,0.0,-0.6813738841068441,0.47705222884332926,3.339365601903305,LOW,False
3731,70,0,11448.044,0.0,0.050015212258088526,0.07519603931577948,0.07519603931577948,0.0,-0.6651309392513857,0.6169968414284669,4.3189778899992675,LOW,False
3732,115,3,24638.934,0.02608695652173913,0.050015212258088526,0.07519603931577948,0.07519603931577948,0.5215804421087968,-0.3182116498964086,0.6880531069562045,13.761062139124089,LOW,False
3733,140,6,22338.443,0.04285714285714286,0.05081678065197378,0.07481747820064315,0.07481747820064315,0.843365957215124,-0.10638741088659814,0.7163027272577009,14.326054545154019,LOW,False
3734,161,12,30681.037,0.07453416149068323,0.051827301139238446,0.0745267074762779,0.0745267074762779,1.438125463844642,0.30468084691212816,0.7363984535193844,18.013910049222503,LOW,False
3735,212,4,29890.25,0.018867924528301886,0.05398592150438056,0.0743973618557404,0.0743973618557404,0.3494971281868532,-0.4720328261662549,0.77601425104291,15.520285020858202,LOW,False
3736,240,10,33750.64,0.041666666666666664,0.053369841436649544,0.07463389557704386,0.07463389557704386,0.7807155791557926,-0.15680777051094436,0.7938908108176181,15.877816216352365,LOW,False
3737,245,4,37843.625,0.0163265306122449,0.05449619645019967,0.0742267631616584,0.0742267631616584,0.29959027740889393,-0.5142305040949327,0.7968630689303519,15.937261378607037,LOW,False
3738,219,10,39692.273,0.045662100456621,0.0548496711734223,0.0740148343798292,0.0740148343798292,0.8324954275887586,-0.12413147707191424,0.7806945996260943,15.61389199252189,LOW,False
3739,220,0,32086.182,0.0,0.056604504555332336,0.07324080286326859,0.07324080286326859,0.0,-0.7728547796097465,0.7813510355990383,15.627020711980766,LOW,False
3740,239,2,51108.957,0.008368200836820083,0.05572173619375042,0.07381171041204905,0.07381171041204905,0.15017839371915756,-0.6415450216853439,0.7932889642792068,15.865779285584136,LOW,False
3741,229,6,35150.383,0.026200873362445413,0.054622534780741465,0.07433221050179085,0.07433221050179085,0.4796715031189505,-0.38235996516760795,0.7871287203889158,15.742574407778317,LOW,False
3742,262,2,32884.887,0.007633587786259542,0.05444058427128004,0.07439896663621805,0.07439896663621805,0.14021869692325506,-0.6291350350857489,0.8065352165719889,16.13070433143978,LOW,False
3743,194,0,27976.066,0.0,0.05290304988922979,0.07499152701203904,0.07499152701203904,0.0,-0.7054536958653582,0.76323443616078,15.264688723215603,LOW,False
3744,193,3,25054.525,0.015544041450777202,0.05178197365604594,0.07559574510147185,0.07559574510147185,0.30018248346473203,-0.47936470705628625,0.762490250028163,15.24980500056326,LOW,False
3745,148,2,15549.753,0.013513513513513514,0.05168113905581634,0.07564441322709692,0.07564441322709692,0.26147863147750544,-0.504566350825108,0.7242906233880599,14.4858124677612,LOW,False
3746,103,2,12767.198,0.019417475728155338,0.050973876915627374,0.07592999686758951,0.07592999686758951,0.38092993711848516,-0.4155986104214076,0.6722471773128578,13.444943546257157,LOW,False
3747,71,2,10086.292,0.028169014084507043,0.050421282630880034,0.07611695350958317,0.07611695350958317,0.5586730962543027,-0.2923431314624464,0.6190212644137224,4.333148850896056,LOW,False
3748,33,1,4557.596,0.030303030303030304,0.048618801074877344,0.07611006526161788,0.07611006526161788,0.6232780248192649,-0.24064847019758945,0.5104191185326289,3.5729338297284023,LOW,False
3749,21,0,2415.612,0.0,0.03728452811269741,0.0536162799811433,0.0536162799811433,0.0,-0.6953956545625746,0.4474094901461668,3.131866431023168,LOW,False
3750,32,3,3900.6812,0.09375,0.03003815130110321,0.04548328474499557,0.04548328474499557,3.121030953611211,1.400775011217871,0.5060980846989978,10.863783520200599,LOW,False
3751,9,0,1106.0,0.0,0.025172471476541808,0.02835780498189445,0.02835780498189445,0.0,-0.8876734815199422,0.33328510947992757,2.3329957663594927,LOW,False
3752,12,0,726.0,0.0,0.025172471476541808,0.02835780498189445,0.02835780498189445,0.0,-0.8876734815199422,0.3712607321280216,2.598825124896151,LOW,False
3753,20,0,15231.361,0.0,0.025172471476541808,0.02835780498189445,0.02835780498189445,0.0,-0.8876734815199422,0.44067600240186683,3.084732016813068,LOW,False
3754,15,2,1248.87,0.13333333333333333,0.02120421750828784,0.024532436483491838,0.024532436483491838,6.288057235840885,4.570647350926537,0.4013152602464483,28.930788982028737,LOW,False
3755,25,0,6861.3,0.0,0.026759773063843393,0.03311699232208759,0.03311699232208759,0.0,-0.8080375416820624,0.47158954718963364,3.3011268303274357,LOW,False
3756,54,0,5239.273,0.0,0.026759773063843393,0.03311699232208759,0.03311699232208759,0.0,-0.8080375416820624,0.5800369695028702,4.060258786520091,LOW,False
3757,121,3,14330.065,0.024793388429752067,0.025672816542104265,0.03356511292827021,0.03356511292827021,0.9657447747928277,-0.02620066001957349,0.6953526645809566,13.907053291619132,LOW,False
3758,119,1,16322.402,0.008403361344537815,0.02492016010762965,0.03336495366288964,0.03336495366288964,0.3372113705627843,-0.49503436839664294,0.6929601492175947,13.859202984351896,LOW,False
3759,151,0,22239.97,0.0,0.022164710101540253,0.031782616558354015,0.031782616558354015,0.0,-0.6973846870299384,0.7271759790762514,14.54351958152503,LOW,False
3760,186,2,33805.965,0.010752688172043012,0.021378546579527674,0.03209948581232662,0.03209948581232662,0.5029662859466743,-0.3310289289245934,0.7571709785555715,15.14341957111143,LOW,False
3761,185,2,43709.137,0.010810810810810811,0.02009046414225169,0.03186940201757038,0.03186940201757038,0.5381065730619384,-0.29117751648822204,0.7563948700797809,15.12789740159562,LOW,False
3762,178,5,23167.617,0.028089887640449437,0.019860642483858604,0.031917576725388454,0.031917576725388454,1.4143493929402844,0.25782800578481824,0.7508423690723203,18.124467828498542,LOW,False
3763,192,5,26128.045,0.026041666666666668,0.019128466949851455,0.031498770500856234,0.031498770500856234,1.3614089793468211,0.21947522417191778,0.7617422179553044,17.94541170420725,LOW,False
3764,185,7,24017.387,0.03783783783783784,0.020213536394295902,0.03125881131860517,0.03125881131860517,1.8719058901793837,0.5638186706431795,0.7563948700797809,21.667191577940997,LOW,False
3765,166,2,19184.81,0.012048192771084338,0.021441437936004972,0.031351945900635135,0.031351945900635135,0.5619116034588671,-0.29960644850214363,0.7407983024292605,14.81596604858521,LOW,False
3766,188,7,22801.799,0.03723404255319149,0.02085174291136493,0.0313916070437943,0.0313916070437943,1.7856561301116767,0.5218687790966444,0.758710821630753,21.06663740845264,LOW,False
3767,168,5,23513.041,0.02976190476190476,0.022085095193320425,0.031431160917586104,0.031431160917586104,1.3476013800885116,0.24424199884672634,0.7425214642560432,17.457439635784702,LOW,False
3768,134,2,14710.957,0.014925373134328358,0.02332517455839979,0.031107377856818993,0.031107377856818993,0.6398825911017021,-0.2700260196386217,0.7100085232616447,14.200170465232894,LOW,False
3769,135,5,14374.69,0.037037037037037035,0.023299396711881092,0.031114361773741675,0.031114361773741675,1.5896135636057345,0.4415208778844225,0.711076748655853,18.643636700160073,LOW,False
3770,104,3,8625.212,0.028846153846153848,0.02427954352536123,0.031163163484706977,0.031163163484706977,1.188084686024783,0.14653872746371327,0.6736322968201822,14.883281081589516,LOW,False
3771,62,0,6408.204,0.0,0.02467240511361117,0.031158635835317208,0.031158635835317208,0.0,-0.7918320058686869,0.5996934120163099,4.19785388411417,LOW,False
3772,57,0,4861.61,0.0,0.023498696193423377,0.031549293784146566,0.031549293784146566,0.0,-0.7448247924088687,0.5877242918945924,4.114070043262147,LOW,False
3773,30,0,2789.941,0.0,0.022236069930797117,0.0318698855665814,0.0318698855665814,0.0,-0.6977141441045445,0.49704864540372573,3.4793405178260803,LOW,False
3774,17,2,1281.894,0.11764705882352941,0.022236069930797117,0.0318698855665814,0.0318698855665814,5.29082068862301,2.9937662842686756,0.4183636342904982,22.151272933708942,LOW,False
3775,18,0,1393.941,0.0,0.023231780715110843,0.0344686883663263,0.0344686883663263,0.0,-0.6739966565657545,0.4261895338914151,2.9833267372399055,LOW,False
3776,6,0,1833.95,0.0,0.023231780715110843,0.0344686883663263,0.0344686883663263,0.0,-0.6739966565657545,0.2816585927874237,1.971610149511966,LOW,False
3777,4,0,164.43,0.0,0.023231780715110843,0.0344686883663263,0.0344686883663263,0.0,-0.6739966565657545,0.23295629441831542,1.6306940609282077,LOW,False
3778,26,2,5321.6997,0.07692307692307693,0.023231780715110843,0.0344686883663263,0.0344686883663263,3.3111141098643033,1.5576831829904803,0.47705222884332926,11.845904065880452,LOW,False
3779,25,0,3828.7861,0.0,0.020881353364683494,0.027939294579669934,0.027939294579669934,0.0,-0.7473829843892279,0.47158954718963364,3.3011268303274357,LOW,False
3780,68,6,6551.608,0.08823529411764706,0.020881353364683494,0.027939294579669934,0.027939294579669934,4.225554377470518,2.4107244569436537,0.6128610205234314,18.92902688365261,LOW,False
3781,76,4,7411.2607,0.05263157894736842,0.02455782395291879,0.030737333290716307,0.030737333290716307,2.1431694863629382,0.9133438717316714,0.6287392678719785,7.401994776806562,LOW,False
3782,67,0,7072.156,0.0,0.025717748557819466,0.03126730071127482,0.03126730071127482,0.0,-0.8225125921581643,0.610747933594241,4.275235535159687,LOW,False
3783,116,4,11892.756,0.034482758620689655,0.02536760850179706,0.03151568718397196,0.03151568718397196,1.3593224059038467,0.2892258089021875,0.6892955513569078,16.480829071417006,LOW,False
3784,166,7,20913.555,0.04216867469879518,0.026804390110992463,0.031092088044865508,0.031092088044865508,1.5732003050314445,0.49415415798489437,0.7407983024292605,19.114968336321045,LOW,False
3785,145,3,16630.484,0.020689655172413793,0.028113389549607137,0.031048204592629854,0.031048204592629854,0.7359359900700027,-0.2391034996901422,0.7213465784933099,14.426931569866197,LOW,False
3786,145,3,13271.515,0.020689655172413793,0.028525008064673927,0.0308738382845254,0.0308738382845254,0.7253163653978549,-0.25378616095775086,0.7213465784933099,14.426931569866197,LOW,False
3787,169,3,16273.5625,0.01775147928994083,0.028216665045172437,0.030915298798052604,0.030915298798052604,0.6291133010057088,-0.3385115513064627,0.7433754129509443,14.867508259018889,LOW,False
3788,207,3,21062.209,0.014492753623188406,0.027871240571142195,0.03098688850080253,0.03098688850080253,0.5199895421301829,-0.43174670304852647,0.7725759923744698,15.451519847489397,LOW,False
3789,150,5,16493.814,0.03333333333333333,0.02689852872886514,0.031026811524853787,0.031026811524853787,1.239225151283569,0.20739496868099525,0.7262205704328422,16.31860004328361,LOW,False
3790,176,11,18425.86,0.0625,0.027785409585625514,0.03088776781715785,0.03088776781715785,2.249381993358619,1.123894436783835,0.7492160161873449,25.90336573373448,LOW,False
3791,156,6,15706.944,0.038461538461538464,0.028838157812575867,0.031645093065249305,0.031645093065249305,1.3337030302527157,0.3041034080424431,0.7318606560601462,17.139985848098295,LOW,False
3792,176,6,20311.084,0.03409090909090909,0.029200642550060604,0.031705901734083504,0.031705901734083504,1.1674711963089435,0.15423836804463129,0.7492160161873449,16.240354296063973,LOW,False
3793,169,3,16780.355,0.01775147928994083,0.02999920654825147,0.03157179753642901,0.03157179753642901,0.591731626681156,-0.3879325288393428,0.7433754129509443,14.867508259018889,LOW,False
3794,128,0,12597.611,0.0,0.02919564164212246,0.0316302564012986,0.0316302564012986,0.0,-0.9230289274836171,0.7034281226642937,14.068562453285875,LOW,False
3795,129,1,12345.84,0.007751937984496124,0.027993718565199385,0.032187274187615536,0.032187274187615536,0.2769170507462702,-0.6288752648862557,0.7045458416079491,14.090916832158982,LOW,False
3796,66,2,5179.41,0.030303030303030304,0.028316715981220052,0.03193202821585158,0.03193202821585158,1.0701463518272245,0.06220445216894217,0.608603540536682,4.444358957303239,LOW,False
3797,33,1,2393.105,0.030303030303030304,0.029579342243846316,0.03135761431435393,0.03135761431435393,1.0244659956674507,0.02307854328231596,0.5104191185326289,3.63715706835546,LOW,False
3798,20,2,2710.267,0.1,0.03084196850647258,0.03071837311075759,0.03071837311075759,3.2423351959202518,2.251357233150744,0.44067600240186683,14.445549801138235,LOW,False
3799,8,1,2658.937,0.125,0.030106674388825524,0.02869476403359882,0.02869476403359882,4.151903275188553,3.306990972292488,0.31803481922888616,20.593075335751788,LOW,False
3800,4,0,642.87,0.0,0.03531500772215885,0.0338701149815361,0.0338701149815361,0.0,-1.0426598120912909,0.23295629441831542,1.6306940609282077,LOW,False
3801,10,0,913.78,0.0,0.03531500772215885,0.0338701149815361,0.0338701149815361,0.0,-1.0426598120912909,0.34708067508455476,2.429564725591883,LOW,False
3802,31,0,3441.45,0.0,0.03531500772215885,0.0338701149815361,0.0338701149815361,0.0,-1.0426598120912909,0.5016440753080604,3.5115085271564226,LOW,False
3803,47,1,6645.2837,0.02127659574468085,0.03210987951703065,0.033397876701679416,0.033397876701679416,0.6626183612241843,-0.32437043435773405,0.5603326698608914,3.9223286890262394,LOW,False
3804,110,2,13998.879,0.01818181818181818,0.032996404339725685,0.03278525073511302,0.03278525073511302,0.5510242265981802,-0.45186740457168667,0.6816756929067226,13.633513858134453,LOW,False
3805,111,2,14522.142,0.018018018018018018,0.03007750950906615,0.03070598978738669,0.03070598978738669,0.599052857504273,-0.39274068592317096,0.682973853033872,13.65947706067744,LOW,False
3806,177,4,22196.87,0.022598870056497175,0.028635277803676553,0.030412064335747176,0.030412064335747176,0.7891968156004986,-0.19848727401526697,0.7500314768453384,15.00062953690677,LOW,False
3807,176,3,25402.783,0.017045454545454544,0.02957689738936393,0.02983121625853073,0.02983121625853073,0.5763097569383397,-0.4200781736589709,0.7492160161873449,14.9843203237469,LOW,False
3808,200,10,32224.191,0.05,0.0288503430528958,0.029918755275267675,0.029918755275267675,1.7330816451065163,0.7069029694757241,0.7676209501511251,20.850531341321375,LOW,False
3809,204,3,32128.402,0.014705882352941176,0.029176648273779335,0.03011240443875249,0.03011240443875249,0.5040291885122787,-0.4805583011569587,0.7704731386726122,15.409462773452246,LOW,False
3810,186,5,24193.684,0.026881720430107527,0.028927324406301306,0.030210342917876314,0.030210342917876314,0.9292847154661777,-0.06771204093096662,0.7571709785555715,15.14341957111143,LOW,False
3811,213,12,34297.35,0.056338028169014086,0.02918532712537188,0.03016333692581685,0.03016333692581685,1.9303545211949111,0.9001888985433228,0.776692209584216,22.511503100646152,LOW,False
3812,194,8,29934.28,0.041237113402061855,0.030793099995333268,0.030553243949820324,0.030553243949820324,1.33916732671642,0.34182993543603757,0.76323443616078,17.80844367358875,LOW,False
3813,212,0,26783.256,0.0,0.03190744831945299,0.030420309331821407,0.030420309331821407,0.0,-1.0488863861116609,0.77601425104291,15.520285020858202,LOW,False
3814,226,1,34794.5,0.004424778761061947,0.030518559430564102,0.031105602648072342,0.031105602648072342,0.1449864883409459,-0.8388771940774221,0.78522833575215,15.704566715043,LOW,False
3815,218,14,28863.654,0.06422018348623854,0.02809875854560835,0.030766574357697918,0.030766574357697918,2.2855167562652237,1.1740476700680347,0.7800351730461409,27.417675008762433,LOW,False
3816,194,7,21908.639,0.03608247422680412,0.029172035421637526,0.03158226815475326,0.03158226815475326,1.2368857265283921,0.2188075527478081,0.76323443616078,17.041331672178543,LOW,False
3817,183,2,17082.842,0.01092896174863388,0.02925501730229982,0.031598366636279004,0.031598366636279004,0.3735756378368207,-0.5799684447178122,0.7548300560938245,15.09660112187649,LOW,False
3818,140,20,12055.918,0.14285714285714285,0.02897074573807869,0.03173674271763087,0.03173674271763087,4.931082691094613,3.5884715117848653,0.7163027272577009,76.16506862567444,HIGH,True
3819,105,7,13392.62,0.06666666666666667,0.03492312669045964,0.03869981827030889,0.03869981827030889,1.9089546951956848,0.8202503627920437,0.6750042870351083,20.317245954669804,LOW,False
3820,70,5,6497.375,0.07142857142857142,0.03737790705221675,0.038769835092393665,0.038769835092393665,1.9109837083383527,0.8782772558925624,0.6169968414284669,6.710310124387443,LOW,False
3821,21,2,1649.413,0.09523809523809523,0.03909147126578096,0.03934807061676315,0.03934807061676315,2.43628832976319,1.4269219072813841,0.4474094901461668,8.769906641007596,LOW,False
3822,19,0,2464.066,0.0,0.041797098971408674,0.040918658328975246,0.040918658328975246,0.0,-1.0214679727612521,0.4336139245415396,3.0352974717907775,LOW,False
3823,15,2,2964.16,0.13333333333333333,0.03763043230474201,0.0398106905648818,0.0398106905648818,3.543231506179941,2.403949785111583,0.4013152602464483,15.627469835310661,LOW,False
3824,4,0,281.45,0.0,0.03797765452696423,0.040633679167777555,0.040633679167777555,0.0,-0.9346348965879627,0.23295629441831542,1.6306940609282077,LOW,False
3825,23,0,3077.81,0.0,0.03797765452696423,0.040633679167777555,0.040633679167777555,0.0,-0.9346348965879627,0.46000385479927935,3.2200269835949555,LOW,False
3826,32,0,2357.734,0.0,0.03797765452696423,0.040633679167777555,0.040633679167777555,0.0,-0.9346348965879627,0.5060980846989978,3.542686592892984,LOW,False
3827,59,1,7268.321,0.01694915254237288,0.03797765452696423,0.040633679167777555,0.040633679167777555,0.4462927675098772,-0.517514101978413,0.5926313341559827,4.148419339091879,LOW,False
3828,101,4,8934.414,0.039603960396039604,0.03779734439353472,0.040720520172497957,0.040720520172497957,1.0477974321077939,0.04436623095313611,0.6694365281470719,13.747211303749893,LOW,False
3829,95,3,17280.215,0.031578947368421054,0.038689933652460616,0.04050607650094373,0.04050607650094373,0.816205777246472,-0.17555356870650968,0.6606614849225034,4.624630394457523,LOW,False
3830,160,0,20420.316,0.0,0.039254972375394076,0.04029923235337464,0.04029923235337464,0.0,-0.9740873481454017,0.735502203696412,14.710044073928238,LOW,False
3831,147,2,23802.645,0.013605442176870748,0.0383133527897067,0.040963873014133456,0.040963873014133456,0.3551096729004098,-0.6031634412183429,0.7233159134155036,14.466318268310072,LOW,False
3832,163,4,21196.229,0.024539877300613498,0.0381700189410157,0.04104745864305539,0.04104745864305539,0.6429097491026944,-0.33205811251138734,0.7381744743775209,14.76348948755042,LOW,False
3833,155,5,24557.953,0.03225806451612903,0.03710918049520793,0.0410574263983646,0.0410574263983646,0.8692745052749051,-0.11815440968000195,0.7309357718656888,14.618715437313776,LOW,False
3834,190,0,24962.396,0.0,0.0378405214186741,0.04079651038251924,0.04079651038251924,0.0,-0.9275430928741458,0.7602344555305266,15.204689110610534,LOW,False
3835,207,5,33071.85,0.024154589371980676,0.03672044973408629,0.04147386356345213,0.04147386356345213,0.6577966649890682,-0.30298263249288837,0.7725759923744698,15.451519847489397,LOW,False
3836,200,4,33607.016,0.02,0.03537947311754323,0.041332041196798765,0.041332041196798765,0.5652995434260105,-0.37209565925658644,0.7676209501511251,15.352419003022503,LOW,False
3837,173,5,24936.338,0.028901734104046242,0.034494593392457314,0.04142840310650182,0.04142840310650182,0.8378627275069135,-0.13500060028945027,0.7467417015090355,14.93483403018071,LOW,False
3838,187,11,21268.39,0.058823529411764705,0.03569883231345924,0.04079737200593082,0.04079737200593082,1.6477718065189195,0.5668183013097945,0.7579429477664821,20.017147504221537,LOW,False
3839,202,0,26311.135,0.0,0.03796544692390519,0.0404943217312235,0.0404943217312235,0.0,-0.9375498909673452,0.7690540696204041,15.381081392408083,LOW,False
3840,192,0,21929.953,0.0,0.035289605945311914,0.04080462095336616,0.04080462095336616,0.0,-0.8648433711868782,0.7617422179553044,15.23484435910609,LOW,False
3841,145,3,14922.1045,0.020689655172413793,0.033786169519195074,0.041434008840652944,0.041434008840652944,0.612370548861992,-0.3160812750981422,0.7213465784933099,14.426931569866197,LOW,False
3842,145,4,12877.055,0.027586206896551724,0.03419286507851924,0.04124738207675072,0.04124738207675072,0.806782550488348,-0.16017157572992716,0.7213465784933099,14.426931569866197,LOW,False
3843,98,2,9676.892,0.02040816326530612,0.02938990941349461,0.034143591683770166,0.034143591683770166,0.6943935409319619,-0.26305803535185424,0.6651154943134409,4.655808460194086,LOW,False
3844,57,5,5641.354,0.08771929824561403,0.027462471771771257,0.03324154444458966,0.03324154444458966,3.1941516034904374,1.8126963557389726,0.5877242918945924,13.429264558782549,LOW,False
3845,30,4,2033.595,0.13333333333333333,0.02814125205581469,0.03432695465532972,0.03432695465532972,4.738002881637361,3.064416355418996,0.49704864540372573,22.32341963708226,LOW,False
3846,16,1,1552.1329,0.0625,0.029728553643116284,0.03822401631371688,0.03822401631371688,2.1023558949519234,0.8573522491178803,0.41009030347101677,5.764316348545917,LOW,False
3847,10,0,1213.028,0.0,0.03233272030978295,0.03823960791504896,0.03823960791504896,0.0,-0.8455295980442992,0.34708067508455476,2.429564725591883,LOW,False
3848,10,0,510.82,0.0,0.026777164754227395,0.0321245506422171,0.0321245506422171,0.0,-0.8335420797773795,0.34708067508455476,2.429564725591883,LOW,False
3849,14,3,3318.8,0.21428571428571427,0.026777164754227395,0.0321245506422171,0.0321245506422171,8.002554275350766,5.8369236544298575,0.3919737040327585,30.74381592822931,MEDIUM,False
3850,28,1,2757.282,0.03571428571428571,0.03570573618279882,0.04946007156862251,0.04946007156862251,1.0002394442014337,0.00017285724051229585,0.4873954768329804,3.4123968788596266,LOW,False
3851,55,6,8048.374,0.10909090909090909,0.03719383142089406,0.04887287139740181,0.04887287139740181,2.933037681878238,1.4711040218078373,0.5826450379722601,11.213819276145482,LOW,False
3852,105,2,11974.122,0.01904761904761905,0.04103307127708307,0.05079473282298921,0.05079473282298921,0.46420164162211097,-0.4328293704404252,0.6750042870351083,13.500085740702167,LOW,False
3853,171,1,28057.828,0.005847953216374269,0.04017655705423221,0.050992805652810835,0.050992805652810835,0.14555635537610717,-0.673204845240079,0.7450683431730747,14.901366863461494,LOW,False
3854,160,4,21320.621,0.025,0.03910443229789693,0.051449878761531335,0.051449878761531335,0.6393137179322897,-0.27413927180024183,0.735502203696412,14.710044073928238,LOW,False
3855,156,3,35162.902,0.019230769230769232,0.040146098964563594,0.05087358898104918,0.05087358898104918,0.4790196239924573,-0.4111235348775077,0.7318606560601462,14.637213121202924,LOW,False
3856,175,2,23188.186,0.011428571428571429,0.040380487591809365,0.05075882160474692,0.05075882160474692,0.2830221255398996,-0.5703819601779404,0.748395935331003,14.967918706620061,LOW,False
3857,191,2,34218.438,0.010471204188481676,0.03983418318047428,0.0510066743616641,0.0510066743616641,0.2628698106106616,-0.5756693483639741,0.7609902999841155,15.219805999682311,LOW,False
3858,176,10,30689.764,0.056818181818181816,0.03892639733348897,0.051340156431249825,0.051340156431249825,1.4596311426256823,0.348494935122606,0.7492160161873449,18.431553893439517,LOW,False
3859,196,1,30938.377,0.00510204081632653,0.041293821575913214,0.05077401211185263,0.05077401211185263,0.12355458084563825,-0.7128012787301107,0.7647114273842626,15.29422854768525,LOW,False
3860,183,10,21832.32,0.0546448087431694,0.04049996538609429,0.05120078708927185,0.05120078708927185,1.3492556900291022,0.2762622248836267,0.7548300560938245,17.71601879709476,LOW,False
3861,185,14,24322.645,0.07567567567567568,0.041943499083726354,0.051085942434122976,0.051085942434122976,1.804228958690694,0.6603025212943481,0.7563948700797809,21.159614591775824,LOW,False
3862,184,2,22903.982,0.010869565217391304,0.04389241331587757,0.05145762483502094,0.05145762483502094,0.24764109321506286,-0.6417483940302592,0.7556145777105949,15.112291554211899,LOW,False
3863,196,5,31253.162,0.025510204081632654,0.04189433147444535,0.05178263888090124,0.05178263888090124,0.6089177982752472,-0.31640193985663373,0.7647114273842626,15.29422854768525,LOW,False
3864,163,1,19571.156,0.006134969325153374,0.04295725664451338,0.051143169904191606,0.051143169904191606,0.14281566851259692,-0.7199844551743774,0.7381744743775209,14.76348948755042,LOW,False
3865,155,2,15896.2295,0.012903225806451613,0.043212880366394764,0.05093403011306224,0.05093403011306224,0.2985967539550089,-0.5950767000502896,0.7309357718656888,14.618715437313776,LOW,False
3866,95,2,10665.356,0.021052631578947368,0.042888445809479675,0.05110823469831052,0.05110823469831052,0.49086953797458627,-0.4272464967617856,0.6606614849225034,4.624630394457523,LOW,False
3867,87,2,11455.057,0.022988505747126436,0.042616213504579496,0.05121058554744434,0.05121058554744434,0.5394309784152014,-0.38327442554369656,0.648067120269391,4.536469841885736,LOW,False
3868,56,0,4050.303,0.0,0.04272372777465535,0.05116462163037288,0.05116462163037288,0.0,-0.8350247966906345,0.5852069435058582,4.096448604541007,LOW,False
3869,37,0,3906.3691,0.0,0.039068757014421425,0.05094324622817469,0.05094324622817469,0.0,-0.7669074883730916,0.5265183489530272,3.68562844267119,LOW,False
3870,21,4,1033.253,0.19047619047619047,0.033513201458865875,0.047360663561839954,0.047360663561839954,5.68361666998544,3.3142058664861027,0.4474094901461668,23.756517096899863,LOW,False
3871,18,1,3399.597,0.05555555555555555,0.03884554272870714,0.05699141015709389,0.05699141015709389,1.4301655132880815,0.2932023050629581,0.4261895338914151,4.112511209621119,LOW,False
3872,9,0,2638.877,0.0,0.04116035754352196,0.05647089540666626,0.05647089540666626,0.0,-0.7288773667764983,0.33328510947992757,2.3329957663594927,LOW,False
3873,8,1,1022.836,0.125,0.04116035754352196,0.05647089540666626,0.05647089540666626,3.0369026767522134,1.4846522594111542,0.31803481922888616,9.693466896000562,LOW,False
3874,59,0,5808.575,0.0,0.03744011944828386,0.04665817372317116,0.04665817372317116,0.0,-0.8024343102329898,0.5926313341559827,4.148419339091879,LOW,False
3875,42,0,4080.915,0.0,0.03595202421018862,0.04728098101539545,0.04728098101539545,0.0,-0.7603908260381075,0.5444107130498506,3.810874991348954,LOW,False
3876,97,5,12707.396,0.05154639175257732,0.031406569664734076,0.04513924379917824,0.04513924379917824,1.641261439973749,0.4461710120232428,0.6636460006364596,6.328833284386309,LOW,False
3877,157,0,27386.834,0.0,0.03276068519410733,0.04523972008528629,0.04523972008528629,0.0,-0.7241575573930745,0.7327796679344233,14.655593358688465,LOW,False
3878,179,3,26485.889,0.01675977653631285,0.03251702047675841,0.04540641819223207,0.04540641819223207,0.5154155051903333,-0.34702679858463803,0.7516487437704258,15.032974875408517,LOW,False
3879,189,2,31836.44,0.010582010582010581,0.03217367783243811,0.045496794258658324,0.045496794258658324,0.3289027333810622,-0.4745755739992274,0.7594746433713426,15.189492867426853,LOW,False
3880,165,2,25776.639,0.012121212121212121,0.031813312888739835,0.045637801418816355,0.045637801418816355,0.38101068453962755,-0.4314866219521413,0.7399289671797024,14.798579343594048,LOW,False
3881,166,2,35133.156,0.012048192771084338,0.031842172917599866,0.04562456731444929,0.04562456731444929,0.3783721921949943,-0.43384477512067887,0.7407983024292605,14.81596604858521,LOW,False
3882,195,9,26850.594,0.046153846153846156,0.03190788077520831,0.04559357601851236,0.04559357601851236,1.4464716876373263,0.3124555391938013,0.7639748156980716,18.62803397124138,LOW,False
3883,195,4,33024.574,0.020512820512820513,0.03146353345586098,0.045391768918727995,0.045391768918727995,0.6519553991479432,-0.24124886964963294,0.7639748156980716,15.279496313961433,LOW,False
3884,191,11,26736.266,0.05759162303664921,0.032105649276548236,0.04511077480586324,0.04511077480586324,1.793815865257002,0.5649642212926136,0.7609902999841155,21.173424989109826,LOW,False
3885,170,9,23628.895,0.052941176470588235,0.032228433205443226,0.04517874904924838,0.04517874904924838,1.6426853931467797,0.4584620800935965,0.7442243531203013,19.704627511006876,LOW,False
3886,191,6,18910.297,0.031413612565445025,0.03128116240523126,0.04446081055907567,0.04446081055907567,1.0042341828125803,0.002979031613420021,0.7609902999841155,15.251562370776664,LOW,False
3887,209,2,28398.273,0.009569377990430622,0.032137164378066824,0.0442479982530955,0.0442479982530955,0.2977667188633977,-0.5100295443547529,0.7739611118817943,15.479222237635886,LOW,False
3888,142,5,15194.738,0.035211267605633804,0.03147296329093341,0.044470881289839316,0.044470881289839316,1.1187782758218165,0.0840618446559664,0.7183414072125762,15.25766521291515,LOW,False
3889,147,2,21038.994,0.013605442176870748,0.03268447571928676,0.04414546024529571,0.04414546024529571,0.41626618990991865,-0.4321856298791026,0.7233159134155036,14.466318268310072,LOW,False
3890,103,2,11543.28,0.019417475728155338,0.03271373473472089,0.044132010128125135,0.044132010128125135,0.5935572897932225,-0.30128378399179023,0.6722471773128578,13.444943546257157,LOW,False
3891,92,2,15088.214,0.021739130434782608,0.03264560324093788,0.04415205302429076,0.04415205302429076,0.665912964583284,-0.24702073989979476,0.6560660550181688,4.592462385127182,LOW,False
3892,57,2,4969.315,0.03508771929824561,0.0325935459362569,0.044164668970810936,0.044164668970810936,1.0765235352688094,0.05647440409068043,0.5877242918945924,4.314944323342772,LOW,False
3893,26,4,3927.36,0.15384615384615385,0.03405553424035047,0.04361616049264286,0.04361616049264286,4.517508160652206,2.7464732854238645,0.47705222884332926,20.21364514734475,LOW,False
3894,29,6,2775.667,0.20689655172413793,0.040465790650606875,0.049325148947535286,0.049325148947535286,5.1128755523533815,3.374156279802727,0.4923025190943706,24.333051357797522,LOW,False
3895,14,5,1861.844,0.35714285714285715,0.04114997236927135,0.05155965771917456,0.05155965771917456,8.67905460392369,6.128684687836299,0.3919737040327585,30.74381592822931,MEDIUM,False
3896,8,0,1239.1,0.0,0.05371610993540891,0.0826194407786778,0.0826194407786778,0.0,-0.6501630781949302,0.31803481922888616,2.226243734602203,LOW,False
3897,15,0,4402.77,0.0,0.05371610993540891,0.0826194407786778,0.0826194407786778,0.0,-0.6501630781949302,0.4013152602464483,2.8092068217251382,LOW,False
3898,28,0,3182.12,0.0,0.04850777660207558,0.08186689666306947,0.08186689666306947,0.0,-0.5925200365382564,0.4873954768329804,3.411768337830863,LOW,False
3899,82,3,11183.259,0.036585365853658534,0.04850777660207558,0.08186689666306947,0.08186689666306947,0.7542165074639413,-0.14563164397796574,0.6396001521180903,4.477201064826632,LOW,False
3900,104,2,13272.586,0.019230769230769232,0.05003216684597802,0.08126278114989428,0.08126278114989428,0.38436810642182195,-0.37903449991938726,0.6736322968201822,13.472645936403646,LOW,False
3901,139,11,21949.592,0.07913669064748201,0.04868568257423602,0.08150396937399254,0.08150396937399254,1.6254612539695676,0.37361380442119585,0.7152725173289632,18.996409751351024,LOW,False
3902,188,10,28844.348,0.05319148936170213,0.051983044684547765,0.08104820289431777,0.08104820289431777,1.0232469006863227,0.014910197067911624,0.758710821630753,15.348568187762481,LOW,False
3903,212,5,28171.14,0.02358490566037736,0.05350103271893899,0.08070023334929882,0.08070023334929882,0.4408308487104861,-0.370706822235249,0.77601425104291,15.520285020858202,LOW,False
3904,206,5,34481.23,0.024271844660194174,0.05404282001387093,0.08044280269752635,0.08044280269752635,0.44912246722070437,-0.3700887382755527,0.7718784301378744,15.43756860275749,LOW,False
3905,238,8,50771.01,0.03361344537815126,0.054549096369661855,0.08020537817308207,0.08020537817308207,0.61620535655373,-0.2610255255742546,0.7926846048043299,15.853692096086599,LOW,False
3906,239,5,33698.676,0.02092050209205021,0.055447648561622986,0.07982844621903572,0.07982844621903572,0.3773018808687575,-0.4325168295877405,0.7932889642792068,15.865779285584136,LOW,False
3907,219,5,32432.945,0.0228310502283105,0.05439625922571482,0.08012180347104858,0.08012180347104858,0.41971728485177795,-0.3939652832304277,0.7806945996260943,15.61389199252189,LOW,False
3908,240,7,39364.58,0.029166666666666667,0.054492852130526896,0.0800805651608113,0.0800805651608113,0.535238394143945,-0.31625882525931526,0.7938908108176181,15.877816216352365,LOW,False
3909,258,10,29202.57,0.03875968992248062,0.05330847894844429,0.08024277743792882,0.08024277743792882,0.7270830210699859,-0.18130963920357532,0.8043168760797031,16.086337521594064,LOW,False
3910,224,10,26434.393,0.044642857142857144,0.05271758367560647,0.08029779605767716,0.08029779605767716,0.8468304886195747,-0.10055975293455535,0.783947408065517,15.678948161310341,LOW,False
3911,223,5,27597.225,0.02242152466367713,0.053268802199665316,0.08019052828391103,0.08019052828391103,0.4209128746622728,-0.38467482626844357,0.7833026680954841,15.666053361909682,LOW,False
3912,200,4,29962.697,0.02,0.053804308311050576,0.07992850377476997,0.07992850377476997,0.3717174447142239,-0.422931829254649,0.7676209501511251,15.352419003022503,LOW,False
3913,185,11,24195.1,0.05945945945945946,0.05317050549414917,0.08014237347803806,0.08014237347803806,1.1182789952223102,0.07847226994136496,0.7563948700797809,16.014989865762946,LOW,False
3914,137,6,23963.45,0.043795620437956206,0.05508108954759037,0.07970351292416762,0.07970351292416762,0.7951117306805732,-0.1415931204986097,0.7131898355850435,14.263796711700868,LOW,False
3915,99,6,8265.857,0.06060606060606061,0.056096845577165405,0.07938394744676353,0.07938394744676353,1.08038268431141,0.05680260523601668,0.6665702189598551,4.876996079036438,LOW,False
3916,65,12,4556.315,0.18461538461538463,0.05771630100096866,0.07904830464612211,0.07904830464612211,3.1986697243866375,1.6053359294991694,0.6064268997606098,12.664841016398057,LOW,False
3917,23,5,2717.363,0.21739130434782608,0.06394662038918279,0.08298200757073602,0.08298200757073602,3.3995745674246765,1.8491319799396642,0.46000385479927935,13.23386263532076,LOW,False
3918,28,2,2458.665,0.07142857142857142,0.06659433499341912,0.08689659217993535,0.08689659217993535,1.0725923073731427,0.05563206005987133,0.4873954768329804,3.6023231446853625,LOW,False
3919,8,0,836.82,0.0,0.060949835814437185,0.0816267796972183,0.0816267796972183,0.0,-0.7466892120517435,0.31803481922888616,2.226243734602203,LOW,False
3920,9,0,2265.95,0.0,0.04606888343348481,0.052716372969261224,0.052716372969261224,0.0,-0.8739008554391148,0.33328510947992757,2.3329957663594927,LOW,False
3921,4,0,239.5,0.0,0.04606888343348481,0.052716372969261224,0.052716372969261224,0.0,-0.8739008554391148,0.23295629441831542,1.6306940609282077,LOW,False
3922,23,0,1897.216,0.0,0.04606888343348481,0.052716372969261224,0.052716372969261224,0.0,-0.8739008554391148,0.46000385479927935,3.2200269835949555,LOW,False
3923,41,1,4186.785,0.024390243902439025,0.04606888343348481,0.052716372969261224,0.052716372969261224,0.5294298903001232,-0.4112316214108004,0.541004817463479,3.787033722244353,LOW,False
3924,91,3,15542.8545,0.03296703296703297,0.04556075335218399,0.052870307733296346,0.052870307733296346,0.7235840178541004,-0.23820024745609392,0.6545012410322124,4.581508687225487,LOW,False
3925,108,2,13464.594,0.018518518518518517,0.04613309767452831,0.0526467592513724,0.0526467592513724,0.4014150241799877,-0.5245257172271233,0.679043913423446,13.580878268468922,LOW,False
3926,119,4,11600.6,0.03361344537815126,0.043607340502488164,0.05244827266285022,0.05244827266285022,0.7708208065619899,-0.19054765041701185,0.6929601492175947,13.859202984351896,LOW,False
3927,178,7,25633.12,0.03932584269662921,0.04279158866984021,0.052444977886735945,0.052444977886735945,0.9190087098670007,-0.06608346714714759,0.7508423690723203,15.016847381446407,LOW,False
3928,208,19,28341.006,0.09134615384615384,0.043447461046350715,0.05229254328111496,0.05229254328111496,2.102450906134739,0.9159755826429915,0.7732702089759699,23.73378597552994,LOW,False
3929,166,2,20345.24,0.012048192771084338,0.046242223929099026,0.053010604198802984,0.053010604198802984,0.2605452711261736,-0.6450413398379415,0.7407983024292605,14.81596604858521,LOW,False
3930,217,9,24226.244,0.041474654377880185,0.04534367173713791,0.05341520050597695,0.05341520050597695,0.9146734878091296,-0.07243289031227722,0.7793727284850581,15.587454569701165,LOW,False
3931,217,16,23124.402,0.07373271889400922,0.046200094749047495,0.053170807153828464,0.053170807153828464,1.5959430233750627,0.5178146734787584,0.7793727284850581,20.057027245014133,LOW,False
3932,191,1,25425.652,0.005235602094240838,0.04832099761011827,0.05321330110109785,0.05321330110109785,0.1083504553545169,-0.8096734204484175,0.7609902999841155,15.219805999682311,LOW,False
3933,202,18,23199.857,0.0891089108910891,0.047323869919600525,0.053808709134048234,0.053808709134048234,1.8829590868726085,0.7765479165722727,0.7690540696204041,22.003274543952646,LOW,False
3934,183,5,20752.74,0.0273224043715847,0.04942175412662588,0.05443811514160697,0.05443811514160697,0.5528416555507244,-0.40595361719551315,0.7548300560938245,15.09660112187649,LOW,False
3935,178,3,17910.229,0.016853932584269662,0.04870006859448953,0.054618732344422716,0.054618732344422716,0.34607615698875427,-0.5830625253145733,0.7508423690723203,15.016847381446407,LOW,False
3936,166,6,17527.744,0.03614457831325301,0.04846808559118088,0.05474687171840917,0.05474687171840917,0.7457397558080936,-0.2250997525724191,0.7407983024292605,14.81596604858521,LOW,False
3937,131,6,17593.238,0.04580152671755725,0.04914077635423309,0.05448040564140328,0.05448040564140328,0.9320472755130131,-0.06129267206002816,0.7067557148222219,14.135114296444437,LOW,False
3938,88,2,8370.1455,0.022727272727272728,0.0485716958233205,0.05443925161494291,0.05443925161494291,0.46791186393703776,-0.47473876530943704,0.6497026617837264,4.547918632486084,LOW,False
3939,90,4,9285.31,0.044444444444444446,0.04769384800204202,0.05468890960738613,0.05468890960738613,0.9318695451568837,-0.05941613356209102,0.6529193249154452,4.5704352744081165,LOW,False
3940,56,1,5722.541,0.017857142857142856,0.04702044732864136,0.05462246604568405,0.05462246604568405,0.3797739892250156,-0.5339067710181279,0.5852069435058582,4.096448604541007,LOW,False
3941,41,3,4929.463,0.07317073170731707,0.04007218725538128,0.04633646758816693,0.04633646758816693,1.8259729932134163,0.7143087545237966,0.541004817463479,5.955212829429571,LOW,False
3942,36,4,5151.0107,0.1111111111111111,0.0340629967286934,0.028106447284626683,0.028106447284626683,3.2619300056332166,2.7412968135805813,0.5226582832922795,17.21434780724819,LOW,False
3943,25,0,1991.0599,0.0,0.03571643588213255,0.03137707402365438,0.03137707402365438,0.0,-1.1382972120092152,0.47158954718963364,3.3011268303274357,LOW,False
3944,12,3,714.476,0.25,0.03571643588213255,0.03137707402365438,0.03137707402365438,6.999578592472734,6.829303585041885,0.3712607321280216,30.59882512489615,MEDIUM,False
3945,9,0,1329.35,0.0,0.04613310254879922,0.05303058723647436,0.05303058723647436,0.0,-0.8699338429552396,0.33328510947992757,2.3329957663594927,LOW,False
3946,24,0,4095.076,0.0,0.04613310254879922,0.05303058723647436,0.05303058723647436,0.0,-0.8699338429552396,0.46591258883663084,3.2613881218564154,LOW,False
3947,43,0,5370.354,0.0,0.04613310254879922,0.05303058723647436,0.05303058723647436,0.0,-0.8699338429552396,0.5477383052077789,3.8341681364544518,LOW,False
3948,91,1,9495.311,0.01098901098901099,0.04511684238619759,0.05369491823427684,0.05369491823427684,0.24356782096906704,-0.6355877338016069,0.6545012410322124,4.581508687225487,LOW,False
3949,169,4,15296.2705,0.023668639053254437,0.04420109147044668,0.054097047347485716,0.054097047347485716,0.535476348340392,-0.3795484859886079,0.7433754129509443,14.867508259018889,LOW,False
3950,209,4,18800.229,0.019138755980861243,0.04441567982606068,0.05400087121777354,0.05400087121777354,0.4309008903119766,-0.4680836304152058,0.7739611118817943,15.479222237635886,LOW,False
3951,231,3,26303.236,0.012987012987012988,0.04381256776784026,0.05420719865266607,0.05420719865266607,0.2964220918488563,-0.5686616454457046,0.7883819220178166,15.767638440356336,LOW,False
3952,223,7,25565.273,0.03139013452914798,0.04271511652993958,0.054567408419436414,0.054567408419436414,0.7348717990069447,-0.20754113726166523,0.7833026680954841,15.666053361909682,LOW,False
3953,191,1,22789.975,0.005235602094240838,0.04021694905839767,0.053608218329557554,0.053608218329557554,0.13018397011266064,-0.652537018654646,0.7609902999841155,15.219805999682311,LOW,False
3954,217,5,24839.701,0.02304147465437788,0.03993309111352919,0.053781614226854534,0.053781614226854534,0.5770020304431557,-0.31407790007754904,0.7793727284850581,15.587454569701165,LOW,False
3955,168,2,18728.537,0.011904761904761904,0.039165041958383266,0.0538901537205866,0.0538901537205866,0.30396397678858333,-0.5058489941402348,0.7425214642560432,14.850429285120864,LOW,False
3956,222,4,25117.479,0.018018018018018018,0.036588877083831295,0.05364307927057422,0.05364307927057422,0.49244523073872143,-0.3461930097663181,0.7826550433732524,15.65310086746505,LOW,False
3957,158,3,14728.173,0.0189873417721519,0.037121477747322,0.0533810664871947,0.0533810664871947,0.5114920774812547,-0.3397110093242555,0.7336928815879392,14.673857631758786,LOW,False
3958,210,9,21643.723,0.04285714285714286,0.03419974570069962,0.05232035816722364,0.05232035816722364,1.253142150009207,0.1654689963851721,0.7746487325761663,17.391540776592382,LOW,False
3959,178,5,20824.568,0.028089887640449437,0.034847026470931214,0.05232766936851983,0.05232766936851983,0.8060913795293706,-0.1291312781942253,0.7508423690723203,15.016847381446407,LOW,False
3960,166,3,17216.81,0.018072289156626505,0.035315191264938706,0.05220981991359138,0.05220981991359138,0.5117426384879548,-0.3302616660400219,0.7407983024292605,14.81596604858521,LOW,False
3961,179,3,15333.86,0.01675977653631285,0.03456217921674593,0.05232753159009683,0.05232753159009683,0.48491666081612317,-0.34021101587375946,0.7516487437704258,15.032974875408517,LOW,False
3962,120,3,11530.646,0.025,0.03335210629252742,0.05239207661078378,0.05239207661078378,0.7495778461704317,-0.1594154466251547,0.6941613501691095,13.88322700338219,LOW,False
3963,141,7,12501.252,0.04964539007092199,0.033446803262224385,0.05237408846458917,0.05237408846458917,1.484308969132266,0.3092862765458856,0.717325656490079,17.978830398293574,LOW,False
3964,69,1,5060.543,0.014492753623188406,0.03366350932999428,0.05243229891715549,0.05243229891715549,0.4305182053694955,-0.3656287460730305,0.6149437022673513,4.304605915871458,LOW,False
3965,35,0,2387.906,0.0,0.03352332644524618,0.05248087118489209,0.05248087118489209,0.0,-0.6387722933779478,0.5186924493521103,3.630847145464772,LOW,False
3966,26,6,1983.813,0.23076923076923078,0.030474545957441302,0.05220210619618651,0.05220210619618651,7.572524003852512,3.8369081136121186,0.47705222884332926,26.250838598956324,LOW,False
3967,18,0,1226.2009,0.0,0.03546030094319629,0.06450328490378474,0.06450328490378474,0.0,-0.5497441098711494,0.4261895338914151,2.9833267372399055,LOW,False
3968,18,2,2063.997,0.1111111111111111,0.03546030094319629,0.06450328490378474,0.06450328490378474,3.1333944765189536,1.172821047497939,0.4261895338914151,9.33957932090564,LOW,False
3969,16,0,1611.179,0.0,0.029673263906159254,0.04871724273867566,0.04871724273867566,0.0,-0.6090916118822594,0.41009030347101677,2.870632124297117,LOW,False
3970,21,1,2660.177,0.047619047619047616,0.029673263906159254,0.04871724273867566,0.04871724273867566,1.6047795675474503,0.36836616163093233,0.4474094901461668,4.7194127958352245,LOW,False
3971,50,0,6334.109,0.0,0.031657390890286234,0.048425007169869444,0.048425007169869444,0.0,-0.6537405514311168,0.5691077130854598,3.9837539915982183,LOW,False
3972,101,1,9374.691,0.009900990099009901,0.03165739089028624,0.048425007169869444,0.048425007169869444,0.3127544570341684,-0.4492802802270601,0.6694365281470719,13.38873056294144,LOW,False
3973,145,5,22926.46,0.034482758620689655,0.031612056686536195,0.04844570249228393,0.04844570249228393,1.0908103500705195,0.05925606991890939,0.7213465784933099,15.108009195395095,LOW,False
3974,157,1,30294.432,0.006369426751592357,0.03206264500184599,0.048418892467673474,0.048418892467673474,0.1986556864296642,-0.5306444848445785,0.7327796679344233,14.655593358688465,LOW,False
3975,182,4,40342.22,0.02197802197802198,0.031530589617293124,0.048636750716325526,0.048636750716325526,0.6970380904633643,-0.19640636963983507,0.7540412591337875,15.08082518267575,LOW,False
3976,181,4,28188.75,0.022099447513812154,0.0319052149919185,0.04852220021702037,0.04852220021702037,0.6926594138108733,-0.20208826958070894,0.7532481399770573,15.06496279954115,LOW,False
3977,203,3,33514.95,0.014778325123152709,0.03151810303294617,0.04856353133944412,0.04856353133944412,0.4688837112977512,-0.344698530936467,0.769765343208684,15.39530686417368,LOW,False
3978,219,1,27654.502,0.0045662100456621,0.03191571649248417,0.04837769754095469,0.04837769754095469,0.14307089257223465,-0.5653329496235127,0.7806945996260943,15.61389199252189,LOW,False
3979,203,6,29983.475,0.029556650246305417,0.031145913800454342,0.04867114950788116,0.04867114950788116,0.948973609689829,-0.03265309264765939,0.769765343208684,15.39530686417368,LOW,False
3980,226,10,38465.824,0.04424778761061947,0.03188140914801866,0.04850081990443069,0.04850081990443069,1.3878868216014644,0.25497256514360706,0.78522833575215,18.613717877053983,LOW,False
3981,190,5,28064.799,0.02631578947368421,0.032974316214377054,0.04847036128190659,0.04847036128190659,0.7980693004396653,-0.13737316092955126,0.7602344555305266,15.204689110610534,LOW,False
3982,177,5,23890.283,0.02824858757062147,0.0332796682019409,0.04840145029834121,0.04840145029834121,0.84882419497722,-0.10394483223763759,0.7500314768453384,15.00062953690677,LOW,False
3983,195,2,22795.082,0.010256410256410256,0.03267097839833583,0.048367614329130074,0.048367614329130074,0.3139303063214259,-0.46342099879890275,0.7639748156980716,15.279496313961433,LOW,False
3984,184,16,20153.357,0.08695652173913043,0.03192791684066754,0.04857758284501429,0.04857758284501429,2.7235263162666254,1.132798333627065,0.7556145777105949,29.698718096549904,LOW,False
3985,134,4,12103.65,0.029850746268656716,0.034798093198271866,0.04974431792295456,0.04974431792295456,0.8578270682411746,-0.09945551846298796,0.7100085232616447,14.200170465232894,LOW,False
3986,155,6,13260.734,0.03870967741935484,0.03534355027045286,0.049609514173796276,0.049609514173796276,1.0952402099716636,0.06785245138885002,0.7309357718656888,15.333017012101251,LOW,False
3987,96,4,7158.106,0.041666666666666664,0.03591478682959265,0.04956414374179197,0.04956414374179197,1.1601535285275493,0.11604921224986461,0.6621614349665509,5.055533057150674,LOW,False
3988,61,3,4576.03,0.04918032786885246,0.03558234002108201,0.04949475250484684,0.04949475250484684,1.3821555254576805,0.27473594996638984,0.5973774604653378,5.184800477583776,LOW,False
3989,30,1,2955.791,0.03333333333333333,0.03702765561465134,0.0493584062766734,0.0493584062766734,0.9002280263226761,-0.07484687128287473,0.49704864540372573,3.4793405178260803,LOW,False
3990,22,0,3155.871,0.0,0.038416544503540234,0.04873624963470174,0.04873624963470174,0.0,-0.7882540160863435,0.4538436109089882,3.176905276362918,LOW,False
3991,15,0,4145.87,0.0,0.028801159888155615,0.02709680449731397,0.02709680449731397,0.0,-1.062898759557076,0.4013152602464483,2.8092068217251382,LOW,False
3992,12,0,1850.8,0.0,0.028801159888155615,0.02709680449731397,0.02709680449731397,0.0,-1.062898759557076,0.3712607321280216,2.598825124896151,LOW,False
3993,12,0,1479.1,0.0,0.024171530258525985,0.02129260146011821,0.02129260146011821,0.0,-1.1352079408333506,0.3712607321280216,2.598825124896151,LOW,False
3994,49,0,6230.739,0.0,0.024171530258525985,0.02129260146011821,0.02129260146011821,0.0,-1.1352079408333506,0.566241403898243,3.9636898272877006,LOW,False
3995,58,0,7057.19,0.0,0.02218740327439901,0.02123124925867772,0.02123124925867772,0.0,-1.0450352216241108,0.5901986065729019,4.131390246010313,LOW,False
3996,67,6,6770.404,0.08955223880597014,0.02218740327439901,0.02123124925867772,0.02123124925867772,4.036174837516936,3.172909644214059,0.610747933594241,21.75167417707815,LOW,False
3997,181,5,23940.787,0.027624309392265192,0.02550620530385568,0.025100091051762932,0.025100091051762932,1.0830426973819318,0.08438631095167856,0.7532481399770573,15.687783029905637,LOW,False
3998,176,15,26058.232,0.08522727272727272,0.025220436586004664,0.025032399052804143,0.025032399052804143,3.37929410685012,2.3971668082906366,0.7492160161873449,50.293611228755765,MEDIUM,True
3999,157,3,36612.17,0.01910828025477707,0.02850618016832468,0.02750386234092029,0.02750386234092029,0.6703206161592177,-0.3416938245638832,0.7327796679344233,14.655593358688465,LOW,False
4000,189,1,29659.832,0.005291005291005291,0.028386607596522808,0.02753969209467605,0.02753969209467605,0.186390898349312,-0.8386296486583574,0.7594746433713426,15.189492867426853,LOW,False
4001,177,3,35685.113,0.01694915254237288,0.027686255837239184,0.02791766105911499,0.02791766105911499,0.6121865174551899,-0.38459895591291615,0.7500314768453384,15.00062953690677,LOW,False
4002,194,4,31092.518,0.020618556701030927,0.027776706979706692,0.02787750981899847,0.02787750981899847,0.7422966558308939,-0.25677150954844247,0.76323443616078,15.264688723215603,LOW,False
4003,186,3,24445.357,0.016129032258064516,0.028445554757013727,0.02748624407447572,0.02748624407447572,0.5670141572502689,-0.4480976908149696,0.7571709785555715,15.14341957111143,LOW,False
4004,185,2,22409.156,0.010810810810810811,0.027886070674170357,0.027599072732646425,0.027599072732646425,0.38767781008402846,-0.6186896215234631,0.7563948700797809,15.12789740159562,LOW,False
4005,228,10,35691.805,0.043859649122807015,0.026492863307511664,0.0275811662560747,0.0275811662560747,1.655526947529724,0.6296610394953965,0.7864980270862671,20.64641264819827,LOW,False
4006,188,6,20867.549,0.031914893617021274,0.027223857459558447,0.027807823635307354,0.027807823635307354,1.1723134263552273,0.16869483275586725,0.758710821630753,16.466567130279266,LOW,False
4007,175,2,28728.271,0.011428571428571429,0.027376620211491773,0.02782376365163987,0.02782376365163987,0.4174573537669235,-0.573180860166644,0.748395935331003,14.967918706620061,LOW,False
4008,164,0,18997.715,0.0,0.02742546026033182,0.027793417557228643,0.027793417557228643,0.0,-0.9867609912980593,0.7390543791173132,14.781087582346263,LOW,False
4009,180,10,21247.377,0.05555555555555555,0.02380227185453472,0.025246654618733877,0.025246654618733877,2.3340442414521583,1.2577224262203364,0.7524506509957629,28.27587515856065,LOW,False
4010,116,6,12043.704,0.05172413793103448,0.024873305574822174,0.026046954560032396,0.026046954560032396,2.079503979695882,1.0308626405565824,0.6892955513569078,22.26797388181455,LOW,False
4011,111,13,7777.692,0.11711711711711711,0.025415574762808823,0.026479420256750093,0.026479420256750093,4.608084539110924,3.4631250029324896,0.682973853033872,71.50917364066548,HIGH,True
4012,44,0,2730.236,0.0,0.028559343531577592,0.03232615655582425,0.03232615655582425,0.0,-0.8834747639193752,0.5509911136472015,3.8569377955304107,LOW,False
4013,38,2,3443.244,0.05263157894736842,0.026510163203708744,0.03252034874270043,0.03252034874270043,1.9853359084566222,0.8032329527069701,0.5302781417424646,6.2984537518958845,LOW,False
4014,32,1,1794.307,0.03125,0.027314256770960204,0.03293236547878852,0.03293236547878852,1.1440911704844254,0.11950988554328955,0.5060980846989978,3.9209259154146006,LOW,False
4015,7,2,476.732,0.2857142857142857,0.028616340104293536,0.032419242377961836,0.032419242377961836,9.984305633529207,7.930411902061101,0.3009864451848362,30.106905116293852,MEDIUM,False
4016,8,1,1022.86597,0.125,0.04052110200905544,0.06116700784772353,0.06116700784772353,3.0848124508574735,1.38111869394129,0.31803481922888616,9.366270704096214,LOW,False
4017,29,8,6081.754,0.27586206896551724,0.04572943534238877,0.06286491672421225,0.06286491672421225,6.03248360492673,3.660748245841444,0.4923025190943706,25.58689120921691,LOW,False
4018,20,0,2332.755,0.0,0.057223688215951994,0.07762646561852092,0.07762646561852092,0.0,-0.7371672503700719,0.44067600240186683,3.084732016813068,LOW,False
4019,67,1,7900.086,0.014925373134328358,0.057223688215951994,0.07762646561852092,0.07762646561852092,0.2608250813544674,-0.5448955423204489,0.610747933594241,4.275235535159687,LOW,False
4020,120,5,19383.498,0.041666666666666664,0.057845578763215666,0.07720674750839593,0.07720674750839593,0.720308579454697,-0.2095530846548044,0.6941613501691095,13.88322700338219,LOW,False
4021,123,3,17207.486,0.024390243902439025,0.05585034659074469,0.0769701198010747,0.0769701198010747,0.4367071180625562,-0.4087313722469535,0.6977062755269499,13.954125510538997,LOW,False
4022,186,7,28148.512,0.03763440860215054,0.05571559386200194,0.07702449580899581,0.07702449580899581,0.6754735253359153,-0.23474590868713838,0.7571709785555715,15.14341957111143,LOW,False
4023,177,5,26820.178,0.02824858757062147,0.053732557856788515,0.07684410804951665,0.07684410804951665,0.5257257182118787,-0.3316320656587716,0.7500314768453384,15.00062953690677,LOW,False
4024,227,5,31532.633,0.022026431718061675,0.054113403994948704,0.07668753675613318,0.07668753675613318,0.40704206521766334,-0.41841182588669906,0.7858645736290825,15.717291472581651,LOW,False
4025,212,12,27371.549,0.05660377358490566,0.05481071342940938,0.07629940399778305,0.07629940399778305,1.0327136802881713,0.023500316667589966,0.77601425104291,15.765637623019488,LOW,False
4026,199,13,32661.215,0.06532663316582915,0.05646298930618158,0.07587202470572355,0.07587202470572355,1.156981484129059,0.11682361046810087,0.7668990340214671,16.515341811397285,LOW,False
4027,200,8,27546.6,0.04,0.05832582582554816,0.0755016360473163,0.0755016360473163,0.6858025485938171,-0.24272091023383263,0.7676209501511251,15.352419003022503,LOW,False
4028,207,4,31495.59,0.01932367149758454,0.059320449481462145,0.07507762821110077,0.07507762821110077,0.32575059134747886,-0.5327389654800495,0.7725759923744698,15.451519847489397,LOW,False
4029,176,4,31544.7,0.022727272727272728,0.059675152010077726,0.07485827002653847,0.07485827002653847,0.3808498505950119,-0.4935711080379813,0.7492160161873449,14.9843203237469,LOW,False
4030,205,7,37652.082,0.03414634146341464,0.05879463632693046,0.07517599693950144,0.07517599693950144,0.580773070413128,-0.3278745326563711,0.7711774898627489,15.42354979725498,LOW,False
4031,172,2,20281.383,0.011627906976744186,0.058887613320530184,0.07514267943247761,0.07514267943247761,0.1974593012192992,-0.6289329406499677,0.7459074405024058,14.918148810048116,LOW,False
4032,176,14,30810.543,0.07954545454545454,0.058895918968370715,0.07513721644677693,0.07513721644677693,1.350610635486873,0.2748243354438186,0.7492160161873449,17.613900089898447,LOW,False
4033,145,2,15432.435,0.013793103448275862,0.06221031290776465,0.07417454704349442,0.07417454704349442,0.22171731347382925,-0.6527469514724227,0.7213465784933099,14.426931569866197,LOW,False
4034,134,2,20621.422,0.014925373134328358,0.060470210736628,0.0748244694666813,0.0748244694666813,0.2468219136747239,-0.6086890816189532,0.7100085232616447,14.200170465232894,LOW,False
4035,82,0,6379.806,0.0,0.058936928870098576,0.07538640861133336,0.07538640861133336,0.0,-0.78179780620612,0.6396001521180903,4.477201064826632,LOW,False
4036,57,7,3620.3489,0.12280701754385964,0.0540570489902187,0.07524702903076735,0.07524702903076735,2.271803952266814,0.913656916946583,0.5877242918945924,7.452555417962532,LOW,False
4037,32,11,2818.878,0.34375,0.05917400805454618,0.07558601459150503,0.07558601459150503,5.809138358232109,3.7649291801321767,0.5060980846989978,26.13925175597125,LOW,False
4038,21,2,1685.995,0.09523809523809523,0.07130394226507249,0.09528312350233348,0.09528312350233348,1.335663810621403,0.2511898444684866,0.4474094901461668,4.0129839339043505,LOW,False
4039,21,3,1446.435,0.14285714285714285,0.07397011289999313,0.09500847000396183,0.09500847000396183,1.9312819361285052,0.7250619860974201,0.4474094901461668,5.576481513360494,LOW,False
4040,15,2,1461.492,0.13333333333333333,0.06801773194761218,0.0851268883099784,0.0851268883099784,1.960273145185549,0.767273451225927,0.4013152602464483,5.329923827837204,LOW,False
4041,17,0,3136.308,0.0,0.0683649541698344,0.0853860183545687,0.0853860183545687,0.0,-0.800657478674627,0.4183636342904982,2.9285454400334876,LOW,False
4042,31,0,2948.972,0.0,0.05687070129627118,0.07405510431618736,0.07405510431618736,0.0,-0.7679511334351071,0.5016440753080604,3.5115085271564226,LOW,False
4043,60,1,5613.66,0.016666666666666666,0.05687070129627118,0.07405510431618736,0.07405510431618736,0.29306244316982677,-0.5428934980355768,0.5950238495193444,4.165166946635411,LOW,False
4044,92,2,13948.886,0.021739130434782608,0.05694325519345195,0.07401306360593304,0.07401306360593304,0.3817683123475956,-0.4756474471332018,0.6560660550181688,4.592462385127182,LOW,False
4045,136,1,16848.193,0.007352941176470588,0.056112941183790115,0.0743031050232531,0.0743031050232531,0.13103824218351084,-0.6562309878175363,0.7121371481527359,14.242742963054718,LOW,False
4046,156,4,18707.607,0.02564102564102564,0.05540305357020809,0.07469968746746707,0.07469968746746707,0.46280888847638535,-0.3984223888773872,0.7318606560601462,14.637213121202924,LOW,False
4047,162,0,23347.969,0.0,0.05490332928016122,0.07486366049885733,0.07486366049885733,0.0,-0.7333775681593773,0.7372891879239116,14.745783758478234,LOW,False
4048,194,5,30035.182,0.02577319587628866,0.05372630479805199,0.07552014050020203,0.07552014050020203,0.47971279568110453,-0.37014111383556747,0.76323443616078,15.264688723215603,LOW,False
4049,216,5,48155.81,0.023148148148148147,0.053882419971311456,0.07545560650080071,0.07545560650080071,0.4296048351293963,-0.40731594706401525,0.7787072381911495,15.574144763822991,LOW,False
4050,211,13,30831.176,0.061611374407582936,0.052488435578113224,0.07571174447536583,0.07571174447536583,1.173808549044922,0.12049568917855305,0.7753331020967204,16.81022615977132,LOW,False
4051,214,13,36854.07,0.06074766355140187,0.05233363312985297,0.07568814833104848,0.07568814833104848,1.1607767303422554,0.11116707974869729,0.777367007468166,16.753165626930237,LOW,False
4052,199,13,23869.041,0.06532663316582915,0.053198119111161374,0.0756596339124084,0.0756596339124084,1.2279876480092156,0.16030363124290328,0.7668990340214671,17.047888040498457,LOW,False
4053,195,3,36289.04,0.015384615384615385,0.05511490918067156,0.0753462123102207,0.0753462123102207,0.27913709036847456,-0.5273031328034888,0.7639748156980716,15.279496313961433,LOW,False
4054,182,4,23643.902,0.02197802197802198,0.054808965124727514,0.07549819465913601,0.07549819465913601,0.4009931938690522,-0.4348573273166695,0.7540412591337875,15.08082518267575,LOW,False
4055,200,9,22333.727,0.045,0.05430195181283615,0.0756836199145504,0.0756836199145504,0.8286994941747691,-0.12290574662441352,0.7676209501511251,15.352419003022503,LOW,False
4056,199,12,19021.66,0.06030150753768844,0.05569245568880513,0.07517032416819082,0.07517032416819082,1.0827589983576498,0.06131477946763571,0.7668990340214671,15.958673168111714,LOW,False
4057,129,6,10111.444,0.046511627906976744,0.05489062456348156,0.07500728458144292,0.07500728458144292,0.8473510417646201,-0.11170910536571818,0.7045458416079491,14.090916832158982,LOW,False
4058,122,2,17864.078,0.01639344262295082,0.05625389641592743,0.07452362628758363,0.07452362628758363,0.2914187934955074,-0.5348700241606164,0.6965342538687398,13.930685077374797,LOW,False
4059,111,2,13435.778,0.018018018018018018,0.05631506597795336,0.07448882299144223,0.07448882299144223,0.3199502247777148,-0.5141314686142263,0.682973853033872,13.65947706067744,LOW,False
4060,66,13,5983.106,0.19696969696969696,0.057065816728704116,0.07398566237447037,0.07398566237447037,3.451623200384709,1.8909593528119626,0.608603540536682,14.593682853318969,LOW,False
4061,28,2,4650.956,0.07142857142857142,0.060155928371447336,0.07827521644352793,0.07827521644352793,1.1873903929720513,0.1440129273261965,0.4873954768329804,3.9036681193824974,LOW,False
4062,26,1,2144.137,0.038461538461538464,0.048809202180971144,0.050014231473043,0.050014231473043,0.7879976877912002,-0.20689438615106848,0.47705222884332926,3.339365601903305,LOW,False
4063,8,0,547.85,0.0,0.04644351231528127,0.049056246934232654,0.049056246934232654,0.0,-0.9467400222757736,0.31803481922888616,2.226243734602203,LOW,False
4064,6,2,720.584,0.3333333333333333,0.04049113136290033,0.04537808554660653,0.04537808554660653,8.232255363423786,6.453383796230521,0.2816585927874237,29.971610149511967,LOW,False
4065,21,0,2254.55,0.0,0.04882446469623366,0.073078617292146,0.073078617292146,0.0,-0.6681087643058209,0.4474094901461668,3.131866431023168,LOW,False
4066,32,0,7666.76,0.0,0.04882446469623366,0.073078617292146,0.073078617292146,0.0,-0.6681087643058209,0.5060980846989978,3.542686592892984,LOW,False
4067,69,4,7557.744,0.057971014492753624,0.04882446469623366,0.073078617292146,0.073078617292146,1.1873353830590083,0.12516041128631172,0.6149437022673513,4.796361296401355,LOW,False
4068,103,2,16461.785,0.019417475728155338,0.05054547918898728,0.07277409627550593,0.07277409627550593,0.38415850516629324,-0.42773466183610864,0.6722471773128578,13.444943546257157,LOW,False
4069,138,7,31510.775,0.050724637681159424,0.050448743576211146,0.07281558341475011,0.07281558341475011,1.0054688003187136,0.003788943135658385,0.714234922319791,14.325714448786172,LOW,False
4070,179,10,21514.115,0.055865921787709494,0.05225589759723984,0.0722354122243324,0.0722354122243324,1.0690835744185998,0.0499758232050847,0.7516487437704258,15.551101683548016,LOW,False
4071,195,7,53720.566,0.035897435897435895,0.053515268270018346,0.07201436343435018,0.07201436343435018,0.670788675043366,-0.2446433118671283,0.7639748156980716,15.279496313961433,LOW,False
4072,212,10,39768.04,0.04716981132075472,0.05501099476574484,0.07122297741513081,0.07122297741513081,0.8574615224032851,-0.11009345199495015,0.77601425104291,15.520285020858202,LOW,False
4073,242,3,36297.83,0.012396694214876033,0.05590252040926425,0.07097456599426788,0.07097456599426788,0.221755550986242,-0.6129776996156888,0.7950870480722153,15.901740961444307,LOW,False
4074,214,6,43414.79,0.028037383177570093,0.05545454316204459,0.07122378664085223,0.07122378664085223,0.5055921765623714,-0.38494386886120263,0.777367007468166,15.54734014936332,LOW,False
4075,206,8,28437.393,0.038834951456310676,0.05405562686079404,0.07142702749526543,0.07142702749526543,0.7184256979633187,-0.21309406170503561,0.7718784301378744,15.43756860275749,LOW,False
4076,226,16,27477.852,0.07079646017699115,0.05314259719016525,0.07147779970185018,0.07147779970185018,1.3321979715002146,0.24698386156910385,0.78522833575215,18.196051501294612,LOW,False
4077,237,9,36697.074,0.0379746835443038,0.053370506648963666,0.0715270414280645,0.0715270414280645,0.7115293807135178,-0.21524479130237212,0.7920777113200527,15.841554226401055,LOW,False
4078,209,3,26778.707,0.014354066985645933,0.05431175948895068,0.07115309475487391,0.07115309475487391,0.26429022224121024,-0.561573500646192,0.7739611118817943,15.479222237635886,LOW,False
4079,213,21,24468.79,0.09859154929577464,0.053994094697601684,0.0713205474661986,0.0713205474661986,1.8259691147327246,0.6253100429341111,0.776692209584216,21.728612552179754,LOW,False
4080,202,5,21887.521,0.024752475247524754,0.05622707591825896,0.07186359106706317,0.07186359106706317,0.44022341271150345,-0.43797700898862796,0.7690540696204041,15.381081392408083,LOW,False
4081,118,4,13222.325,0.03389830508474576,0.054745866239502144,0.07214177934061994,0.07214177934061994,0.6191938755055496,-0.2889804125335458,0.6917488962584405,13.83497792516881,LOW,False
4082,114,3,10648.705,0.02631578947368421,0.05422031112190918,0.07225023683930835,0.07225023683930835,0.48534928939296706,-0.38622048686549465,0.6867999053273037,13.735998106546074,LOW,False
4083,74,8,7538.3037,0.10810810810810811,0.05463374224068974,0.07205249076277379,0.07205249076277379,1.97877911477922,0.7421584639381561,0.6249299984510739,6.943805165452971,LOW,False
4084,41,2,3981.087,0.04878048780487805,0.05838749599444349,0.0724078224540844,0.0724078224540844,0.8354612057609098,-0.13267914796992386,0.541004817463479,3.787033722244353,LOW,False
4085,19,1,2673.169,0.05263157894736842,0.05221294561257605,0.0661220215075532,0.0661220215075532,1.0080178072675436,0.006331224080082731,0.4336139245415396,3.0563442158680796,LOW,False
4086,22,6,2075.83,0.2727272727272727,0.05142973759252592,0.06599572211852467,0.06599572211852467,5.302910057369359,3.353210299560154,0.4538436109089882,23.972200336938588,LOW,False
4087,5,0,2246.47,0.0,0.06119080985359818,0.07986204215648587,0.07986204215648587,0.0,-0.7662064254968298,0.25934622467605517,1.815423572732386,LOW,False
4088,4,0,533.95,0.0,0.06119080985359818,0.07986204215648587,0.07986204215648587,0.0,-0.7662064254968298,0.23295629441831542,1.6306940609282077,LOW,False
4089,9,2,590.143,0.2222222222222222,0.04730192096470929,0.055851466593678914,0.055851466593678914,4.697953438043591,3.1318837610847954,0.33328510947992757,21.3671149959699,LOW,False
4090,21,0,2515.652,0.0,0.05656118022396855,0.06529129120688575,0.06529129120688575,0.0,-0.8662898095359385,0.4474094901461668,3.131866431023168,LOW,False
4091,29,0,3831.4932,0.0,0.056561180223968534,0.06529129120688575,0.06529129120688575,0.0,-0.8662898095359383,0.4923025190943706,3.4461176336605943,LOW,False
4092,69,1,7647.237,0.014492753623188406,0.054145721286770476,0.06630137553240344,0.06630137553240344,0.2676620290351446,-0.5980715685785809,0.6149437022673513,4.304605915871458,LOW,False
4093,87,1,13332.444,0.011494252873563218,0.05394052453239686,0.06642104217732299,0.06642104217732299,0.21309123285702813,-0.6390485645424779,0.648067120269391,4.536469841885736,LOW,False
4094,114,9,12705.974,0.07894736842105263,0.052305925165413686,0.06698396287545968,0.06698396287545968,1.5093389166024176,0.397728681791673,0.6867999053273037,17.556039981064206,LOW,False
4095,134,3,18482.516,0.022388059701492536,0.05326765210846964,0.06720263787886888,0.06720263787886888,0.4202937207726638,-0.4594997068811022,0.7100085232616447,14.200170465232894,LOW,False
4096,172,5,30414.857,0.029069767441860465,0.05270476143363867,0.06741071224552367,0.06741071224552367,0.5515586571521177,-0.35061184201250833,0.7459074405024058,14.918148810048116,LOW,False
4097,190,16,23929.37,0.08421052631578947,0.05195059293868474,0.06757637279105859,0.06757637279105859,1.620973343175888,0.4773848024789698,0.7602344555305266,19.861989184429692,LOW,False
4098,141,7,15491.73,0.04964539007092199,0.05494283594288946,0.06733831832175419,0.06733831832175419,0.903582591232205,-0.07866911446548693,0.717325656490079,14.34651312980158,LOW,False
4099,169,2,18957.902,0.011834319526627219,0.055843169563445795,0.06710699916856463,0.06710699916856463,0.2119206273415721,-0.6558011918588952,0.7433754129509443,14.867508259018889,LOW,False
4100,177,7,26478.975,0.03954802259887006,0.054718143233042325,0.0676288328454754,0.0676288328454754,0.7227588558777781,-0.2243143936674814,0.7500314768453384,15.00062953690677,LOW,False
4101,163,4,15768.411,0.024539877300613498,0.0534161250006206,0.06760662817575902,0.06760662817575902,0.4594095378563755,-0.4271215482738858,0.7381744743775209,14.76348948755042,LOW,False
4102,169,4,17361.135,0.023668639053254437,0.052856341407133516,0.0677953990258346,0.0677953990258346,0.44779185284398265,-0.4305263008003921,0.7433754129509443,14.867508259018889,LOW,False
4103,166,11,18205.127,0.06626506024096386,0.0532444485766172,0.06759175816413343,0.06759175816413343,1.2445440231315454,0.19263608490148518,0.7407983024292605,16.6500462220718,LOW,False
4104,148,2,14657.466,0.013513513513513514,0.05189751153266675,0.06696802864326595,0.06696802864326595,0.26038846785567876,-0.5731690001451608,0.7242906233880599,14.4858124677612,LOW,False
4105,110,2,9081.5205,0.01818181818181818,0.05142922146041628,0.06720497620136923,0.06720497620136923,0.35353088507887,-0.4947163909258362,0.6816756929067226,13.633513858134453,LOW,False
4106,91,3,10202.657,0.03296703296703297,0.05077436783946097,0.06745931714443634,0.06745931714443634,0.6492849516367893,-0.26397146645141584,0.6545012410322124,4.581508687225487,LOW,False
4107,82,8,7658.567,0.0975609756097561,0.05105150298501716,0.06736806869304339,0.06736806869304339,1.9110304282008852,0.690378595186619,0.6396001521180903,6.868655938853956,LOW,False
4108,46,4,4379.143,0.08695652173913043,0.05061203913091916,0.06701315360793818,0.06701315360793818,1.7180995516540696,0.5423484890868651,0.5572853176432578,5.786008546594737,LOW,False
4109,21,2,2064.294,0.09523809523809523,0.05220270721151301,0.06741964132475285,0.06741964132475285,1.824389966064653,0.6383212248087407,0.4474094901461668,5.295890091942882,LOW,False
4110,11,0,565.308,0.0,0.053977978723626634,0.06798996325969986,0.06798996325969986,0.0,-0.7939109853236435,0.35967503973766723,2.5177252781636708,LOW,False
4111,14,2,1276.9299,0.14285714285714285,0.042614342359990266,0.0503396301654846,0.0503396301654846,3.3523254131282454,1.9913296972508179,0.3919737040327585,13.25573756316328,LOW,False
4112,5,1,349.4,0.2,0.04856672331237122,0.053432647217836034,0.053432647217836034,4.118045986212431,2.8340964667211876,0.25934622467605517,18.02446632844521,LOW,False
4113,10,0,1431.509,0.0,0.05690005664570455,0.06063889666765279,0.06063889666765279,0.0,-0.938342545339505,0.34708067508455476,2.429564725591883,LOW,False
4114,7,0,2242.95,0.0,0.0476407973864453,0.05039898549499437,0.05039898549499437,0.0,-0.945272943860685,0.3009864451848362,2.1069051162938535,LOW,False
4115,22,2,2058.356,0.09090909090909091,0.0476407973864453,0.05039898549499437,0.05039898549499437,1.9082193392286977,0.8585151684639172,0.4538436109089882,5.560981041838248,LOW,False
4116,40,0,6369.106,0.0,0.05142867617432408,0.05007797182435152,0.05007797182435152,0.0,-1.02697202583823,0.5375168442542968,3.762617909780078,LOW,False
4117,136,2,14503.387,0.014705882352941176,0.05082481144002456,0.0506270977976336,0.0506270977976336,0.28934455310856866,-0.7134307645178044,0.7121371481527359,14.242742963054718,LOW,False
4118,238,1,24450.24,0.004201680672268907,0.050958629334998645,0.05052275602237082,0.05052275602237082,0.08245278036517305,-0.9254631446080726,0.7926846048043299,15.853692096086599,LOW,False
4119,261,3,27774.26,0.011494252873563218,0.04784422567879933,0.05102372791572828,0.05102372791572828,0.24024326259828122,-0.7124131122930177,0.8059838106329514,16.11967621265903,LOW,False
4120,182,8,17170.729,0.04395604395604396,0.04739031706096893,0.05130769837291444,0.05130769837291444,0.9275321770794087,-0.06693485020442742,0.7540412591337875,15.08082518267575,LOW,False
4121,166,1,17274.62,0.006024096385542169,0.04801057858239325,0.051166376651754254,0.051166376651754254,0.1254743550987191,-0.8205873650701737,0.7407983024292605,14.81596604858521,LOW,False
4122,159,3,18697.633,0.018867924528301886,0.04475281066863295,0.051250311354744116,0.051250311354744116,0.42160311824898034,-0.5050678806839086,0.7346003697263758,14.692007394527515,LOW,False
4123,179,3,21287.383,0.01675977653631285,0.04347041627102378,0.05150698250214096,0.05150698250214096,0.38554442248312376,-0.5185828879337022,0.7516487437704258,15.032974875408517,LOW,False
4124,195,2,21745.453,0.010256410256410256,0.04367564364642734,0.051385117744066636,0.051385117744066636,0.2348313476371453,-0.6503679442064908,0.7639748156980716,15.279496313961433,LOW,False
4125,178,3,19680.754,0.016853932584269662,0.04245515979882485,0.05183332630036252,0.05183332630036252,0.3969819608295568,-0.49391441842265366,0.7508423690723203,15.016847381446407,LOW,False
4126,227,9,24654.762,0.039647577092511016,0.042134912102310525,0.051972383776757176,0.051972383776757176,0.9409673620830192,-0.047858782473469724,0.7858645736290825,15.717291472581651,LOW,False
4127,267,7,26351.21,0.026217228464419477,0.04280070118727955,0.05182768461457431,0.05182768461457431,0.6125420317228655,-0.3199732507092683,0.8092611706599061,16.185223413198123,LOW,False
4128,369,9,37306.777,0.024390243902439025,0.04113204152992354,0.05168386921349183,0.05168386921349183,0.5929743089628833,-0.32392694049914794,0.855943392772207,17.118867855444144,LOW,False
4129,156,3,13930.114,0.019230769230769232,0.0415852386294621,0.051478441728181216,0.051478441728181216,0.4624421997940566,-0.4342491467929418,0.7318606560601462,14.637213121202924,LOW,False
4130,136,0,13216.3955,0.0,0.04162894492316839,0.051458149103741066,0.051458149103741066,0.0,-0.8089864413747816,0.7121371481527359,14.242742963054718,LOW,False
4131,93,3,12895.422,0.03225806451612903,0.040255318549542014,0.05213498427449492,0.05213498427449492,0.8013367097425697,-0.1533951557615668,0.6576141327048699,4.603298928934089,LOW,False
4132,49,2,8550.455,0.04081632653061224,0.037534363920640884,0.050698440480556994,0.050698440480556994,1.0874388764629241,0.06473498156674069,0.566241403898243,4.193216878002877,LOW,False
4133,36,0,4361.554,0.0,0.03561185578695263,0.04960590324234852,0.04960590324234852,0.0,-0.717895521687645,0.5226582832922795,3.6586079830459566,LOW,False
4134,30,0,2957.917,0.0,0.031643601818698665,0.04842391456052738,0.04842391456052738,0.0,-0.6534705445827971,0.49704864540372573,3.4793405178260803,LOW,False
4135,11,0,1118.605,0.0,0.031643601818698665,0.04842391456052738,0.04842391456052738,0.0,-0.6534705445827971,0.35967503973766723,2.5177252781636708,LOW,False
4136,5,0,381.8,0.0,0.02569122086631771,0.042587333400139774,0.042587333400139774,0.0,-0.6032596740662187,0.25934622467605517,1.815423572732386,LOW,False
4137,11,0,1961.675,0.0,0.017357887532984378,0.0211870385941374,0.0211870385941374,0.0,-0.8192691704345799,0.35967503973766723,2.5177252781636708,LOW,False
4138,33,0,3254.821,0.0,0.017357887532984378,0.0211870385941374,0.0211870385941374,0.0,-0.8192691704345799,0.5104191185326289,3.5729338297284023,LOW,False
4139,65,1,7462.7617,0.015384615384615385,0.017357887532984378,0.0211870385941374,0.0211870385941374,0.8863184160734262,-0.09313581695721318,0.6064268997606098,4.244988298324269,LOW,False
4140,76,0,10939.795,0.0,0.014211034386131229,0.014266003602952337,0.014266003602952337,0.0,-0.9961468384313508,0.6287392678719785,4.40117487510385,LOW,False
4141,128,4,17572.928,0.03125,0.014211034386131229,0.014266003602952337,0.014266003602952337,2.198995453173864,1.1943755299727088,0.7034281226642937,25.49072247674871,LOW,False
4142,162,2,20656.129,0.012345679012345678,0.014900372621425345,0.01468452414323434,0.01468452414323434,0.8285483407706022,-0.17397183484877862,0.7372891879239116,14.745783758478234,LOW,False
4143,193,3,25955.15,0.015544041450777202,0.015239705885595213,0.014519719207186647,0.014519719207186647,1.0199699106706286,0.020960155002953215,0.762490250028163,15.399579330592974,LOW,False
4144,212,8,31766.312,0.03773584905660377,0.015408447076312462,0.014497814663509374,0.014497814663509374,2.4490364843200467,1.5400529320111125,0.77601425104291,33.13872030339746,MEDIUM,False
4145,185,0,34876.0,0.0,0.015149272288835787,0.014012770517564839,0.014012770517564839,0.0,-1.0811047158623168,0.7563948700797809,15.12789740159562,LOW,False
4146,178,8,26839.297,0.0449438202247191,0.014898268272771529,0.014235515151598228,0.014235515151598228,3.0167143859840153,2.1106051752945763,0.7508423690723203,44.024769967508725,MEDIUM,True
4147,176,5,38433.625,0.028409090909090908,0.015984763926788912,0.015491362504260132,0.015491362504260132,1.7772605863437263,0.8020164126225373,0.7492160161873449,20.813774721324847,LOW,False
4148,244,6,38693.79,0.02459016393442623,0.016470152025654668,0.015697828705221375,0.015697828705221375,1.4930137800867567,0.5172697486545195,0.796273479993163,19.623072950513937,LOW,False
4149,206,16,29315.936,0.07766990291262135,0.017067391762238666,0.015723791608644292,0.015723791608644292,4.550777529139794,3.854191956923795,0.7718784301378744,77.74579953285338,HIGH,True
4150,226,7,34417.965,0.030973451327433628,0.019601390525919988,0.02000540852737525,0.02000540852737525,1.5801660237561077,0.5684493163912248,0.78522833575215,20.055811893213807,LOW,False
4151,180,4,23683.818,0.022222222222222223,0.019239968619041762,0.019703581300959897,0.019703581300959897,1.1550030388422219,0.15135591634984524,0.7524506509957629,16.211535811231922,LOW,False
4152,186,6,23525.902,0.03225806451612903,0.019073510025616875,0.019658898138441586,0.019658898138441586,1.691249511642299,0.6706659955031097,0.7571709785555715,20.32779090842867,LOW,False
4153,200,11,19717.451,0.055,0.019401335884520626,0.019816383089615582,0.019816383089615582,2.8348563381082332,1.7964259145824757,0.7676209501511251,39.0691654711152,MEDIUM,False
4154,147,3,12992.332,0.02040816326530612,0.02089172049990524,0.021106122925671687,0.021106122925671687,0.9768541210092623,-0.022910756101536898,0.7233159134155036,14.466318268310072,LOW,False
4155,94,2,9673.39,0.02127659574468085,0.021742060635959664,0.02063364678905632,0.02063364678905632,0.9785915006368361,-0.022558537326794158,0.6591458283097306,4.614020798168113,LOW,False
4156,56,5,4122.253,0.08928571428571429,0.02128449943714932,0.020511709658566725,0.020511709658566725,4.194870288087571,3.3152387577875175,0.5852069435058582,22.612152676091263,LOW,False
4157,29,6,2444.591,0.20689655172413793,0.023304057260278576,0.02451404351879128,0.02451404351879128,8.878134370051951,7.489278311965394,0.4923025190943706,31.446117633660595,MEDIUM,False
4158,18,0,2224.634,0.0,0.03192474691545099,0.04433131955846549,0.04433131955846549,0.0,-0.7201397845454987,0.4261895338914151,2.9833267372399055,LOW,False
4159,14,3,2193.032,0.21428571428571427,0.03192474691545099,0.04433131955846549,0.04433131955846549,6.7122134077750175,4.11359213275301,0.3919737040327585,26.865781509023726,LOW,False
4160,5,0,420.34998,0.0,0.040853318344022414,0.057303229746506194,0.057303229746506194,0.0,-0.7129322121064784,0.25934622467605517,1.815423572732386,LOW,False
4161,19,1,3678.45,0.05263157894736842,0.040853318344022414,0.057303229746506194,0.057303229746506194,1.288306093134522,0.20554270074217118,0.4336139245415396,3.792100966268898,LOW,False
4162,29,0,5690.9,0.0,0.04304630080016277,0.056675467002779256,0.056675467002779256,0.0,-0.7595226484512578,0.4923025190943706,3.4461176336605943,LOW,False
4163,51,0,4999.14,0.0,0.04304630080016277,0.056675467002779256,0.056675467002779256,0.0,-0.7595226484512578,0.5719183622512457,4.0034285357587205,LOW,False
4164,76,1,11063.549,0.013157894736842105,0.04240527515913713,0.05708744250831439,0.05708744250831439,0.3102891017087753,-0.5123259886451447,0.6287392678719785,4.40117487510385,LOW,False
4165,120,5,16799.645,0.041666666666666664,0.042953520773172216,0.056724520524689896,0.056724520524689896,0.9700407770226535,-0.0226860288038122,0.6941613501691095,13.88322700338219,LOW,False
4166,157,4,21772.373,0.025477707006369428,0.043387548550949985,0.056670903788876174,0.056670903788876174,0.587212411331582,-0.31603239664753763,0.7327796679344233,14.655593358688465,LOW,False
4167,156,10,23088.188,0.0641025641025641,0.04393471638403431,0.056421002900209044,0.056421002900209044,1.4590412634564929,0.35745283993268157,0.7318606560601462,18.08002259712662,LOW,False
4168,219,30,44474.363,0.136986301369863,0.0459579881611921,0.056228974675414836,0.056228974675414836,2.980685335689632,1.618886236751379,0.7806945996260943,38.20510996958637,MEDIUM,False
4169,167,5,25935.168,0.029940119760479042,0.050093423674244575,0.05917077386282641,0.05917077386282641,0.5976856354474468,-0.3405955778183035,0.7416624475867031,14.833248951734063,LOW,False
4170,191,9,32364.922,0.04712041884816754,0.05134092866426453,0.05837904818605442,0.05837904818605442,0.9177944395260882,-0.07229494051780701,0.7609902999841155,15.219805999682311,LOW,False
4171,179,10,33335.367,0.055865921787709494,0.051431620273574875,0.0583703682460063,0.0583703682460063,1.086217418205915,0.07596836626841075,0.7516487437704258,15.679605511952879,LOW,False
4172,188,5,26138.932,0.026595744680851064,0.05257565489351732,0.058168238777708374,0.058168238777708374,0.5058566504728479,-0.4466339493610808,0.758710821630753,15.174216432615061,LOW,False
4173,166,7,23079.902,0.04216867469879518,0.05265922075795169,0.05812771264913128,0.05812771264913128,0.8007842518715508,-0.18047409025844904,0.7407983024292605,14.81596604858521,LOW,False
4174,221,12,29666.05,0.05429864253393665,0.05118000291570893,0.057914898501628884,0.057914898501628884,1.060934729202028,0.053848658961907915,0.7820045079683347,16.097100628381902,LOW,False
4175,178,7,24036.973,0.03932584269662921,0.052151885882646555,0.05775656093142561,0.05775656093142561,0.7540636744205412,-0.2220707566235758,0.7508423690723203,15.016847381446407,LOW,False
4176,157,3,17619.191,0.01910828025477707,0.05286453673574685,0.05747604465516094,0.05747604465516094,0.36145744263859414,-0.5873100120841162,0.7327796679344233,14.655593358688465,LOW,False
4177,169,10,17079.473,0.05917159763313609,0.05231662905819052,0.05774307961477643,0.05774307961477643,1.1310284836456292,0.11871498057736758,0.7433754129509443,15.850221886361107,LOW,False
4178,137,4,14396.88,0.029197080291970802,0.05249044562623786,0.057757784952383054,0.057757784952383054,0.5562360910378014,-0.4032939516892949,0.7131898355850435,14.263796711700868,LOW,False
4179,94,2,9382.72,0.02127659574468085,0.05285665050234888,0.057573094977930624,0.057573094977930624,0.40253393929559245,-0.5485210543184026,0.6591458283097306,4.614020798168113,LOW,False
4180,45,1,6288.9897,0.022222222222222223,0.05285665050234888,0.057573094977930624,0.057573094977930624,0.4204243365976188,-0.5320962559311723,0.5541724259706003,3.8792069817942023,LOW,False
4181,38,10,3848.408,0.2631578947368421,0.05006233833303672,0.057355187885096304,0.057355187885096304,5.256604135951459,3.7153667220254727,0.5302781417424646,26.091676401058688,LOW,False
4182,19,1,1163.615,0.05263157894736842,0.05240656095856605,0.06472082550210723,0.06472082550210723,1.0042936988172202,0.0034767478173627596,0.4336139245415396,3.0465684311859804,LOW,False
4183,12,0,1641.7,0.0,0.05459954341470641,0.06375232091489678,0.06375232091489678,0.0,-0.8564322464054531,0.3712607321280216,2.598825124896151,LOW,False
4184,9,0,3699.7998,0.0,0.045670971986134984,0.05479146846249248,0.05479146846249248,0.0,-0.8335416674842191,0.33328510947992757,2.3329957663594927,LOW,False
4185,27,0,7309.6396,0.0,0.045670971986134984,0.05479146846249248,0.05479146846249248,0.0,-0.8335416674842191,0.4823162229106479,3.3762135603745356,LOW,False
4186,33,0,6130.46,0.0,0.043477989529994626,0.05554879675367851,0.05554879675367851,0.0,-0.7826990334784427,0.5104191185326289,3.5729338297284023,LOW,False
4187,66,0,9229.22,0.0,0.043477989529994626,0.05554879675367851,0.05554879675367851,0.0,-0.7826990334784427,0.608603540536682,4.260224783756773,LOW,False
4188,102,5,17280.117,0.049019607843137254,0.043477989529994626,0.05554879675367851,0.05554879675367851,1.127458016643561,0.09976126643599449,0.6708486748011367,14.372908620849442,LOW,False
4189,143,2,23948.35,0.013986013986013986,0.04497222757609026,0.05517883901544115,0.05517883901544115,0.31099224432124256,-0.5615597236724236,0.7193500794753345,14.38700158950669,LOW,False
4190,169,3,24858.363,0.01775147928994083,0.04381886704772973,0.055539054513815904,0.055539054513815904,0.405110412156595,-0.46935238609984564,0.7433754129509443,14.867508259018889,LOW,False
4191,173,6,25140.08,0.03468208092485549,0.04349694089287853,0.05567222183486906,0.05567222183486906,0.7973452894139909,-0.15833497707652208,0.7467417015090355,14.93483403018071,LOW,False
4192,168,2,19955.076,0.011904761904761904,0.042271087427140676,0.05552248247325594,0.05552248247325594,0.2816289485166711,-0.5469194490178932,0.7425214642560432,14.850429285120864,LOW,False
4193,208,11,34807.805,0.052884615384615384,0.0370593566160948,0.052004351841406955,0.052004351841406955,1.4270246494686232,0.3043064322151628,0.7732702089759699,18.66808905053407,LOW,False
4194,197,4,31132.441,0.02030456852791878,0.038015377267100484,0.0520786319822465,0.0520786319822465,0.5341146132854742,-0.3400782252732614,0.7654443093750529,15.30888618750106,LOW,False
4195,165,7,27092.93,0.04242424242424243,0.03689805017042345,0.05216238808137353,0.05216238808137353,1.1497692216335225,0.10594208695349794,0.7399289671797024,15.921848505845468,LOW,False
4196,168,5,25118.78,0.02976190476190476,0.03633798019694565,0.0520218470679151,0.0520218470679151,0.8190302433046722,-0.12640987980407065,0.7425214642560432,14.850429285120864,LOW,False
4197,193,4,27517.666,0.02072538860103627,0.03646990353365623,0.05200007737832763,0.05200007737832763,0.568287453294464,-0.3027786827713816,0.762490250028163,15.24980500056326,LOW,False
4198,177,3,22075.826,0.01694915254237288,0.03557643327958294,0.052082058960706785,0.052082058960706785,0.47641517094126123,-0.3576525411805124,0.7500314768453384,15.00062953690677,LOW,False
4199,168,4,24474.133,0.023809523809523808,0.03402020452993445,0.05205631149416356,0.05205631149416356,0.6998642171176178,-0.19614683459767296,0.7425214642560432,14.850429285120864,LOW,False
4200,169,3,19803.178,0.01775147928994083,0.03337369124297172,0.052083898340028974,0.052083898340028974,0.5319003870654905,-0.2999432156756299,0.7433754129509443,14.867508259018889,LOW,False
4201,113,1,11962.548,0.008849557522123894,0.03331715786943688,0.052100789268777724,0.052100789268777724,0.26561561933954564,-0.469620531487334,0.6855357585674703,13.710715171349404,LOW,False
4202,94,0,10347.929,0.0,0.0312204061981447,0.05202759308266601,0.05202759308266601,0.0,-0.600074005894122,0.6591458283097306,4.614020798168113,LOW,False
4203,58,0,5201.275,0.0,0.030003861185979253,0.05241685777557493,0.05241685777557493,0.0,-0.5724086192736333,0.5901986065729019,4.131390246010313,LOW,False
4204,57,4,10344.328,0.07017543859649122,0.029117336363284216,0.05274974750081998,0.05274974750081998,2.4100912844823132,0.7783563747403487,0.5877242918945924,7.815559665028219,LOW,False
4205,22,0,1694.084,0.0,0.031115387045545426,0.053381619135643626,0.053381619135643626,0.0,-0.5828857863318212,0.4538436109089882,3.176905276362918,LOW,False
4206,25,3,2314.5,0.12,0.020150474764843673,0.02062045809706237,0.02062045809706237,5.955194674090894,4.842255432209873,0.47158954718963364,30.61099434624563,MEDIUM,False
4207,9,0,2378.85,0.0,0.022957492308703323,0.02836522437623485,0.02836522437623485,0.0,-0.8093534535174602,0.33328510947992757,2.3329957663594927,LOW,False
4208,14,0,3334.676,0.0,0.022957492308703323,0.02836522437623485,0.02836522437623485,0.0,-0.8093534535174602,0.3919737040327585,2.7438159282293095,LOW,False
4209,17,0,1515.21,0.0,0.022957492308703323,0.02836522437623485,0.02836522437623485,0.0,-0.8093534535174602,0.4183636342904982,2.9285454400334876,LOW,False
4210,37,0,3721.24,0.0,0.022957492308703323,0.02836522437623485,0.02836522437623485,0.0,-0.8093534535174602,0.5265183489530272,3.68562844267119,LOW,False
4211,77,6,10676.199,0.07792207792207792,0.022957492308703323,0.02836522437623485,0.02836522437623485,3.3941894382139113,1.937745490193457,0.6306069568040767,14.801632492536427,LOW,False
4212,101,1,20490.6,0.009900990099009901,0.026204245555456567,0.030033707439622977,0.030033707439622977,0.377839158851425,-0.5428319327282936,0.6694365281470719,13.38873056294144,LOW,False
4213,123,4,20264.365,0.032520325203252036,0.02457430314945126,0.029802273539854002,0.029802273539854002,1.3233467905672114,0.26662469368904745,0.6977062755269499,16.379226439793083,LOW,False
4214,127,6,18610.105,0.047244094488188976,0.02534656611683618,0.029756074077923723,0.029756074077923723,1.8639248516116587,0.7359011243892134,0.7023017054312845,20.52547049571313,LOW,False
4215,151,7,20733.63,0.046357615894039736,0.026575425083429857,0.030036445155584325,0.030036445155584325,1.7443790926582148,0.6586062600997244,0.7271759790762514,20.12636277646164,LOW,False
4216,173,8,27717.29,0.046242774566473986,0.027061905707145867,0.030267116714810995,0.030267116714810995,1.7087774625666252,0.6337197242822307,0.7467417015090355,20.2506649994304,LOW,False
4217,175,3,23632.436,0.017142857142857144,0.028492656234717206,0.030330999882789506,0.030330999882789506,0.6016587924143496,-0.3741979867370015,0.748395935331003,14.967918706620061,LOW,False
4218,183,10,30605.186,0.0546448087431694,0.027003416307977274,0.02995643355034591,0.02995643355034591,2.023625756087254,0.9227197352694525,0.7548300560938245,22.773794292530898,LOW,False
4219,175,18,26165.201,0.10285714285714286,0.02843425965027938,0.030438789943658277,0.030438789943658277,3.617366659874763,2.445001373070975,0.748395935331003,52.66068581906798,MEDIUM,True
4220,201,9,32945.75,0.04477611940298507,0.030952297168316902,0.03394422028062986,0.03394422028062986,1.4466170042079585,0.40725113496145565,0.7683392835557189,18.71641320267407,LOW,False
4221,200,7,36630.043,0.035,0.03157788944502858,0.03405948781237625,0.03405948781237625,1.1083704647496693,0.10047451605328969,0.7676209501511251,16.16519748864502,LOW,False
4222,214,14,33250.12,0.06542056074766354,0.032172664919985404,0.03398629148722689,0.03398629148722689,2.033420635510514,0.9782737207492538,0.777367007468166,23.297994915692176,LOW,False
4223,168,4,17539.89,0.023809523809523808,0.034192306928539175,0.03447893910647919,0.03447893910647919,0.6963415442919646,-0.30113406584091396,0.7425214642560432,14.850429285120864,LOW,False
4224,158,3,17409.674,0.0189873417721519,0.034192306928539175,0.03447893910647919,0.03447893910647919,0.5553103454480224,-0.44099283650899807,0.7336928815879392,14.673857631758786,LOW,False
4225,130,3,14284.433,0.023076923076923078,0.0342438011986313,0.03445423118839611,0.03445423118839611,0.6739007431758319,-0.32410759829896113,0.7056549955713393,14.113099911426785,LOW,False
4226,145,25,11749.675,0.1724137931034483,0.03483660809674794,0.034119075724432346,0.034119075724432346,4.94921298378482,4.032265883104877,0.7213465784933099,81.94935248706331,CRITICAL,True
4227,79,11,7717.005,0.13924050632911392,0.04202051614272495,0.04336390418701173,0.04336390418701173,3.31363150933644,2.241956576767553,0.6342715546647637,15.946743618019545,LOW,False
4228,43,5,3157.505,0.11627906976744186,0.047822203906438036,0.04668489237941564,0.04668489237941564,2.4314870555722727,1.466360151473497,0.5477383052077789,9.632147320028215,LOW,False
4229,33,7,3163.716,0.21212121212121213,0.049743188538560974,0.04855571970714974,0.04855571970714974,4.264326802387739,3.3441585164835135,0.5104191185326289,22.397485195611587,LOW,False
4230,26,3,2667.428,0.11538461538461539,0.058581572376944814,0.05757549339706585,0.05757549339706585,1.9696401223608297,0.9865836948357851,0.47705222884332926,5.884670923100484,LOW,False
4231,8,1,1465.8501,0.125,0.05838926468463712,0.057368767441093614,0.057368767441093614,2.1408044899200265,1.1610975498777962,0.31803481922888616,5.925657301357631,LOW,False
4232,9,1,974.97,0.1111111111111111,0.06359759801797045,0.05751131387728644,0.05751131387728644,1.7470960315154513,0.8261594091646318,0.33328510947992757,4.294122849087553,LOW,False
4233,24,1,2209.94,0.041666666666666664,0.06822722764760009,0.05663466226619064,0.05663466226619064,0.6107043786372038,-0.46898065456972554,0.46591258883663084,3.2613881218564154,LOW,False
4234,44,0,4953.71,0.0,0.0699633387587112,0.05506925487779888,0.05506925487779888,0.0,-1.270460966177279,0.5509911136472015,3.8569377955304107,LOW,False
4235,43,4,8778.929,0.09302325581395349,0.0699633387587112,0.05506925487779888,0.05506925487779888,1.3296000085812238,0.4187439453541411,0.5477383052077789,4.699368158980165,LOW,False
4236,118,4,16265.107,0.03389830508474576,0.07059255450420601,0.05525011961463601,0.05525011961463601,0.4801966060418744,-0.6641478728987181,0.6917488962584405,13.83497792516881,LOW,False
4237,117,2,17957.135,0.017094017094017096,0.07159244262861167,0.054313201542439536,0.054313201542439536,0.2387684574850018,-1.0034102941254588,0.690527421634514,13.81054843269028,LOW,False
4238,157,0,21131.086,0.0,0.07094967979072689,0.054883980948444634,0.054883980948444634,0.0,-1.2927210921046999,0.7327796679344233,14.655593358688465,LOW,False
4239,193,3,28957.1,0.015544041450777202,0.068981175853719,0.056591858183458195,0.056591858183458195,0.22533743819820912,-0.9442548118796615,0.762490250028163,15.24980500056326,LOW,False
4240,175,5,33853.83,0.02857142857142857,0.06769727691858306,0.057470152496615017,0.057470152496615017,0.42204694002375226,-0.680802932434519,0.748395935331003,14.967918706620061,LOW,False
4241,197,5,31165.213,0.025380710659898477,0.06696097083545617,0.057868797878510965,0.057868797878510965,0.3790373757015372,-0.7185264201072705,0.7654443093750529,15.30888618750106,LOW,False
4242,222,6,48164.4,0.02702702702702703,0.06730421473199956,0.05758418965277254,0.05758418965277254,0.4015651491462558,-0.6994487193071629,0.7826550433732524,15.65310086746505,LOW,False
4243,200,11,35563.96,0.055,0.06615347382716029,0.058121613517632086,0.058121613517632086,0.8314000281179329,-0.19189890218337988,0.7676209501511251,15.352419003022503,LOW,False
4244,254,22,51408.312,0.08661417322834646,0.06415942620811269,0.057626464432178025,0.057626464432178025,1.3499836009660957,0.38966032779368764,0.8020640075037752,18.666157157321223,LOW,False
4245,222,6,44647.64,0.02702702702702703,0.06590267845083607,0.05764742351337494,0.05764742351337494,0.4101051377932903,-0.6743692788766074,0.7826550433732524,15.65310086746505,LOW,False
4246,248,9,45667.145,0.036290322580645164,0.06557047124362886,0.057855846770379214,0.057855846770379214,0.5534552656455295,-0.5060879806874492,0.7986175617325333,15.972351234650667,LOW,False
4247,187,8,23584.043,0.0427807486631016,0.0643567113200031,0.058163870693749405,0.058163870693749405,0.6647441701982161,-0.3709512864180851,0.7579429477664821,15.158858955329643,LOW,False
4248,168,4,21656.328,0.023809523809523808,0.0651471790222355,0.05771605015744532,0.05771605015744532,0.36547282886028476,-0.7162246047667068,0.7425214642560432,14.850429285120864,LOW,False
4249,145,5,12054.428,0.034482758620689655,0.06534810327379267,0.05755654252958533,0.05755654252958533,0.5276780333809425,-0.5362612710316564,0.7213465784933099,14.426931569866197,LOW,False
4250,88,8,10000.698,0.09090909090909091,0.0658233464214496,0.057238545390327106,0.057238545390327106,1.3811070972755453,0.4382666316303806,0.6497026617837264,5.54832476283439,LOW,False
4251,62,3,9272.17,0.04838709677419355,0.06242731716335139,0.05289232446268592,0.05289232446268592,0.7750949259533405,-0.26544910876554184,0.5996934120163099,4.19785388411417,LOW,False
4252,27,6,2579.79,0.2222222222222222,0.05864175843189637,0.050345624801684995,0.050345624801684995,3.789487698945796,3.249149542481218,0.4823162229106479,20.538648018462577,LOW,False
4253,29,2,2201.773,0.06896551724137931,0.06305605645084555,0.05944179775622755,0.05944179775622755,1.0937175764415332,0.09941591630133086,0.4923025190943706,3.6921262718196184,LOW,False
4254,16,1,1135.754,0.0625,0.05709123583085252,0.05031515089584052,0.05031515089584052,1.0947389575726183,0.10749772330692964,0.41009030347101677,3.1193218879252407,LOW,False
4255,6,3,896.9,0.5,0.05488771018982688,0.0487860169945644,0.0487860169945644,9.109507360951488,9.123767776733368,0.2816585927874237,29.971610149511967,LOW,False
4256,4,0,241.45,0.0,0.07051271018982688,0.10259493542125198,0.10259493542125198,0.0,-0.6872923102909869,0.23295629441831542,1.6306940609282077,LOW,False
4257,19,0,1592.67,0.0,0.06588308056019725,0.10318851188435112,0.10318851188435112,0.0,-0.638473017558737,0.4336139245415396,3.0352974717907775,LOW,False
4258,14,0,1287.8,0.0,0.06414696944908614,0.10396127922413642,0.10396127922413642,0.0,-0.6170275118564846,0.3919737040327585,2.7438159282293095,LOW,False
4259,42,3,5041.064,0.07142857142857142,0.06414696944908614,0.10396127922413642,0.10396127922413642,1.1135143568281076,0.07004148115363641,0.5444107130498506,4.108850178022736,LOW,False
4260,69,6,12943.809,0.08695652173913043,0.06324719093302855,0.10379380597926804,0.10379380597926804,1.3748677286111777,0.22842722243789407,0.6149437022673513,5.2886337034758,LOW,False
4261,97,3,13302.994,0.030927835051546393,0.06545794996029458,0.10370653033975098,0.10370653033975098,0.47248401562081566,-0.33295988975452884,0.6636460006364596,4.645522004455216,LOW,False
4262,133,5,21194.934,0.03759398496240601,0.0660343590418583,0.10346419395397177,0.10346419395397177,0.5693094550758899,-0.2748813187691249,0.708932355598294,14.17864711196588,LOW,False
4263,155,11,25268.22,0.07096774193548387,0.06760077508195855,0.1027027660152452,0.1027027660152452,1.049806630906868,0.0327836044165113,0.7309357718656888,14.992265169115287,LOW,False
4264,157,4,20085.705,0.025477707006369428,0.069910095935488,0.10210271452920137,0.10210271452920137,0.3644353031625057,-0.4351734342617395,0.7327796679344233,14.655593358688465,LOW,False
4265,165,4,19484.729,0.024242424242424242,0.06978119087027719,0.10215911123627278,0.10215911123627278,0.3474062844168246,-0.445763144146108,0.7399289671797024,14.798579343594048,LOW,False
4266,169,4,19119.484,0.023668639053254437,0.06973376226954911,0.1021808828442718,0.1021808828442718,0.3394143422488178,-0.45081938943999894,0.7433754129509443,14.867508259018889,LOW,False
4267,175,8,20112.963,0.045714285714285714,0.06959382943730859,0.10224419091105988,0.10224419091105988,0.6568726866146372,-0.23355403872084232,0.748395935331003,14.967918706620061,LOW,False
4268,138,11,18101.639,0.07971014492753623,0.06920692467540382,0.10231935838132461,0.10231935838132461,1.1517654526825876,0.10265134983537445,0.714234922319791,15.42293934151523,LOW,False
4269,192,9,20418.154,0.046875,0.06891925682953673,0.10227798746480073,0.10227798746480073,0.6801437240674189,-0.21553275906140923,0.7617422179553044,15.23484435910609,LOW,False
4270,155,7,16799.508,0.04516129032258064,0.0697462557034106,0.10200440541351556,0.10200440541351556,0.6475084557173189,-0.24101866268584177,0.7309357718656888,14.618715437313776,LOW,False
4271,139,2,13295.863,0.014388489208633094,0.07011587935932458,0.10189391601685012,0.10189391601685012,0.20521013699187954,-0.5469157760260768,0.7152725173289632,14.305450346579265,LOW,False
4272,139,0,12012.727,0.0,0.06893286854872173,0.10238870035347195,0.10238870035347195,0.0,-0.673246835937441,0.7152725173289632,14.305450346579265,LOW,False
4273,112,3,11425.673,0.026785714285714284,0.06794080505665823,0.10295867905816446,0.10295867905816446,0.3942507637843964,-0.39972434715964245,0.6842604738072507,13.685209476145015,LOW,False
4274,84,10,7127.279,0.11904761904761904,0.06762009487603426,0.10307934739228021,0.10307934739228021,1.7605361137967226,0.49891200781347084,0.6430465978893322,6.497733483941722,LOW,False
4275,69,0,7786.4478,0.0,0.06879253354847294,0.10351486239864491,0.10351486239864491,0.0,-0.6645667293991736,0.6149437022673513,4.304605915871458,LOW,False
4276,51,0,3562.357,0.0,0.06677640451621487,0.10439702460192729,0.10439702460192729,0.0,-0.6396389626125619,0.5719183622512457,4.0034285357587205,LOW,False
4277,26,0,2245.759,0.0,0.057517145256955615,0.09976255809388312,0.09976255809388312,0.0,-0.576540401087432,0.47705222884332926,3.339365601903305,LOW,False
4278,13,0,1217.819,0.0,0.05464358203856481,0.1004096054526805,0.1004096054526805,0.0,-0.5442067199867288,0.3819874078490358,2.673911854943251,LOW,False
4279,4,0,272.297,0.0,0.052039415371898136,0.10100569964178349,0.10100569964178349,0.0,-0.5152126618245882,0.23295629441831542,1.6306940609282077,LOW,False
4280,6,0,687.534,0.0,0.0312060820385648,0.03379749797025374,0.03379749797025374,0.0,-0.9233252137785546,0.2816585927874237,1.971610149511966,LOW,False
4281,9,0,821.8,0.0,0.0312060820385648,0.03379749797025374,0.03379749797025374,0.0,-0.9233252137785546,0.33328510947992757,2.3329957663594927,LOW,False
4282,9,0,936.9,0.0,0.0312060820385648,0.03379749797025374,0.03379749797025374,0.0,-0.9233252137785546,0.33328510947992757,2.3329957663594927,LOW,False
4283,46,25,3240.0151,0.5434782608695652,0.0312060820385648,0.03379749797025374,0.03379749797025374,17.41578004563114,15.157103619974103,0.5572853176432578,31.900997223502806,MEDIUM,False
4284,51,0,4622.606,0.0,0.050874819098606215,0.10989966675559237,0.10989966675559237,0.0,-0.46292059476165237,0.5719183622512457,4.0034285357587205,LOW,False
4285,88,3,14863.329,0.03409090909090909,0.04725163069280911,0.11009163049385151,0.11009163049385151,0.721475821914801,-0.11954334351179433,0.6497026617837264,4.547918632486084,LOW,False
4286,92,3,12549.198,0.03260869565217391,0.04738342544444921,0.11007313079368929,0.11007313079368929,0.6881878071563924,-0.13422648820598793,0.6560660550181688,4.592462385127182,LOW,False
4287,108,13,17231.67,0.12037037037037036,0.047175705056522875,0.11009710906679658,0.11009710906679658,2.551533044946554,0.6648191395238167,0.679043913423446,25.21737610556808,LOW,False
4288,125,8,13394.241,0.064,0.049234147907976485,0.11101924907442497,0.11101924907442497,1.2999107879275653,0.13300262986038394,0.7000222270779219,16.249775451015182,LOW,False
4289,132,2,13487.113,0.015151515151515152,0.05083924344937776,0.11093929484556056,0.11093929484556056,0.29802794305155217,-0.32168699420294466,0.7078481266788389,14.156962533576777,LOW,False
4290,167,5,18156.455,0.029940119760479042,0.050460455570589875,0.1110495196771436,0.1110495196771436,0.5933382769126087,-0.18478545310029254,0.7416624475867031,14.833248951734063,LOW,False
4291,147,4,18110.44,0.027210884353741496,0.050721767266724234,0.1109910979215782,0.1109910979215782,0.5364735067422042,-0.21182674424569234,0.7233159134155036,14.466318268310072,LOW,False
4292,158,1,15606.181,0.006329113924050633,0.04995079221003489,0.11109161297603538,0.11109161297603538,0.1267069778881133,-0.3926640105171063,0.7336928815879392,14.673857631758786,LOW,False
4293,158,7,17488.178,0.04430379746835443,0.04689324925155633,0.11124665798221751,0.11124665798221751,0.9447798601177981,-0.02327667033031964,0.7336928815879392,14.673857631758786,LOW,False
4294,145,4,12681.415,0.027586206896551724,0.04678611581273776,0.11124791438135316,0.11124791438135316,0.5896237893944005,-0.17258668643773006,0.7213465784933099,14.426931569866197,LOW,False
4295,129,0,12284.374,0.0,0.04605382066998656,0.11131689795997231,0.11131689795997231,0.0,-0.4137181462471829,0.7045458416079491,14.090916832158982,LOW,False
4296,129,4,13295.358,0.031007751937984496,0.04545430028629352,0.1115333885926552,0.1115333885926552,0.6821742220798128,-0.12952666937315999,0.7045458416079491,14.090916832158982,LOW,False
4297,120,2,12849.059,0.016666666666666666,0.0467462899503762,0.11116293826039449,0.11116293826039449,0.35653453320807416,-0.27059039419459463,0.6941613501691095,13.88322700338219,LOW,False
4298,93,0,8440.308,0.0,0.046324662966249215,0.11126108466013304,0.11126108466013304,0.0,-0.416359979841615,0.6576141327048699,4.603298928934089,LOW,False
4299,77,9,8892.589,0.11688311688311688,0.04136434550593176,0.11052925997584578,0.11052925997584578,2.825697238854064,0.6832468741190199,0.6306069568040767,9.206703949620454,LOW,False
4300,37,4,3387.79,0.10810810810810811,0.04623447537606162,0.11120043359723986,0.11120043359723986,2.338257484891506,0.5564153909340717,0.5265183489530272,7.198554340511394,LOW,False
4301,15,1,3889.522,0.06666666666666667,0.05073897988056614,0.11143551151170632,0.11143551151170632,1.3139142100135344,0.14293187665250967,0.4013152602464483,3.6332316230106656,LOW,False
4302,14,0,993.864,0.0,0.05351675765834391,0.11094556952515243,0.11094556952515243,0.0,-0.4823694888168666,0.3919737040327585,2.7438159282293095,LOW,False
4303,13,4,1100.494,0.3076923076923077,0.05351675765834391,0.11094556952515243,0.11094556952515243,5.749457200988235,2.2909932421982813,0.3819874078490358,18.822007289560727,LOW,False
4304,10,1,3520.8,0.1,0.06633727047885674,0.12174484005604462,0.12174484005604462,1.5074482154322641,0.2765023101237539,0.34708067508455476,3.761616291101576,LOW,False
4305,8,0,794.82,0.0,0.0705039371455234,0.12108520519323417,0.12108520519323417,0.0,-0.5822671484349347,0.31803481922888616,2.226243734602203,LOW,False
4306,14,1,1676.397,0.07142857142857142,0.0705039371455234,0.12108520519323417,0.12108520519323417,1.0131146475003168,0.00763622840273874,0.3919737040327585,2.7782418779176408,LOW,False
4307,34,1,3358.5898,0.029411764705882353,0.07348012762171387,0.120151151878055,0.120151151878055,0.40026828556012173,-0.36677436900944416,0.5146148872057391,3.6023042104401735,LOW,False
4308,62,2,4453.77,0.03225806451612903,0.05206069028156043,0.0666162416857558,0.0666162416857558,0.6196242182281366,-0.29726422962803806,0.5996934120163099,4.19785388411417,LOW,False
4309,99,0,10704.707,0.0,0.0534047763030658,0.06584108503144782,0.06584108503144782,0.0,-0.8111162851820859,0.6665702189598551,4.665991532718985,LOW,False
4310,111,1,12957.118,0.009009009009009009,0.05198432175761125,0.06663878459250899,0.06663878459250899,0.1733024247390505,-0.6448994082258995,0.682973853033872,13.65947706067744,LOW,False
4311,153,6,18374.137,0.0392156862745098,0.05100100148081271,0.06710957672982588,0.06710957672982588,0.7689199258030902,-0.17561301651102645,0.7290680829335906,14.581361658671813,LOW,False
4312,163,4,19532.324,0.024539877300613498,0.04761955631015186,0.06548725592698267,0.06548725592698267,0.5153319182728697,-0.352430082507532,0.7381744743775209,14.76348948755042,LOW,False
4313,157,5,19626.756,0.03184713375796178,0.045975384531010764,0.0655534396242201,0.0655534396242201,0.6926996714183138,-0.2155226461652975,0.7327796679344233,14.655593358688465,LOW,False
4314,123,3,15458.148,0.024390243902439025,0.04667103530627937,0.06530021356159864,0.06530021356159864,0.5225991611794699,-0.3412054905888256,0.6977062755269499,13.954125510538997,LOW,False
4315,138,5,18738.21,0.036231884057971016,0.04643979047886102,0.06537182555194977,0.06537182555194977,0.7801905151674499,-0.15615146639553415,0.714234922319791,14.284698446395822,LOW,False
4316,142,2,13811.933,0.014084507042253521,0.04681566546653726,0.06528232932306949,0.06528232932306949,0.3008503008959853,-0.5013785317356498,0.7183414072125762,14.366828144251526,LOW,False
4317,142,2,13435.641,0.014084507042253521,0.047138806846462385,0.06509212861983628,0.06509212861983628,0.29878794107217665,-0.5078079409149302,0.7183414072125762,14.366828144251526,LOW,False
4318,167,3,15425.486,0.017964071856287425,0.04587966974537485,0.06544069968055004,0.06544069968055004,0.3915475406860005,-0.4265785363750376,0.7416624475867031,14.833248951734063,LOW,False
4319,156,6,17771.129,0.038461538461538464,0.0454787474520305,0.0655869589077689,0.0655869589077689,0.8457035564162456,-0.10699091873370634,0.7318606560601462,14.637213121202924,LOW,False
4320,133,5,15817.978,0.03759398496240601,0.0470813115545946,0.06489363162398516,0.06489363162398516,0.7984906053182639,-0.1461981145879036,0.708932355598294,14.17864711196588,LOW,False
4321,134,6,18275.633,0.04477611940298507,0.04735573793061216,0.06483660446078408,0.06483660446078408,0.9455268011786266,-0.03978645317842561,0.7100085232616447,14.200170465232894,LOW,False
4322,118,8,12677.916,0.06779661016949153,0.04852696512795877,0.06451119693013631,0.06451119693013631,1.3970914931671787,0.29870233321513484,0.6917488962584405,16.81316412392265,LOW,False
4323,57,1,6633.276,0.017543859649122806,0.05135182388502091,0.0637740274252407,0.0637740274252407,0.3416404388752445,-0.5301212045221637,0.5877242918945924,4.114070043262147,LOW,False
4324,36,0,2973.744,0.0,0.04721268816693782,0.0625478462489392,0.0625478462489392,0.0,-0.7548251618294296,0.5226582832922795,3.6586079830459566,LOW,False
4325,29,7,1785.3359,0.2413793103448276,0.04270818366243332,0.06186070358789358,0.06186070358789358,5.651828048991651,3.2115885394047656,0.4923025190943706,23.621817493556446,LOW,False
4326,20,1,1719.804,0.05,0.04998787714902336,0.07390932343614241,0.07390932343614241,1.0002425158191954,0.0001640232979146915,0.44067600240186683,3.085368620838456,LOW,False
4327,12,0,984.20197,0.0,0.05207121048235669,0.07313970304256694,0.07313970304256694,0.0,-0.7119417814979575,0.3712607321280216,2.598825124896151,LOW,False
4328,8,0,2249.82,0.0,0.03925069766184387,0.049546229687337205,0.049546229687337205,0.0,-0.7922035220346016,0.31803481922888616,2.226243734602203,LOW,False
4329,12,0,884.062,0.0,0.03508403099517721,0.04840703192674135,0.04840703192674135,0.0,-0.7247713730573891,0.3712607321280216,2.598825124896151,LOW,False
4330,27,0,3117.15,0.0,0.03508403099517721,0.04840703192674135,0.04840703192674135,0.0,-0.7247713730573891,0.4823162229106479,3.3762135603745356,LOW,False
4331,36,0,4155.532,0.0,0.032107840518986734,0.048270936253673645,0.048270936253673645,0.0,-0.6651588514930281,0.5226582832922795,3.6586079830459566,LOW,False
4332,89,2,10543.9,0.02247191011235955,0.0308823503229083,0.04871367827071796,0.04871367827071796,0.7276619129500015,-0.17265048563586521,0.6513199287088136,4.559239500961695,LOW,False
4333,134,5,19683.014,0.03731343283582089,0.030474593889417898,0.04874261099535608,0.04874261099535608,1.2244111593814457,0.1403051417794291,0.7100085232616447,15.883254160593738,LOW,False
4334,141,1,22978.0,0.0070921985815602835,0.032029320257577105,0.048321579291567864,0.048321579291567864,0.22142832019304243,-0.5160659490359074,0.717325656490079,14.34651312980158,LOW,False
4335,193,7,28196.87,0.03626943005181347,0.031949453156433404,0.04836284856830152,0.04836284856830152,1.135212858706165,0.08932428554697477,0.762490250028163,16.263901440859495,LOW,False
4336,184,12,37947.656,0.06521739130434782,0.03182669248048773,0.048347339376449146,0.048347339376449146,2.0491413408519037,0.6906419102790443,0.7556145777105949,22.980851610601178,LOW,False
4337,198,12,28530.674,0.06060606060606061,0.03352158889730999,0.048791747827629864,0.048791747827629864,1.8079710001730875,0.5551035352214455,0.7661734992494772,21.383252486287702,LOW,False
4338,202,12,37979.902,0.0594059405940594,0.034719877515980775,0.04910100521539279,0.04910100521539279,1.7110066291770814,0.5027608491880678,0.7690540696204041,20.713631111236193,LOW,False
4339,185,0,24204.13,0.0,0.03617886487813162,0.04930054824789148,0.04930054824789148,0.0,-0.7338430537570938,0.7563948700797809,15.12789740159562,LOW,False
4340,160,9,29043.857,0.05625,0.03466920304238283,0.049850525654076785,0.049850525654076785,1.6224774457963402,0.43291011828783577,0.735502203696412,19.37862491740079,LOW,False
4341,179,3,32321.43,0.01675977653631285,0.036426098582288936,0.04983653435727622,0.04983653435727622,0.46010352984828773,-0.3946165659311094,0.7516487437704258,15.032974875408517,LOW,False
4342,146,2,33542.434,0.0136986301369863,0.036537568144541406,0.04978735779128735,0.04978735779128735,0.3749190444967485,-0.45872966593844544,0.7223345951892906,14.44669190378581,LOW,False
4343,185,5,24825.756,0.02702702702702703,0.036359841406237194,0.0498640966707489,0.0498640966707489,0.7433208171912101,-0.18716501455615356,0.7563948700797809,15.12789740159562,LOW,False
4344,193,11,34142.062,0.05699481865284974,0.03588340342979922,0.04989775790223022,0.04989775790223022,1.5883336920465756,0.42309346372669243,0.762490250028163,19.662307690912577,LOW,False
4345,127,3,15397.748,0.023622047244094488,0.03669177150023437,0.050083480897851494,0.050083480897851494,0.6437968590299217,-0.2609587836515684,0.7023017054312845,14.04603410862569,LOW,False
4346,133,8,20592.078,0.06015037593984962,0.035810351826947265,0.05012114964033921,0.05012114964033921,1.6796924037642798,0.48562381923723225,0.708932355598294,19.276340140197977,LOW,False
4347,104,4,14388.858,0.038461538461538464,0.03549175873404552,0.049932938402570085,0.049932938402570085,1.0836751920282885,0.059475364809295696,0.6736322968201822,14.10020987661581,LOW,False
4348,27,0,2941.615,0.0,0.036363328684562844,0.04978838831478223,0.04978838831478223,0.0,-0.7303576178176173,0.4823162229106479,3.3762135603745356,LOW,False
4349,30,0,3072.94,0.0,0.036363328684562844,0.04978838831478223,0.04978838831478223,0.0,-0.7303576178176173,0.49704864540372573,3.4793405178260803,LOW,False
4350,12,1,1139.6,0.08333333333333333,0.026305857420195023,0.024563490503905265,0.024563490503905265,3.1678622750140155,2.3216356773102627,0.3712607321280216,14.071619685040337,LOW,False
4351,7,0,549.9,0.0,0.027694746309083907,0.026801866281587587,0.026801866281587587,0.0,-1.0333140990301004,0.3009864451848362,2.1069051162938535,LOW,False
4352,10,1,1520.442,0.1,0.027694746309083907,0.026801866281587587,0.026801866281587587,3.6107931404737186,2.697769361702567,0.34708067508455476,16.710637676784124,LOW,False
4353,10,0,1006.32,0.0,0.031861412975750576,0.029902889858577367,0.029902889858577367,0.0,-1.0654961151392337,0.34708067508455476,2.429564725591883,LOW,False
4354,35,1,3654.103,0.02857142857142857,0.031861412975750576,0.029902889858577367,0.029902889858577367,0.8967407877727839,-0.11002228948043642,0.5186924493521103,3.630847145464772,LOW,False
4355,47,0,5186.0,0.0,0.03305188916622676,0.02913825041649756,0.02913825041649756,0.0,-1.1343127570732034,0.5603326698608914,3.9223286890262394,LOW,False
4356,79,4,7720.806,0.05063291139240506,0.03305188916622676,0.02913825041649756,0.02913825041649756,1.5319218558963046,0.6033657469092323,0.6342715546647637,5.836195754381145,LOW,False
4357,119,5,23842.418,0.04201680672268908,0.034225264219562,0.029260433760085518,0.029260433760085518,1.2276547071526682,0.2662825358985488,0.6929601492175947,15.566613287996908,LOW,False
4358,151,6,30026.21,0.039735099337748346,0.03442123813151484,0.029297743078715494,0.029297743078715494,1.154377398800432,0.18137442163911835,0.7271759790762514,15.70135007252827,LOW,False
4359,163,7,30596.832,0.04294478527607362,0.035781358996356004,0.028725984802762432,0.028725984802762432,1.2001999499361427,0.24937095556176536,0.7381744743775209,16.264989112071486,LOW,False
4360,216,4,36928.5,0.018518518518518517,0.03605949879736685,0.02876320902394796,0.02876320902394796,0.5135545178423496,-0.6098408652610314,0.7787072381911495,15.574144763822991,LOW,False
4361,169,10,24342.393,0.05917159763313609,0.034113712431290626,0.02828046468999629,0.02828046468999629,1.7345399669506874,0.886049273819367,0.7433754129509443,20.376558011149044,LOW,False
4362,182,11,22760.588,0.06043956043956044,0.0340539431407521,0.028223498591429984,0.028223498591429984,1.77481826964211,0.9348811669585246,0.7540412591337875,20.891962204991575,LOW,False
4363,191,8,29645.027,0.041884816753926704,0.034097010634314646,0.028264624981538308,0.028264624981538308,1.2284014338715823,0.2755319104604729,0.7609902999841155,16.93281675371918,LOW,False
4364,176,3,28880.852,0.017045454545454544,0.03584221133239493,0.027345927255382256,0.027345927255382256,0.4755692774471343,-0.6873695161768847,0.7492160161873449,14.9843203237469,LOW,False
4365,178,7,27537.152,0.03932584269662921,0.034208688605122196,0.027244618673192604,0.027244618673192604,1.1495863858031905,0.18782256242558645,0.7508423690723203,16.138745274970336,LOW,False
4366,182,17,26188.924,0.09340659340659341,0.03514894136180205,0.027004585440409803,0.027004585440409803,2.6574511148180013,2.157324435635079,0.7540412591337875,41.97826398924925,MEDIUM,True
4367,198,11,30517.178,0.05555555555555555,0.03847010649803568,0.02907397645739025,0.02907397645739025,1.4441227387398128,0.5876543610248732,0.7661734992494772,18.65439052553814,LOW,False
4368,155,3,21322.338,0.01935483870967742,0.03965879518672436,0.029168824501648098,0.029168824501648098,0.4880339561136336,-0.6960841523078768,0.7309357718656888,14.618715437313776,LOW,False
4369,143,8,14905.114,0.055944055944055944,0.038090462689092185,0.029208060501401692,0.029208060501401692,1.4687155785082238,0.6112556927258819,0.7193500794753345,17.90236842831837,LOW,False
4370,98,6,10459.407,0.061224489795918366,0.039437213051590585,0.029257057438834288,0.029257057438834288,1.552454777061105,0.7446844847564366,0.6651154943134409,6.106002249979487,LOW,False
4371,95,10,13294.267,0.10526315789473684,0.039481967795593445,0.029290922075627012,0.029290922075627012,2.6661071818838065,2.2457876173819717,0.6606614849225034,14.448482572948642,LOW,False
4372,31,2,3787.946,0.06451612903225806,0.04226536860531005,0.03221748423648218,0.03221748423648218,1.5264537175751147,0.69064239354083,0.5016440753080604,4.893449535791099,LOW,False
4373,36,3,5595.676,0.08333333333333333,0.0449535406483208,0.031213520749265016,0.031213520749265016,1.8537657352791002,1.2295887091146633,0.5226582832922795,6.904193640530247,LOW,False
4374,17,0,3004.72,0.0,0.04842576287054302,0.030624915262961912,0.030624915262961912,0.0,-1.5812537750630002,0.4183636342904982,2.9285454400334876,LOW,False
4375,13,0,940.35,0.0,0.04495354064832079,0.031213520749265016,0.031213520749265016,0.0,-1.440194491657251,0.3819874078490358,2.673911854943251,LOW,False
4376,10,0,6131.046,0.0,0.04495354064832079,0.031213520749265016,0.031213520749265016,0.0,-1.440194491657251,0.34708067508455476,2.429564725591883,LOW,False
4377,21,2,4513.4,0.09523809523809523,0.04078687398165413,0.030204067280812076,0.030204067280812076,2.335018253199134,1.8027777765888062,0.4474094901461668,10.14844211824692,LOW,False
4378,48,3,8374.46,0.0625,0.0447551279499081,0.03086154783851996,0.03086154783851996,1.3964880196511278,0.5749832167505081,0.5633171855748474,4.984001350608142,LOW,False
4379,70,0,9444.904,0.0,0.04616881842609857,0.030865072397913862,0.030865072397913862,0.0,-1.4958273167445761,0.6169968414284669,4.3189778899992675,LOW,False
4380,110,8,14569.2,0.07272727272727272,0.04616881842609857,0.030865072397913862,0.030865072397913862,1.5752465669808227,0.860469528753453,0.6816756929067226,17.947863110490623,LOW,False
4381,125,7,29311.084,0.056,0.0470894168150514,0.03133000735533335,0.03133000735533335,1.1892268749036718,0.2844105040860048,0.7000222270779219,15.41964610333598,LOW,False
4382,185,3,21819.842,0.016216216216216217,0.04767204986827268,0.03136157670539622,0.03136157670539622,0.3401619242517332,-1.0030054913228905,0.7563948700797809,15.12789740159562,LOW,False
4383,174,8,27941.305,0.04597701149425287,0.04669209640487551,0.03198168105090792,0.03198168105090792,0.9846850973573341,-0.02235920336658905,0.7475711816240547,14.951423632481095,LOW,False
4384,167,4,24829.062,0.023952095808383235,0.04681843916396631,0.03197222172807597,0.03197222172807597,0.5115953508082325,-0.7151940690910231,0.7416624475867031,14.833248951734063,LOW,False
4385,200,3,42978.008,0.015,0.04704483821771068,0.031781784586411684,0.031781784586411684,0.3188447567952958,-1.0082768678575547,0.7676209501511251,15.352419003022503,LOW,False
4386,183,13,30186.898,0.07103825136612021,0.045204354982996665,0.03232336508661383,0.03232336508661383,1.5714913174370215,0.7992328866100089,0.7548300560938245,19.38278600265415,LOW,False
4387,189,7,50836.496,0.037037037037037035,0.04564596710493666,0.03261167876207545,0.03261167876207545,0.8113977945059563,-0.26398303904278186,0.7594746433713426,15.189492867426853,LOW,False
4388,173,7,33948.207,0.04046242774566474,0.0454439762833996,0.03265097696560975,0.03265097696560975,0.8903804432369932,-0.1525696625550215,0.7467417015090355,14.93483403018071,LOW,False
4389,171,9,32601.545,0.05263157894736842,0.04641968350007502,0.03211086535994984,0.03211086535994984,1.1338202886989386,0.19345151174409525,0.7450683431730747,15.905019028703531,LOW,False
4390,165,10,27179.98,0.06060606060606061,0.04697408917718915,0.03209792408144509,0.03209792408144509,1.2902019319086917,0.42469947259772234,0.7399289671797024,16.975093832909234,LOW,False
4391,175,3,34224.56,0.017142857142857144,0.045607400310500285,0.030702917203704223,0.030702917203704223,0.37587884918119985,-0.9270957211912414,0.748395935331003,14.967918706620061,LOW,False
