hour_bin,transactions,average_risk,observed_fraud,risk_baseline,risk_std,risk_lift,z_score,spike_score,transaction_risk_score,final_risk_score,severity,explanation,alert
3653,41,0.0339946574418375,2,,0.0,,,,3.3994657441837504,2.03967944651025,LOW,no major anomaly detected,False
3654,45,0.024694880375937082,3,,0.0,,,,2.4694880375937083,1.481692822556225,LOW,no major anomaly detected,False
3655,36,0.030874427716024284,8,,0.0,,,,3.0874427716024284,1.8524656629614569,LOW,no major anomaly detected,False
3656,20,0.03230124238400892,0,,0.0,,,,3.2301242384008924,1.9380745430405353,LOW,no major anomaly detected,False
3657,17,0.01854193932387712,0,,0.0,,,,1.854193932387712,1.112516359432627,LOW,no major anomaly detected,False
3658,44,0.02197254869553821,0,,0.0,,,,2.197254869553821,1.3183529217322925,LOW,no major anomaly detected,False
3659,103,0.024539179374591533,1,0.027063282656203853,0.006231263098326952,0.9067332919780259,-0.4050708888042334,13.444943546257157,2.453917937459153,6.850328180978355,LOW,103 transactions in window,False
3660,189,0.024504299819011404,4,0.026702696473116377,0.0057677861092315565,0.9176713611556696,-0.3811508631685141,15.189492867426853,2.4504299819011406,7.546055136111426,LOW,189 transactions in window,False
3661,223,0.024634446908043468,4,0.026427896891353258,0.005396201957709957,0.9321379983173548,-0.3323541256174362,15.666053361909682,2.4634446908043466,7.744488159246481,LOW,223 transactions in window,False
3662,238,0.028900740780940248,0,0.026228624670985502,0.005082962313713956,1.1018778583884605,0.525700555116317,16.61777603400005,2.890074078094025,8.381154860456437,LOW,238 transactions in window,False
3663,259,0.03172225340943408,3,0.02649583628198098,0.004866189829558216,1.197254280704,1.074026560925921,18.50223225024524,3.1722253409434082,9.30422810466414,LOW,259 transactions in window,False
3664,264,0.03470135626622148,7,0.026970965111749443,0.004878016458071344,1.286619003897062,1.5847406873097054,25.611536448435512,3.470135626622148,12.326695955347494,LOW,264 transactions in window,False
3665,252,0.032885878577908347,13,0.02761516437462211,0.00515865980454984,1.190863039299159,1.0217216104534685,17.72147864528291,3.2885878577908345,9.061744172787666,LOW,252 transactions in window,False
3666,234,0.03455670163057791,5,0.028020603928721053,0.005150832885451796,1.2332604150318607,1.2689399650914042,20.916034917612976,3.4556701630577913,10.439816064879865,LOW,234 transactions in window,False
3667,257,0.034818350604956735,8,0.028487468050282256,0.005248018355842834,1.2222339501531008,1.2063377308172043,20.321115015881425,3.4818350604956736,10.217547042649974,LOW,257 transactions in window,False
3668,269,0.04190803786808431,8,0.028909526887260555,0.005314737768127368,1.4496272468074098,2.4457483224809677,37.650805148532804,4.190803786808431,17.574804331498182,LOW,2.4σ statistical deviation; 269 transactions in window,False
3669,241,0.03253491937517628,15,0.02972193382356204,0.006076464612758618,1.094643422877964,0.46293128173706094,16.599628976199163,3.2534919375176283,8.591946752990243,LOW,241 transactions in window,False
3670,226,0.033244760753948915,7,0.029887403561892286,0.0059229361204033255,1.1123335182028793,0.5668400137714145,16.547068101564594,3.3244760753948914,8.613512885862773,LOW,226 transactions in window,False
3671,193,0.033845469226841556,1,0.030073923405895438,0.00580032651290569,1.125409171595043,0.6502299159460165,16.190373787526084,3.3845469226841556,8.506877668620927,LOW,193 transactions in window,False
3672,185,0.03317210465712725,0,0.03027242581752418,0.005702924625409578,1.0957861407302383,0.5084547017653803,15.846293457072406,3.317210465712725,8.328843662256597,LOW,185 transactions in window,False
3673,186,0.03367630096274595,2,0.030417409759504334,0.00558855982577968,1.1071390111455277,0.5831361396917601,15.946962154702888,3.367630096274595,8.399362919645913,LOW,186 transactions in window,False
3674,159,0.038656317361623255,8,0.030572595054896793,0.005493280702278886,1.2644107342609012,1.4715654897032537,22.569656522774945,3.8656317361623254,11.347241650807375,LOW,159 transactions in window,False
3675,110,0.04197440504481599,1,0.03094003697792981,0.005631116464378177,1.3566371971293127,1.9595346920434658,28.302476487147622,4.197440504481599,13.83945489754801,LOW,110 transactions in window,False
3676,59,0.03539541796645814,0,0.03141979211127269,0.005963382236066149,1.1265325321410733,0.6666729882148299,12.801620674177705,3.539541796645814,7.244373347658572,LOW,no major anomaly detected,False
3677,38,0.05145310372832237,4,0.031585443188572086,0.005888490776930925,1.6290131951334654,3.3739817709462874,44.99793393517887,5.1453103728322365,21.08635979777089,LOW,risk 1.6x above recent baseline; 3.4σ statistical deviation,False
3678,25,0.0406050196575857,5,0.03231287845050895,0.007143647759121406,1.2566203199686203,1.1607712875384821,13.36608443778835,4.06050196575857,7.782734954570483,LOW,no major anomaly detected,False
3679,10,0.01971857040017068,0,0.03297580092057765,0.00714419100707883,0.5979709317042196,-1.8556657439969098,6.941613501691095,1.9718570400170679,3.9597596246866784,LOW,no major anomaly detected,False
3680,9,0.02877081696748748,1,0.032510973532417074,0.007633053244185059,0.8849571034469257,-0.4899948218989413,6.6657021895985515,2.877081696748748,4.392529893888669,LOW,no major anomaly detected,False
3681,21,0.015439106755983716,0,0.03236387247339535,0.00767119399106015,0.4770475711358521,-2.206275286107405,8.948189802923338,1.5439106755983716,4.505622326528359,LOW,no major anomaly detected,False
3682,31,0.02194178011294524,1,0.03223458778306646,0.007935847963148581,0.680690575620506,-1.2970016207363813,10.032881506161209,2.194178011294524,5.329659409241198,LOW,no major anomaly detected,False
3683,83,0.022793597766253865,2,0.03223330575879175,0.007937580155352618,0.7071442791757973,-1.189242540898604,12.82667265050182,2.2793597766253866,6.49828492617596,LOW,no major anomaly detected,False
3684,98,0.025566966472624048,5,0.03216057319177768,0.008018729857565072,0.7949785695722803,-0.8222757015480525,13.302309886268818,2.5566966472624046,6.85494194286497,LOW,no major anomaly detected,False
3685,128,0.0279647696711305,5,0.03220485096901154,0.007977443012069837,0.8683402912821745,-0.5315088169813077,14.068562453285875,2.79647696711305,7.30531116158218,LOW,128 transactions in window,False
3686,160,0.040188101983711075,0,0.0323436144174735,0.007868251769650874,1.2425358979669143,0.9969797352564439,16.529063308680094,4.018810198371107,9.022911442494703,LOW,160 transactions in window,False
3687,196,0.038340513193766586,3,0.03281392113425562,0.007989912010331843,1.1684221777976285,0.6916962354985218,16.557394881167465,3.8340513193766586,8.923388744092982,LOW,196 transactions in window,False
3688,208,0.037904351789271554,4,0.033089681958602804,0.00806445875445328,1.1455036599231203,0.5970233064940704,16.5566816289428,3.7904351789271553,8.896933758933415,LOW,208 transactions in window,False
3689,203,0.04128444593935046,5,0.03322314010539656,0.008118611122145097,1.2426412978538557,0.9929414911825395,17.2151165980776,4.128444593935046,9.363113395592068,LOW,203 transactions in window,False
3690,174,0.04226189817083252,11,0.03357308041212332,0.008282785657962683,1.2588031140440616,1.0490212010202362,17.50521200056451,4.226189817083252,9.537798690475755,LOW,174 transactions in window,False
3691,184,0.038564729164300295,12,0.03389413026796726,0.00846978946144182,1.1377996384449827,0.5514421483078935,16.14578884254927,3.8564729164300293,8.772199286877726,LOW,184 transactions in window,False
3692,179,0.042740888534048206,5,0.034050229374606576,0.008521926133214935,1.255230561410632,1.019799869605657,17.19470245605897,4.2740888534048205,9.44233429446648,LOW,179 transactions in window,False
3693,229,0.039872762146198226,8,0.034084931485688405,0.008556938898238843,1.169806140374377,0.6763903224435844,17.016120460586144,3.987276214619823,9.198813913006353,LOW,229 transactions in window,False
3694,214,0.05054064904285801,23,0.03439067493448098,0.00862992927812458,1.469603290401976,1.8713912464282292,29.961755407731005,5.054064904285801,15.017141105663883,LOW,214 transactions in window,False
3695,216,0.05033481762424693,21,0.03511133694651886,0.009231290549191841,1.4335773571059478,1.649117270938982,26.939940828854876,5.033481762424693,13.796065388996768,LOW,216 transactions in window,False
3696,224,0.03486004755973328,5,0.03579839312974408,0.009732972899801934,0.973788053374073,-0.09640893688606673,15.678948161310341,3.486004755973328,8.363182118108133,LOW,224 transactions in window,False
3697,175,0.03617834504002766,1,0.03586872408401934,0.009719259008261965,1.008632059375267,0.031856436354368974,15.032659151934563,3.6178345040027664,8.183764363175484,LOW,175 transactions in window,False
3698,126,0.03139907334960061,3,0.03597297592057274,0.009708132412763385,0.8728517045386746,-0.4711413458842784,14.0233290692617,3.139907334960061,7.493276028680716,LOW,126 transactions in window,False
3699,120,0.05051809631199879,8,0.03567059075340513,0.009733907531657877,1.4162394074501363,1.5253386690087898,23.571755921868085,5.0518096311998795,12.459788147467162,LOW,120 transactions in window,False
3700,66,0.05869689755566495,4,0.036026577889537746,0.010122928959862196,1.6292665302721063,2.2395020014479896,32.385344805874304,5.869689755566495,16.47595177568962,LOW,risk 1.6x above recent baseline; 2.2σ statistical deviation,False
3701,59,0.03715007832888211,2,0.03699747287242136,0.011127358817829126,1.0041247535199764,0.013714436548611592,11.883562334519478,3.7150078328882112,6.982429633540718,LOW,no major anomaly detected,False
3702,44,0.030291988729045264,3,0.03640151348077802,0.010694067088738473,0.8321628919369268,-0.5713003949794245,11.019822272944031,3.0291988729045265,6.2254482329203285,LOW,no major anomaly detected,False
3703,32,0.024134054171797932,2,0.0359718038587555,0.01072497258647651,0.6709158725139587,-1.1037557058079754,10.121961693979955,2.4134054171797934,5.496827927899858,LOW,no major anomaly detected,False
3704,30,0.05602076066915114,4,0.036155782349239975,0.01046885280104378,1.5494274229230929,1.8975315344896777,25.28082276111868,5.602076066915114,13.473574744596542,LOW,risk 1.5x above recent baseline,False
3705,31,0.03041044093813933,0,0.03729119667014263,0.011092237571630713,0.8154857889687298,-0.6203217058388094,10.032881506161209,3.041044093813933,5.837779058752843,LOW,no major anomaly detected,False
3706,47,0.020611019354899188,1,0.037915002261065776,0.01019454170624187,0.5436111862259934,-1.6973772244780538,11.206653397217828,2.0611019354899187,5.719322520181082,LOW,no major anomaly detected,False
3707,104,0.02885287578370303,0,0.03785955389614719,0.010288384890195726,0.762102899121568,-0.8754219645327457,13.472645936403646,2.885287578370303,7.120230921583641,LOW,104 transactions in window,False
3708,146,0.02608608074468522,1,0.0381120238135409,0.009972085593677195,0.6844580301562743,-1.205960674513337,14.44669190378581,2.6086080744685223,7.343841606195438,LOW,146 transactions in window,False
3709,215,0.032893531738087685,4,0.03813365357487679,0.00994421594982647,0.8625853715668776,-0.5269517338750619,15.560773480563311,3.2893531738087685,8.197921296510586,LOW,215 transactions in window,False
3710,220,0.03370833211722869,5,0.038339018661,0.009774526322507852,0.8792173950847149,-0.4737504806865374,15.627020711980766,3.370833211722869,8.273308211826027,LOW,220 transactions in window,False
3711,208,0.03766013639937382,7,0.038069028249896567,0.009810655396443026,0.9892591991621469,-0.041678341965919304,15.465404179519398,3.7660136399373823,8.44576985577019,LOW,208 transactions in window,False
3712,205,0.02888547759779408,3,0.03804067921679687,0.009810819813559028,0.7593312788442456,-0.9331739643561551,15.42354979725498,2.8885477597794083,7.902548574769638,LOW,205 transactions in window,False
3713,255,0.03240919798926078,2,0.03766489279215198,0.009987405602873645,0.8604617081510371,-0.5262322380678119,16.052610409857934,3.2409197989260776,8.36559604329882,LOW,255 transactions in window,False
3714,282,0.030929796347654782,1,0.03729509079423157,0.010011839304601878,0.8293262112781528,-0.6357767292220744,16.34287821170229,3.092979634765478,8.392939065540203,LOW,282 transactions in window,False
3715,236,0.04340364023813957,5,0.036822919884932505,0.010034606235770502,1.1787126163207882,0.6558025495558241,17.169709872151,4.340364023813957,9.472102363148775,LOW,236 transactions in window,False
3716,259,0.0328771814715179,9,0.0370245411796758,0.010119380386482996,0.8879834948384303,-0.40984324630169616,16.097493133391225,3.28771814715179,8.411628141647563,LOW,259 transactions in window,False
3717,229,0.03635104684905416,7,0.03661355338540371,0.010077337615551863,0.9928303452662368,-0.026049195369264717,15.742574407778317,3.635104684905416,8.478092574054577,LOW,229 transactions in window,False
3718,247,0.0337056293551337,11,0.036466815248022706,0.010053428069032576,0.9242822310062099,-0.2746511810627307,15.96070181177124,3.37056293551337,8.406618486016518,LOW,247 transactions in window,False
3719,223,0.0349792173714882,6,0.035765356094367526,0.009606123132828394,0.978019547161642,-0.08183725234509424,15.666053361909682,3.49792173714882,8.365174387053166,LOW,223 transactions in window,False
3720,167,0.034961876301794245,3,0.03512553941716925,0.009091106197294687,0.9953406234298282,-0.018002552365267183,14.833248951734063,3.4961876301794246,8.03101215880128,LOW,167 transactions in window,False
3721,164,0.03805906972616506,5,0.03512978228142178,0.009091000665074147,1.0833847309749034,0.322218373165127,15.406473064658039,3.805906972616506,8.44613340943312,LOW,164 transactions in window,False
3722,153,0.050515080393921594,5,0.035208145810010846,0.009108521098823014,1.4347554871679291,1.6805071227082826,26.34836684628481,5.051508039392159,13.57025156214922,LOW,153 transactions in window,False
3723,98,0.051265636682403574,7,0.03600464610352422,0.00958433030502314,1.4238617020425477,1.592285542463106,23.884841932376748,5.126563668240357,12.629874973894914,LOW,no major anomaly detected,False
3724,86,0.07645257020863887,26,0.03603579361895775,0.00963463007248288,2.121573095268772,4.19494846046181,61.27691169923689,7.645257020863887,29.09791889221309,LOW,risk 2.1x above recent baseline; 4.2σ statistical deviation,False
3725,46,0.08191898577357684,8,0.03677561331283167,0.01187224462227452,2.2275355430984436,3.8024294391683844,55.382590915708285,8.191898577357684,27.068175512697927,LOW,risk 2.2x above recent baseline; 3.8σ statistical deviation,False
3726,19,0.04104277938335859,4,0.03864098445636061,0.015030588593211271,1.062156670198464,0.1597938039554069,9.138453517319272,4.1042779383358585,6.117948169929225,LOW,no major anomaly detected,False
3727,7,0.023493000817392962,0,0.039088934066956994,0.014930818327368037,0.6010141073980392,-1.0445464479985564,6.019728903696724,2.349300081739296,3.8174716105222677,LOW,no major anomaly detected,False
3728,19,0.021618652298739053,0,0.03906222351052346,0.014959281406576607,0.5534414161783426,-1.1660701298202478,8.672278490830793,2.1618652298739054,4.766030534256661,LOW,no major anomaly detected,False
3729,21,0.029746680822353717,2,0.03762880232842295,0.014911792514416801,0.7905295672906532,-0.528583099479741,8.948189802923338,2.9746680822353717,5.364076770510558,LOW,no major anomaly detected,False
3730,26,0.02008428824946728,0,0.037601145656931886,0.014926370782174079,0.5341403273377304,-1.1735510033278977,9.541044576866586,2.0084288249467277,5.021475125714671,LOW,no major anomaly detected,False
3731,70,0.033207611304385064,0,0.03757919852753889,0.014952802369540486,0.8836700250552116,-0.2923590585306564,12.339936828569337,3.3207611304385063,6.928431409690839,LOW,no major anomaly detected,False
3732,115,0.03460223052028178,3,0.03776064584090064,0.01486849131453278,0.916356957083668,-0.21242338942161268,13.761062139124089,3.4602230520281783,7.580558686866542,LOW,115 transactions in window,False
3733,140,0.028347972208446037,6,0.03811548541488383,0.014678163360274993,0.743738979049611,-0.665445190021022,14.326054545154019,2.834797220844604,7.43130015056837,LOW,140 transactions in window,False
3734,161,0.037659896015014425,12,0.03792608710114877,0.014777464664932531,0.9929813195486155,-0.018013312308302987,14.727969070387688,3.7659896015014427,8.150781389055942,LOW,161 transactions in window,False
3735,212,0.037616522770063165,4,0.03809073559688984,0.014750416951770694,0.987550441875284,-0.0321491133692831,15.520285020858202,3.7616522770063163,8.46510537454707,LOW,212 transactions in window,False
3736,240,0.039213213464451786,10,0.038088918362335224,0.014750474994054127,1.0295176432006097,0.0762209422116754,16.099198540356937,3.9213213464451786,8.792472224009883,LOW,240 transactions in window,False
3737,245,0.03295267176447146,4,0.03851924069011263,0.014620379241626165,0.8554860161854116,-0.38074039213650535,15.937261378607037,3.295267176447146,8.352064857311102,LOW,245 transactions in window,False
3738,219,0.04502263325915367,10,0.03854188543074641,0.014610922078841336,1.1681481784292085,0.44355501955569887,16.875003330740952,4.502263325915367,9.451359327845601,LOW,219 transactions in window,False
3739,220,0.034068214582192426,0,0.03912908696872553,0.014574842632544355,0.8706621396359675,-0.3472334154217636,15.627020711980766,3.4068214582192424,8.294901159723851,LOW,220 transactions in window,False
3740,239,0.04178345269126248,2,0.03874011089972773,0.014580374294480785,1.0785579008643504,0.20872864647149494,16.454963542066764,4.178345269126249,9.088992578302456,LOW,239 transactions in window,False
3741,229,0.03749155779153696,6,0.03911120553388375,0.014537943089609307,0.9585886520183169,-0.11140831494273765,15.742574407778317,3.7491557791536962,8.546523230603544,LOW,229 transactions in window,False
3742,262,0.04509044001171457,2,0.039158726823153876,0.014530390547517645,1.151478703976999,0.4082280630491422,17.266794611267272,4.509044001171457,9.612144245209784,LOW,262 transactions in window,False
3743,194,0.04322573516144411,0,0.03963309393384474,0.014530462913833465,1.0906475087106795,0.24724891759498324,15.944545038545698,4.322573516144411,8.971362125104926,LOW,194 transactions in window,False
3744,193,0.03578255455332932,3,0.03997669884175958,0.01451312010205492,0.8950852769251406,-0.28898984222120544,15.24980500056326,3.578255455332932,8.246875273425063,LOW,193 transactions in window,False
3745,148,0.03537071805263622,2,0.04001089376890687,0.014501753125496102,0.8840271916175837,-0.3199734319095927,14.4858124677612,3.5370718052636216,7.916568070262653,LOW,148 transactions in window,False
3746,103,0.05819242673241188,2,0.03989887911584316,0.014527844156472422,1.4584977829440995,1.2592059372015365,20.12375113335711,5.819242673241188,11.541046057287558,LOW,103 transactions in window,False
3747,71,0.0493304194367721,2,0.0402187685466136,0.014852659163278815,1.226552209812145,0.6134693316524641,14.079566861865537,4.9330419436772095,8.59165191095254,LOW,no major anomaly detected,False
3748,33,0.061871057213970515,1,0.040138134494712284,0.01479522099545332,1.5414532337600613,1.468915045333687,20.130719690524124,6.187105721397051,11.764551309047881,LOW,risk 1.5x above recent baseline,False
3749,21,0.05000422796225285,0,0.039530571453267764,0.013480081084963527,1.26495079944308,0.7769728121790023,10.935320798746437,5.000422796225285,7.374381997233746,LOW,no major anomaly detected,False
3750,32,0.05630139249492908,3,0.03820078987779593,0.010320662336493976,1.4738279673021646,1.7538218020300131,23.098443974121356,5.630139249492908,12.617461139344288,LOW,no major anomaly detected,False
3751,9,0.04307360311595053,0,0.038836565424111374,0.01095390240594627,1.109099186438578,0.3868062298545859,7.483946087887887,4.307360311595053,5.577994622112186,LOW,no major anomaly detected,False
3752,12,0.020644828692923577,0,0.03965242385321794,0.010480366750689758,0.5206448102477895,-1.8136383594632688,7.425214642560432,2.0644828692923576,4.208775578599587,LOW,no major anomaly detected,False
3753,20,0.07938422868894343,0,0.03961184786964229,0.010554842798891226,2.0040526498583744,3.768164204537389,50.94596747869251,7.938422868894343,25.141440712813612,LOW,risk 2.0x above recent baseline; 3.8σ statistical deviation,False
3754,15,0.02900957739347642,2,0.041680079030750196,0.01309524819496847,0.6960058154418111,-0.9675648333371877,8.026305204928967,2.900957739347642,4.951096725580172,LOW,no major anomaly detected,False
3755,25,0.04535537123799415,0,0.04205196607841725,0.012571554008713216,1.0785553082920503,0.2627682430737955,10.02095575598305,4.535537123799415,6.729704576672869,LOW,no major anomaly detected,False
3756,54,0.024530369845306182,0,0.04255812274231763,0.012443878395663436,0.5763968959306195,-1.4487246117170296,11.600739390057404,2.4530369845306184,6.112117946741333,LOW,no major anomaly detected,False
3757,121,0.03568734768767294,3,0.04213846188086031,0.012885835511098625,0.8469067472983031,-0.5006360811940365,13.907053291619132,3.568734768767294,7.70406217790803,LOW,121 transactions in window,False
3758,119,0.03134921098256918,1,0.042444269192494756,0.012628856261826788,0.7385970256760254,-0.878548142436507,13.859202984351896,3.134921098256918,7.424633852694909,LOW,119 transactions in window,False
3759,151,0.028998152709953293,0,0.04218132398280954,0.012797375693382724,0.6874642607655255,-1.0301464603928923,14.54351958152503,2.8998152709953295,7.55729699520721,LOW,151 transactions in window,False
3760,186,0.03622366103877019,2,0.04182222523030497,0.013049468947090415,0.8661342345916597,-0.4290262089771142,15.14341957111143,3.6223661038770194,8.230787490770783,LOW,186 transactions in window,False
3761,185,0.036411495733054314,2,0.041697660545901565,0.013089662867055145,0.8732263454677957,-0.40384270141531226,15.12789740159562,3.6411495733054315,8.235848704621507,LOW,185 transactions in window,False
3762,178,0.03869556810319475,5,0.04184177821125918,0.013007980048029956,0.9248069694318628,-0.24186769171289735,15.016847381446407,3.8695568103194753,8.328473038770248,LOW,178 transactions in window,False
3763,192,0.038961005448953104,5,0.04157815049642756,0.01300482576462268,0.9370547988251828,-0.20124414543053198,15.23484435910609,3.8961005448953103,8.431598070579621,LOW,192 transactions in window,False
3764,185,0.03873468167456619,7,0.04178201678254259,0.012920053806809004,0.9270658684611499,-0.23586086819316698,15.12789740159562,3.8734681674566187,8.37523986111222,LOW,185 transactions in window,False
3765,166,0.03184317740406085,2,0.04165498465684691,0.012935018421298756,0.7644505853593376,-0.758546059480671,14.81596604858521,3.184317740406085,7.836977063677736,LOW,166 transactions in window,False
3766,188,0.034184658546542256,7,0.041419635474035404,0.013064798759593288,0.825324949273672,-0.5537763773192919,15.174216432615061,3.4184658546542255,8.12076608583856,LOW,188 transactions in window,False
3767,168,0.04350733910042311,5,0.04096522791298656,0.013121109192392845,1.0620553410037459,0.19374209528797903,15.315844342648957,4.350733910042312,8.73677808308497,LOW,168 transactions in window,False
3768,134,0.03471902523519483,2,0.04097696141044402,0.013123344251934293,0.8472815953197009,-0.4768552935222141,14.200170465232894,3.471902523519483,7.763209700204848,LOW,134 transactions in window,False
3769,135,0.03624189678580414,5,0.04093264768885508,0.013143427112131512,0.885403188703864,-0.35688948270739307,14.22153497311706,3.624189678580414,7.863127796395073,LOW,135 transactions in window,False
3770,104,0.04382997034935665,3,0.04096894680273708,0.013128593112370506,1.0698339540041197,0.2179230875792589,13.996400591434544,4.382997034935665,8.228358457535215,LOW,104 transactions in window,False
3771,62,0.04512725356938452,0,0.040370511120109774,0.012627129526798888,1.1178271544574343,0.37670813775841805,12.877571898756957,4.512725356938452,7.858663973665854,LOW,no major anomaly detected,False
3772,57,0.05789327205068734,0,0.04019537920896863,0.01252620164365971,1.4402967005165075,1.4128698663155175,20.21758442070962,5.789327205068734,11.56063009132509,LOW,no major anomaly detected,False
3773,30,0.07263523756495613,0,0.040029638160498496,0.012250204695685024,1.8145364510597313,2.661637108475627,36.82046014696783,7.263523756495613,19.0862983126845,LOW,risk 1.8x above recent baseline; 2.7σ statistical deviation,False
3774,17,0.09602337905557855,2,0.04097259689394447,0.01382160471656343,2.3436000237946915,3.9829515668077775,55.73116744936737,9.602337905557855,28.05386972308166,LOW,risk 2.3x above recent baseline; 4.0σ statistical deviation,False
3775,18,0.03445427846388445,0,0.04262767966730486,0.01759905985136223,0.8082607060198645,-0.46442260396016316,8.523790677828302,3.445427846388445,5.476772978964387,LOW,no major anomaly detected,False
3776,6,0.03843975630227872,0,0.04226854114013543,0.017677336244273437,0.9094176251514593,-0.21659286133096226,5.633171855748475,3.843975630227872,4.559654120436113,LOW,no major anomaly detected,False
3777,4,0.012914817121372504,0,0.04300999645719191,0.017094506482930198,0.30027477761423893,-1.7605175888447608,4.659125888366308,1.2914817121372504,2.6385393826288737,LOW,no major anomaly detected,False
3778,26,0.04096621000935858,2,0.04024043764187645,0.01631171038086712,1.018035896476604,0.04449394640634528,9.676313800441116,4.096621000935858,6.328498120737962,LOW,no major anomaly detected,False
3779,25,0.045882641384381924,0,0.0407386306675382,0.016135420677697684,1.1262686210251693,0.3188023925495635,10.378805601481442,4.588264138438192,6.904480723655492,LOW,no major anomaly detected,False
3780,68,0.032983297497190894,6,0.04076060025697103,0.016142337499927186,0.8091955783097176,-0.48179532609916104,12.257220410468628,3.2983297497190893,6.881886014018906,LOW,no major anomaly detected,False
3781,76,0.03098448779846347,4,0.041112805575799556,0.01586261022442762,0.7536456674390042,-0.6385025940900311,12.574785357439572,3.098448779846347,6.888983410883637,LOW,no major anomaly detected,False
3782,67,0.04444111857013309,0,0.04091685308041583,0.015961285992936017,1.0861323690458513,0.2208008484577616,12.860951439728705,4.444111857013309,7.810847690099467,LOW,no major anomaly detected,False
3783,116,0.02883005043706337,4,0.04146234922989766,0.01584336378611608,0.6953308476856542,-0.7973242906853072,13.785911027138157,2.883005043706337,7.244167437079065,LOW,116 transactions in window,False
3784,166,0.03653610184434508,7,0.04145534496852725,0.0158491498192412,0.8813363360522789,-0.310378990689463,14.81596604858521,3.653610184434508,8.118552530094789,LOW,166 transactions in window,False
3785,145,0.040358899228845925,3,0.0414683633354262,0.015844793437179264,0.9732455294267072,-0.07002073652641992,14.426931569866197,4.035889922884593,8.192306581677235,LOW,145 transactions in window,False
3786,145,0.03277447949630806,3,0.041632838481084185,0.01581046952170996,0.7872266386832859,-0.560284371859569,14.426931569866197,3.277447949630806,7.737241397724962,LOW,145 transactions in window,False
3787,169,0.031021971998614967,3,0.041386126455797236,0.015904215919463918,0.7495741847632978,-0.6516608243791758,14.867508259018889,3.1021971998614966,7.808321623524454,LOW,169 transactions in window,False
3788,207,0.03650300949962834,3,0.04105533339536648,0.01603884176784321,0.8891173565222609,-0.28383121185628507,15.451519847489397,3.6503009499628343,8.37078850897346,LOW,207 transactions in window,False
3789,150,0.03758719202754312,5,0.040962347054744074,0.0160593369215184,0.9176034756336049,-0.21016776992071698,14.524411408656842,3.7587192027543117,8.064996085115325,LOW,150 transactions in window,False
3790,176,0.03781688216975333,11,0.04120168099738917,0.015960018841830795,0.9178480405241155,-0.2120798766705943,14.9843203237469,3.781688216975333,8.262741059683961,LOW,176 transactions in window,False
3791,156,0.03396030669548755,6,0.041353023648356295,0.015907721917088342,0.8212291073143188,-0.464725055630207,14.637213121202924,3.396030669548755,7.892503650210424,LOW,156 transactions in window,False
3792,176,0.029392341424385394,6,0.04095523063148398,0.0159707512927446,0.717670025810825,-0.7240040869180352,14.9843203237469,2.9392341424385395,7.757268614961884,LOW,176 transactions in window,False
3793,169,0.03896405645284936,3,0.040733285472700255,0.01609769163176878,0.9565655213096756,-0.10990575918098244,14.867508259018889,3.896405645284936,8.284846690778517,LOW,169 transactions in window,False
3794,128,0.04078112649693185,0,0.04084670879216047,0.016074242679634875,0.9983944288984867,-0.004079961745986938,14.068562453285875,4.078112649693185,8.074292571130261,LOW,128 transactions in window,False
3795,129,0.04882415066035847,1,0.04071967363164277,0.01606168344742003,1.1990309918009217,0.5045845322034108,15.583649270665894,4.882415066035847,9.162908747887867,LOW,129 transactions in window,False
3796,66,0.03171313715786653,2,0.040873711010433356,0.016123400298757994,0.7758810338941694,-0.568153967700751,12.17207081073364,3.1713137157866527,6.7716165537654485,LOW,no major anomaly detected,False
3797,33,0.031125562885695277,1,0.03978287205656582,0.015804326870125267,0.7823860188233512,-0.5477809489776722,10.20838237065258,3.1125562885695275,5.950886721402748,LOW,no major anomaly detected,False
3798,20,0.06076889740807172,2,0.038053302278263285,0.014247413805836925,1.5969414944254123,1.594366208448458,20.720158861833653,6.076889740807172,11.934197389217765,LOW,risk 1.6x above recent baseline,False
3799,8,0.07208837577205568,1,0.036584365542950505,0.008778492147725078,1.970469480669906,4.0444315073296435,51.69461133122256,7.208837577205568,25.003147078812365,LOW,risk 2.0x above recent baseline; 4.0σ statistical deviation,False
3800,4,0.025641794578556365,0,0.03815245293079097,0.011362425068311255,0.6720877062628425,-1.1010553008728448,4.659125888366308,2.5641794578556363,3.402158030059905,LOW,no major anomaly detected,False
3801,10,0.025496274185911643,0,0.03761920452563587,0.011645147740133588,0.6777462338029244,-1.0410284704198316,6.941613501691095,2.5496274185911645,4.306421851831137,LOW,no major anomaly detected,False
3802,31,0.022880313654689042,0,0.038143431903325,0.010732074750215316,0.5998493715164247,-1.422196416245585,10.032881506161209,2.288031365468904,5.385971421745825,LOW,no major anomaly detected,False
3803,47,0.025977272202913224,1,0.037389852888547105,0.011152005872792622,0.6947679703460489,-1.0233657349012861,11.206653397217828,2.5977272202913224,6.041297691061924,LOW,no major anomaly detected,False
3804,110,0.02861103024897492,2,0.03656046250598591,0.011232825778681961,0.7825675138625652,-0.707696568400241,13.633513858134453,2.861103024897492,7.170067358192277,LOW,110 transactions in window,False
3805,111,0.02662116251494007,2,0.03637828470397691,0.011328412640787015,0.7317871837984109,-0.8612965027339422,13.65947706067744,2.662116251494007,7.061060575167381,LOW,111 transactions in window,False
3806,177,0.03203301072522882,4,0.0361964794838301,0.011453065986164,0.8849758645599441,-0.36352438409339466,15.00062953690677,3.203301072522882,7.922232458276437,LOW,177 transactions in window,False
3807,176,0.033519163531160585,3,0.03567947499029242,0.011344253327886659,0.9394522632488397,-0.19043223001916892,14.9843203237469,3.3519163531160587,8.004877941368395,LOW,176 transactions in window,False
3808,200,0.04202230563624226,10,0.03587485470254647,0.011261234184756169,1.1713582113340082,0.545894955458552,16.63760558802756,4.2022305636242265,9.176380573385561,LOW,200 transactions in window,False
3809,204,0.035142748351204754,3,0.03610344652720885,0.011330708365043974,0.9733904026231933,-0.08478712407495342,15.409462773452246,3.5142748351204753,8.272350010453184,LOW,204 transactions in window,False
3810,186,0.034457605490622434,5,0.03588610690730714,0.011295505616943008,0.9601934692895363,-0.12646635441816662,15.14341957111143,3.4457605490622436,8.12482415788192,LOW,186 transactions in window,False
3811,213,0.04156034953714928,12,0.03595623715707024,0.01128056165226217,1.1558592562285699,0.4967937371234709,16.702788613398596,4.156034953714928,9.174736417588395,LOW,213 transactions in window,False
3812,194,0.04001567835974222,8,0.036395336221175835,0.011285246907551982,1.0994726938793868,0.32080309524674083,16.010733927311005,4.001567835974222,8.805234272508935,LOW,194 transactions in window,False
3813,212,0.040611625264941296,0,0.03654169742368058,0.011309456439113023,1.1113776350910078,0.359869447587696,16.35561728404076,4.06116252649413,8.978944429512783,LOW,212 transactions in window,False
3814,226,0.039347090170341076,1,0.03666771547523883,0.01133842569068104,1.0730717651856874,0.2363092344737419,16.252604953935656,3.9347090170341077,8.861867391794727,LOW,226 transactions in window,False
3815,218,0.04922069925105029,14,0.03673147414192999,0.011349465673946943,1.3400142629958733,1.100424061177586,19.40611119811169,4.9220699251050295,10.715686434307695,LOW,218 transactions in window,False
3816,194,0.03903173629401777,7,0.037367323831745104,0.01161190654658332,1.044541923038617,0.14333670836873935,15.598753146005231,3.903173629401777,8.581405436043159,LOW,194 transactions in window,False
3817,183,0.032533161947815185,2,0.037768965284646454,0.011490137430134682,0.86137286797847,-0.45567804290134556,15.09660112187649,3.2533161947815183,7.990630165619508,LOW,183 transactions in window,False
3818,140,0.043422007377037684,20,0.0375010113469367,0.011535949760062586,1.1578889693220138,0.5132647205693845,15.510221815069123,4.342200737703768,8.80940916864991,LOW,140 transactions in window,False
3819,105,0.049647938775614436,7,0.03761104805027444,0.011581104536755801,1.3200360359341852,1.0393560205883328,16.392306267562713,4.964793877561443,9.535798833561952,LOW,105 transactions in window,False
3820,70,0.05484687428286023,5,0.03764537255507677,0.011616948609250976,1.4569353564669054,1.4807246124929323,21.77600965823278,5.484687428286024,12.001216320264728,LOW,no major anomaly detected,False
3821,21,0.04290736773588853,2,0.03860927826861818,0.01205482383739096,1.1113227094629183,0.35654519097481835,9.783110123895225,4.290736773588853,6.487686113711402,LOW,no major anomaly detected,False
3822,19,0.03702094741684363,0,0.0391001868040429,0.011976454575966905,0.9468227761258604,-0.17361059352002797,8.672278490830793,3.7020947416843626,5.690168241342935,LOW,no major anomaly detected,False
3823,15,0.0875411556316179,2,0.038110688887741724,0.011053835350505498,2.2970237008697962,4.471793289522419,61.15139908048267,8.75411556316179,29.713028970090143,LOW,risk 2.3x above recent baseline; 4.5σ statistical deviation,False
3824,4,0.028550527753063343,0,0.03875455471522349,0.0133339150234472,0.7367012203561245,-0.765268635972011,4.659125888366308,2.8550527753063344,3.576682020530324,LOW,no major anomaly detected,False
3825,23,0.01936313960645325,0,0.03887575193082794,0.013222298070484192,0.4980775584972941,-1.4757353237961117,9.200077095985588,1.936313960645325,4.84181921478143,LOW,no major anomaly detected,False
3826,32,0.022696385396329857,0,0.038620204656683844,0.013547396883373508,0.5876816448304835,-1.1754154246338662,10.121961693979955,2.269638539632986,5.410567801371774,LOW,no major anomaly detected,False
3827,59,0.028544467233064048,1,0.038612540979252215,0.013556736773527797,0.7392537892909438,-0.7426620369179158,11.852626683119654,2.854446723306405,6.453718707231705,LOW,no major anomaly detected,False
3828,101,0.024148145520653662,4,0.03871950743884183,0.013462506813077254,0.6236687168295232,-1.0823661685380759,13.38873056294144,2.414814552065366,6.8043809564157955,LOW,101 transactions in window,False
3829,95,0.03307349218182867,3,0.03853355390849511,0.013637882742090915,0.8583037074744692,-0.4003599260913809,13.213229698450068,3.307349218182867,7.2697014102897475,LOW,no major anomaly detected,False
3830,160,0.03393976194823773,0,0.0388024009779488,0.013455215517355535,0.8746820065986515,-0.36139436216676546,14.710044073928238,3.393976194823773,7.920403346465559,LOW,160 transactions in window,False
3831,147,0.036251828731629465,2,0.03888184894557418,0.013419087788369696,0.9323586638684249,-0.19599098354689562,14.466318268310072,3.6251828731629465,7.961637031221796,LOW,147 transactions in window,False
3832,163,0.04040321504968967,4,0.038995709995593715,0.013383152225024482,1.0360938435088114,0.1051699203917094,15.034193313866503,4.040321504968967,8.43787022852798,LOW,163 transactions in window,False
3833,155,0.03255411181049753,5,0.038928247887820684,0.01337130789681001,0.8362593637481073,-0.476702513061107,14.618715437313776,3.2554111810497526,7.800732883555362,LOW,155 transactions in window,False
3834,190,0.03412646390765077,0,0.038820388031957885,0.013413545256594184,0.8790861101016568,-0.34993911262941857,15.204689110610534,3.412646390765077,8.12946347870326,LOW,190 transactions in window,False
3835,207,0.03491977629079005,5,0.03880659046600073,0.013418397492767723,0.8998413896058196,-0.2896630672407495,15.451519847489397,3.491977629079005,8.275794516443163,LOW,207 transactions in window,False
3836,200,0.04115635586293969,4,0.0385298999140691,0.013427607431728526,1.0681666953386388,0.19560118675084703,15.863669218062293,4.115635586293969,8.814849039001299,LOW,200 transactions in window,False
3837,173,0.03877167951966208,5,0.03857742814336899,0.013435111801469826,1.005035363569888,0.014458486030004,14.972599256954872,3.877167951966208,8.315340473961674,LOW,173 transactions in window,False
3838,187,0.032235099574952714,11,0.038500763737315695,0.013428247299004187,0.8372587046555086,-0.46660327463790685,15.158858955329643,3.2235099574952715,7.99764955662902,LOW,187 transactions in window,False
3839,202,0.039766771904941156,0,0.038204430795841175,0.013487102935937688,1.0408942386145967,0.11583963706074876,15.68778818201756,3.9766771904941156,8.661121587103494,LOW,202 transactions in window,False
3840,192,0.025862130323012322,0,0.037810517156419955,0.013287953774887428,0.6839930333674666,-0.8991893737611122,15.23484435910609,2.5862130323012322,7.645665563023176,LOW,192 transactions in window,False
3841,145,0.026533892727876082,3,0.037261783574294736,0.01350547300287297,0.712094005778635,-0.7943365511253512,14.426931569866197,2.6533892727876083,7.362806191619043,LOW,145 transactions in window,False
3842,145,0.024446634086823564,4,0.037011814023463936,0.013651528929525817,0.6605089410458354,-0.9204229065847807,14.426931569866197,2.444663408682356,7.237570673155893,LOW,145 transactions in window,False
3843,98,0.0316821871711367,2,0.03622117346970501,0.013812672248744818,0.8746869340838814,-0.3286102947227157,13.302309886268818,3.16821871711367,7.2218551847757295,LOW,no major anomaly detected,False
3844,57,0.05328548698983893,5,0.035472600486185106,0.013537458066477296,1.5021590258258934,1.3158221001447636,19.468454783395593,5.3285486989838935,10.984511132748574,LOW,risk 1.5x above recent baseline,False
3845,30,0.05670314523438188,4,0.03540754268230922,0.01344372908726812,1.6014425441252844,1.5840547227510446,21.752476023402206,5.670314523438188,12.103179123423795,LOW,risk 1.6x above recent baseline,False
3846,16,0.038141770916936976,1,0.03598236674474645,0.014059197450822838,1.0600128442775603,0.1535937011869868,8.651902401502038,3.8141770916936975,5.749267215617033,LOW,no major anomaly detected,False
3847,10,0.04509154264176429,0,0.036029067723917,0.014064657820718455,1.2515323179409217,0.6443437894733197,8.828105886248007,4.509154264176429,6.23673491300506,LOW,no major anomaly detected,False
3848,10,0.04053550321864381,0,0.03426033384933977,0.009096791057930185,1.1831613607999028,0.6898223042985718,8.315323707690366,4.053550321864381,5.7582596761947755,LOW,no major anomaly detected,False
3849,14,0.029478504610843247,3,0.034759707827072286,0.009098680873747312,0.8480653737798157,-0.5804361411847127,7.839474080655171,2.947850461084325,4.904499908912664,LOW,no major anomaly detected,False
3850,28,0.02652059255844365,1,0.03518118136892187,0.008573597716488883,0.7538289371337383,-1.0101463932488965,9.74790953665961,2.652059255844365,5.490399368170463,LOW,no major anomaly detected,False
3851,55,0.02384690863457509,6,0.03534052333400995,0.008364463133786873,0.6747751981257736,-1.3741007062375938,11.652900759445203,2.384690863457509,6.091974821852586,LOW,no major anomaly detected,False
3852,105,0.028354374928197673,2,0.035144791725739574,0.008582527601018115,0.8067873939748321,-0.7911907905471085,13.500085740702167,2.8354374928197674,7.101296791972728,LOW,105 transactions in window,False
3853,171,0.0308644795100494,1,0.03532005128438724,0.008388971256633784,0.8738514919340628,-0.5311225462614966,14.901366863461494,3.08644795100494,7.812415515987562,LOW,171 transactions in window,False
3854,160,0.03437577756846352,4,0.03522800908972977,0.008426725241461886,0.9758081270191705,-0.10113436677311202,14.710044073928238,3.4375777568463524,7.946564283679107,LOW,160 transactions in window,False
3855,156,0.038514527247100167,3,0.03524617640723918,0.008424296790214331,1.0927292311681702,0.3879672002602648,15.3326823549642,3.8514527247100165,8.44394457681169,LOW,156 transactions in window,False
3856,175,0.039697348115842225,2,0.03534045551205046,0.008448666766047682,1.1232834308631405,0.5156899572960596,15.892544438093617,3.9697348115842224,8.738858662187981,LOW,175 transactions in window,False
3857,191,0.04545411592557373,2,0.03531104438980681,0.008431487391428651,1.287249264671846,1.2029990753562942,19.911663926674837,4.5454115925573735,10.691912526204359,LOW,191 transactions in window,False
3858,176,0.0437251310060123,10,0.03584854456126832,0.008656279449903725,1.2197184443926923,0.9099274682995113,16.63220865669209,4.37251310060123,9.276391323037574,LOW,176 transactions in window,False
3859,196,0.05043100948485677,1,0.03624848902370006,0.008793903813666038,1.3912582522235306,1.6127672944428362,25.88825661989718,5.0431009484856775,13.381163217050279,LOW,196 transactions in window,False
3860,183,0.04298324165176857,10,0.036894790406786164,0.009250162386753392,1.1650219767575245,0.6581993904994915,16.334265947557924,4.298324165176857,9.112700878129283,LOW,183 transactions in window,False
3861,185,0.03917890818323645,14,0.03697091064798737,0.009294167950711184,1.0597225628622509,0.23756806924068224,15.575816623062499,3.917890818323645,8.581061140219187,LOW,185 transactions in window,False
3862,184,0.034458236736535496,2,0.03698787850896963,0.009297969405234908,0.931608897984763,-0.27206389504894557,15.112291554211899,3.4458236736535497,8.11241082587689,LOW,184 transactions in window,False
3863,196,0.04339203643665628,5,0.037080509224035586,0.009259555946513199,1.1702114492141216,0.6816230982434294,16.570814416791162,4.339203643665628,9.231847952915842,LOW,196 transactions in window,False
3864,163,0.04412486394049866,1,0.03723156191285704,0.009334548772591838,1.1851467323282285,0.7384719064173485,16.152089980012132,4.412486394049866,9.108327828434772,LOW,163 transactions in window,False
3865,155,0.03740014595844815,2,0.03799250914691898,0.009109083091491686,0.9844084215080365,-0.06502994675985807,14.618715437313776,3.7400145958448148,8.091494932432399,LOW,155 transactions in window,False
3866,95,0.04640191574297584,2,0.03844526969819282,0.008778841343679535,1.2069603388725099,0.9063435290935671,14.765432239993892,4.640191574297584,8.690287840576108,LOW,no major anomaly detected,False
3867,87,0.05204831227413659,2,0.039360073100532494,0.008392094944198389,1.3223632014401019,1.511927505345457,21.778160233006798,5.204831227413659,11.834162829650916,LOW,no major anomaly detected,False
3868,56,0.07777980286332163,0,0.04020866164649082,0.008608857784661023,1.9344041725922456,4.36424229051313,60.76519879597313,7.777980286332163,28.97286769018855,LOW,risk 1.9x above recent baseline; 4.4σ statistical deviation,False
3869,37,0.09107461931032317,0,0.04122925814121927,0.01126783498851505,2.2089803071006657,4.423685758613763,62.39379126498758,9.107461931032317,30.42199366461442,MEDIUM,risk 2.2x above recent baseline; 4.4σ statistical deviation,False
3870,21,0.1344537945189542,4,0.04266140289438349,0.014914347257362294,3.1516496269900083,6.154636876867571,75.0855620053484,13.44537945189542,38.10145247327661,MEDIUM,elevated predicted fraud probability; risk 3.2x above recent baseline; 6.2σ statistical deviation,False
3871,18,0.028318661977437973,1,0.04667440387780087,0.023897411344364544,0.6067278770518332,-0.7681058687007756,8.523790677828302,2.831866197743797,5.108635989777599,LOW,no major anomaly detected,False
3872,9,0.05180499673843733,0,0.045975533850120605,0.02418919084288125,1.1267948928515037,0.2409945386838893,7.6166638859848295,5.180499673843733,6.154965358700172,LOW,no major anomaly detected,False
3873,8,0.025331488999251268,1,0.04644509608011201,0.024188379270034158,0.5454071826131569,-0.8728822566056502,6.3606963845777225,2.5331488999251266,4.064167893786165,LOW,no major anomaly detected,False
3874,59,0.05356570954721932,0,0.04627230376296234,0.024329253741120993,1.157619249337977,0.29977926416747264,13.034771053154484,5.356570954721932,8.427850994094953,LOW,no major anomaly detected,False
3875,42,0.02863316705121875,0,0.04739918363749466,0.023998710643975133,0.6040856583143505,-0.7819593670957115,10.888214260997012,2.863316705121875,6.0732757274719305,LOW,no major anomaly detected,False
3876,97,0.038087934947093435,5,0.047598611071521475,0.023813656840463604,0.8001900494504485,-0.39937907009173507,13.272920012729191,3.8087934947093434,7.594444101917283,LOW,no major anomaly detected,False
3877,157,0.03214043507217984,0,0.0480041760723088,0.02355312269796151,0.6695341468576949,-0.6735302661800315,14.655593358688465,3.2140435072179843,7.7906634478061765,LOW,157 transactions in window,False
3878,179,0.040378918110731375,3,0.04805734088739757,0.023514160199401408,0.8402237278450885,-0.3265446314711108,15.032974875408517,4.037891811073138,8.43592503680729,LOW,179 transactions in window,False
3879,189,0.04179287054330817,2,0.0483074717433254,0.023393917100593124,0.8651429899989054,-0.2784741508659983,15.189492867426853,4.179287054330818,8.583369379569232,LOW,189 transactions in window,False
3880,165,0.04390777733931139,2,0.0484440693806674,0.023343767132984528,0.9063602191279514,-0.19432562086117944,14.798579343594048,4.390777733931139,8.553898377796303,LOW,165 transactions in window,False
3881,166,0.0425978508216677,2,0.048619503931645276,0.023290936685568673,0.8761473766074724,-0.2585406156596811,14.81596604858521,4.25978508216677,8.482257468734147,LOW,166 transactions in window,False
3882,195,0.04303359802726986,9,0.0485004928856492,0.023315099163181918,0.8872816638942459,-0.2344787307193785,15.279496313961433,4.303359802726986,8.693814407220765,LOW,195 transactions in window,False
3883,195,0.04334283156813151,4,0.04847167901153493,0.023321683751685973,0.8941887809955399,-0.2199175453201419,15.279496313961433,4.334283156813151,8.712368419672464,LOW,195 transactions in window,False
3884,191,0.04188717605946665,11,0.048176338265004705,0.023340666258281066,0.8694553709967928,-0.26945084325974256,15.219805999682311,4.188717605946665,8.601152963440924,LOW,191 transactions in window,False
3885,170,0.0357897322938126,9,0.048130668865325466,0.023352338476986523,0.7435951574651066,-0.5284668421398023,14.884487062406027,3.5789732293812597,8.101178762591168,LOW,170 transactions in window,False
3886,191,0.03773248226601473,6,0.047989453203266134,0.023418977324552493,0.7862661428167028,-0.4379768934870602,15.219805999682311,3.773248226601473,8.351871335833808,LOW,191 transactions in window,False
3887,209,0.041908733828009845,2,0.04812588010032778,0.023346148005447587,0.870814907501804,-0.2663028723568112,15.479222237635886,4.1908733828009845,8.706212924734945,LOW,209 transactions in window,False
3888,142,0.04088075448900327,5,0.0480640758249675,0.02336118331150734,0.8505469789511116,-0.3074896181490022,14.366828144251526,4.088075448900327,8.199576527040806,LOW,142 transactions in window,False
3889,147,0.045608664088113746,2,0.04792890459782186,0.023394329093874858,0.9515899533031773,-0.0991796131617045,14.466318268310072,4.560866408811375,8.523047152610854,LOW,147 transactions in window,False
3890,103,0.048452620831749824,2,0.04827092618655793,0.023293494000642047,1.0037640596430588,0.007800231480381944,13.473173993580097,4.845262083174982,8.29642684733703,LOW,103 transactions in window,False
3891,92,0.06393970981760347,2,0.04835637223192351,0.02329010093104365,1.3222602702895128,0.6690970396314919,15.538273127534724,6.393970981760347,10.051691840070099,LOW,no major anomaly detected,False
3892,57,0.07355066802387213,2,0.048851847129567964,0.023497622943379017,1.5055862233580726,1.0511199772768338,16.185382229037813,7.3550668023872126,10.887192973047453,LOW,risk 1.5x above recent baseline,False
3893,26,0.06298285218784874,4,0.048675633177924234,0.02328615975379655,1.2939297976387338,0.6144086943143072,11.745518059157089,6.298285218784875,8.477178354933761,LOW,no major anomaly detected,False
3894,29,0.08411447737254858,6,0.04750514288115446,0.021715333972875825,1.7706393933596025,1.6858748079639063,24.19928093163326,8.411447737254859,14.726581015006222,LOW,risk 1.8x above recent baseline,False
3895,14,0.04030375346077513,5,0.04540767133338756,0.014019197776083975,0.8875978943042694,-0.3640663291960575,7.839474080655171,4.030375346077513,5.554014839908576,LOW,no major anomaly detected,False
3896,8,0.033785466576334265,0,0.04590705014519328,0.013590921651398389,0.7359537689631271,-0.8918882677549544,6.3606963845777225,3.3785466576334264,4.5714065484111455,LOW,no major anomaly detected,False
3897,15,0.032261904677087776,0,0.045156236388438985,0.013747759001183742,0.7144506995571391,-0.937922443231726,8.026305204928967,3.2261904677087774,5.146236362596853,LOW,no major anomaly detected,False
3898,28,0.031054255481289008,0,0.04544500370834884,0.013381138717113467,0.6833370656229902,-1.0754501938355332,9.74790953665961,3.105425548128901,5.762419143541184,LOW,no major anomaly detected,False
3899,82,0.030931098657091698,3,0.044507026455601735,0.01357474417535488,0.6949711342308436,-1.0000871930358222,12.792003042361808,3.09310986570917,6.972667136370225,LOW,no major anomaly detected,False
3900,104,0.029964146537274305,2,0.04460277360584645,0.013465577708595475,0.6718000723916115,-1.087114670113847,13.472645936403646,2.9964146537274305,7.186907166797917,LOW,104 transactions in window,False
3901,139,0.040460589164814514,11,0.044264282422103986,0.013735858274811028,0.9140685661405855,-0.27691704305545484,14.305450346579265,4.046058916481451,8.149815488520577,LOW,139 transactions in window,False
3902,188,0.042569519138090955,10,0.04461095550929709,0.013519862188770632,0.9542391247194718,-0.15099535355484012,15.174216432615061,4.256951913809096,8.623857721331483,LOW,188 transactions in window,False
3903,212,0.03529685272551576,5,0.04470223055210374,0.013497424661908052,0.7895993620357419,-0.6968275846822467,15.520285020858202,3.529685272551576,8.325925171874227,LOW,212 transactions in window,False
3904,206,0.04330241249528732,5,0.04443156314302906,0.013622853821679303,0.9745867449203416,-0.08288649812455764,15.43756860275749,4.330241249528732,8.773172190820237,LOW,206 transactions in window,False
3905,238,0.05318336928883705,8,0.04440633960786139,0.013624426152818746,1.1976526270456627,0.6442127971136451,17.33608679892907,5.3183369288837055,10.125436876901851,LOW,238 transactions in window,False
3906,239,0.059057228073978965,5,0.044847402877326775,0.013734234374760923,1.3168483409289273,1.034628127707304,18.67499343889239,5.905722807397897,11.013431059995694,LOW,239 transactions in window,False
3907,219,0.037086221245931826,5,0.04551505412927299,0.014028546217133552,0.8148121968744367,-0.6008343810456093,15.61389199252189,3.7086221245931825,8.470730071764667,LOW,219 transactions in window,False
3908,240,0.04036024496139974,7,0.04525436203251468,0.014128445143967796,0.8918531418562795,-0.3464016755732319,15.877816216352365,4.036024496139974,8.77274118422493,LOW,240 transactions in window,False
3909,258,0.05160464137189885,10,0.045190739903428555,0.014147692121211742,1.141929551987346,0.4533531980706511,17.150809161499158,5.160464137189885,9.956602146913594,LOW,258 transactions in window,False
3910,224,0.05033246470225126,10,0.045849694448348806,0.014058810182135688,1.0977709951579382,0.3188584379351418,16.412230624994876,5.033246470225126,9.584840132133026,LOW,224 transactions in window,False
3911,223,0.04672969279259085,5,0.046374693716525334,0.013977535423635385,1.007655017157321,0.02539783054065663,15.723465990589592,4.672969279259085,9.093167963791288,LOW,223 transactions in window,False
3912,200,0.03966979520954521,4,0.046575567006716216,0.013945167847315854,0.851729732110933,-0.49520894067260873,15.352419003022503,3.9669795209545207,8.521155313781714,LOW,200 transactions in window,False
3913,185,0.056113490804446026,11,0.04652511037007212,0.013968839449842608,1.2060904392940839,0.6864121009338353,16.67357569630125,5.611349080444603,10.036239726787262,LOW,185 transactions in window,False
3914,137,0.06733692781487685,6,0.04696281148325263,0.01410281213007916,1.433835106718213,1.4446846588964564,23.07611824829317,6.733692781487685,13.270662968209878,LOW,137 transactions in window,False
3915,99,0.12409655915555179,6,0.0477496576075496,0.014703563853846219,2.5988994554786324,5.192407929593958,75.32315029528685,12.409655915555179,37.57505366744785,MEDIUM,elevated predicted fraud probability; risk 2.6x above recent baseline; 5.2σ statistical deviation,False
3916,65,0.06969111897903739,12,0.050256192996630776,0.02125254612240095,1.3867170357235286,0.914475181960504,15.028915763138661,6.969111897903739,10.193033443997708,LOW,no major anomaly detected,False
3917,23,0.09126591002514227,5,0.050095378453095994,0.02108253923457379,1.821842909333323,1.9528260383611515,27.274224395499903,9.126591002514227,16.385644359708497,LOW,risk 1.8x above recent baseline,False
3918,28,0.040215753139075064,2,0.05127383919631656,0.022572092051700673,0.7843327858695649,-0.4899008045826367,9.74790953665961,4.0215753139075066,6.312109003008347,LOW,no major anomaly detected,False
3919,8,0.032527343644772735,0,0.049444725686588496,0.02155071149077896,0.6578526464268671,-0.7850034115604169,6.3606963845777225,3.2527343644772735,4.495919172517453,LOW,no major anomaly detected,False
3920,9,0.03020870800388055,0,0.049120708610921736,0.02175164517995794,0.6149892552071978,-0.8694515035794527,6.6657021895985515,3.020870800388055,4.4788033560722535,LOW,no major anomaly detected,False
3921,4,0.021941091660942116,0,0.04897167700373615,0.02187319645576064,0.44803635495815647,-1.2357857891261759,4.659125888366308,2.194109166094212,3.1801158550030504,LOW,no major anomaly detected,False
3922,23,0.044334331874366306,0,0.048541643128063416,0.022313032248643505,0.9133257347181819,-0.1885584714266206,9.200077095985588,4.433433187436631,6.340090750856214,LOW,no major anomaly detected,False
3923,41,0.06424489591422211,1,0.04909497964444164,0.022023294759073178,1.3085838181317118,0.687904168541312,13.13447498525742,6.424489591422211,9.108483748956296,LOW,no major anomaly detected,False
3924,91,0.03924378858921504,3,0.05048305453015541,0.021878059410577872,0.7773655725560992,-0.5137231657532786,13.090024820644249,3.924378858921504,7.590637243610603,LOW,no major anomaly detected,False
3925,108,0.0323207730912319,2,0.050869706282319606,0.02157962570290888,0.6353638629611154,-0.8595576886482955,13.580878268468922,3.23207730912319,7.371597692861483,LOW,108 transactions in window,False
3926,119,0.033976615178632326,4,0.050530547279253664,0.021813037742162058,0.6723975299705909,-0.7589008141046085,13.859202984351896,3.3976615178632326,7.582278104458698,LOW,119 transactions in window,False
3927,178,0.03700214691011383,7,0.05017250961427622,0.02201894073302353,0.7374984268194777,-0.5981378879143701,15.016847381446407,3.700214691011383,8.226867767185393,LOW,178 transactions in window,False
3928,208,0.06604679690087024,19,0.05024356353863447,0.021971551162458604,1.3145324942981798,0.7192588836985601,17.824397886755747,6.604679690087025,11.092566968754515,LOW,208 transactions in window,False
3929,166,0.03700429614789477,2,0.05119124622220043,0.02214893906458051,0.722863748760367,-0.6405250397294526,14.81596604858521,3.7004296147894773,8.146644188307771,LOW,166 transactions in window,False
3930,217,0.03856445303766109,9,0.050517118174661174,0.022331135185908357,0.7633937649476725,-0.5352466427475926,15.587454569701165,3.8564453037661086,8.548849010140131,LOW,217 transactions in window,False
3931,217,0.04114056900906388,16,0.04966325254814793,0.022382121572993185,0.8283905483068914,-0.38078086169309894,15.587454569701165,4.114056900906388,8.703415968424299,LOW,217 transactions in window,False
3932,191,0.035938006757706156,1,0.049832183704945084,0.022298211015355555,0.7211806524573366,-0.6231072500691096,15.219805999682311,3.593800675770616,8.244202805335295,LOW,191 transactions in window,False
3933,202,0.04382529742259729,18,0.04964792377979119,0.022397933349308712,0.882721654524374,-0.25996266112532235,15.381081392408083,4.382529742259729,8.78195040231907,LOW,202 transactions in window,False
3934,183,0.04538816945606276,5,0.049323784448570294,0.02242465962513909,0.9202085761158254,-0.17550388983811036,15.09660112187649,4.538816945606277,8.761930616114363,LOW,183 transactions in window,False
3935,178,0.045108218947164797,3,0.049117772146645776,0.022437697614822553,0.9183685858652123,-0.17869717598976068,15.016847381446407,4.5108218947164795,8.71323208940845,LOW,178 transactions in window,False
3936,166,0.045584826668152924,6,0.049050210736419686,0.022447639899810017,0.9293502715637932,-0.15437632124061698,14.81596604858521,4.5584826668152925,8.66147601952326,LOW,166 transactions in window,False
3937,131,0.04390991376365006,6,0.049296670380528346,0.022372517328751004,0.8907277798825538,-0.24077561490837437,14.135114296444437,4.390991376365006,8.28864054439678,LOW,131 transactions in window,False
3938,88,0.046123260822996996,2,0.04878818800382851,0.022349518066665398,0.9453776151591776,-0.11923868661876375,12.994053235674526,4.6123260822997,7.965016943649631,LOW,no major anomaly detected,False
3939,90,0.04257081901790215,4,0.04790428521250018,0.02200080759240383,0.8886641107170447,-0.24242138258776955,13.058386498308906,4.257081901790214,7.777603740397691,LOW,no major anomaly detected,False
3940,56,0.05531603692659731,1,0.044507379373431445,0.014860313778712636,1.2428509093397233,0.7273505602990189,13.525520690165088,5.531603692659731,8.729170491661874,LOW,no major anomaly detected,False
3941,41,0.03982228973718749,3,0.04390841762124645,0.014069797288620439,0.9069397599497696,-0.290418390559457,10.82009634926958,3.982228973718749,6.717375923939082,LOW,no major anomaly detected,False
3942,36,0.06639554058964624,4,0.04176493344258166,0.009817369855439675,1.589743718397796,2.508880434347401,33.737248983171575,6.639554058964624,17.478632028647404,LOW,risk 1.6x above recent baseline; 2.5σ statistical deviation,False
3943,25,0.07648596556307515,0,0.0428557579196888,0.011018692745924612,1.784730203731526,3.052105038124859,40.96858044833985,7.648596556307514,20.97659011312045,LOW,risk 1.8x above recent baseline; 3.1σ statistical deviation,False
3944,12,0.07445266736081481,3,0.04468736716628472,0.01274544466346774,1.6660786276302963,2.3353677318019628,29.112900997312185,7.445266736081481,16.11232044057376,LOW,risk 1.7x above recent baseline; 2.3σ statistical deviation,False
3945,9,0.027433314707047796,0,0.04653086547282365,0.013722473051260706,0.5895724145313871,-1.3916989083845448,6.6657021895985515,2.7433314707047796,4.312279758262289,LOW,no major anomaly detected,False
3946,24,0.05593325233989601,0,0.04675970809974472,0.013334894967326757,1.1961848055292152,0.6879352452815236,10.789637818201731,5.593325233989601,7.671850267674453,LOW,no major anomaly detected,False
3947,43,0.030669237328172914,0,0.04724299645247513,0.013452836436147203,0.6491806115436631,-1.2319899378074073,10.954766104155578,3.0669237328172914,6.222060681352605,LOW,no major anomaly detected,False
3948,91,0.028684476481445453,1,0.045844010678056414,0.013353334749697809,0.6256973606189193,-1.2850373721814536,13.090024820644249,2.8684476481445453,6.957078517144428,LOW,no major anomaly detected,False
3949,169,0.03675693205036646,4,0.045404039340232676,0.013748369884573796,0.8095520263060828,-0.6289550952195871,14.867508259018889,3.675693205036646,8.152419226629544,LOW,169 transactions in window,False
3950,209,0.039298225957598854,4,0.04558887929686328,0.013593775977359899,0.8620134244077096,-0.4627598210932237,15.479222237635886,3.9298225957598856,8.549582452510286,LOW,209 transactions in window,False
3951,231,0.03797097966329512,3,0.045810613079320224,0.013438644475860656,0.8288686204122411,-0.5833648944361277,15.767638440356336,3.7970979663295124,8.585314155940242,LOW,231 transactions in window,False
3952,223,0.03538719844945204,7,0.045850981110702786,0.013412464139892841,0.771787159014396,-0.7801536356118337,15.666053361909682,3.538719844945204,8.389653251730996,LOW,223 transactions in window,False
3953,191,0.03914581317577324,1,0.04457349784189369,0.01285372407056547,0.8782306767718129,-0.4222655345892822,15.219805999682311,3.9145813175773236,8.436671190419318,LOW,191 transactions in window,False
3954,217,0.04294648124930378,5,0.04466272771805529,0.012806239946998992,0.9615731829102391,-0.13401642291996035,15.587454569701165,4.294648124930378,8.811770702838693,LOW,217 transactions in window,False
3955,168,0.04070202675350436,2,0.04484531222687374,0.012746613247955414,0.9076093962194225,-0.3250499087696078,14.850429285120864,4.070202675350436,8.382293319258608,LOW,168 transactions in window,False
3956,222,0.03865385340170576,4,0.04482703963289209,0.012752467983879847,0.8622887819106234,-0.48407776745565945,15.65310086746505,3.865385340170576,8.580471551088365,LOW,222 transactions in window,False
3957,158,0.03128740015970162,3,0.04494019990972541,0.012682015868883251,0.6962007339208738,-1.0765480733644617,14.673857631758786,3.128740015970162,7.746787062285612,LOW,158 transactions in window,False
3958,210,0.0348802895129674,9,0.04441778752377142,0.012984567914162469,0.7852775083473087,-0.7345256364211648,15.492974651523328,3.48802895129674,8.290007231387374,LOW,210 transactions in window,False
3959,178,0.040899756161559456,5,0.04397995919280911,0.013126804090960599,0.9299634859198942,-0.23464988202046427,15.016847381446407,4.089975616155946,8.46072432227213,LOW,178 transactions in window,False
3960,166,0.04716355211314119,3,0.043804606576742226,0.013139180348762285,1.0766801895712579,0.2556434607974139,15.391067470369645,4.716355211314119,8.98624011493633,LOW,166 transactions in window,False
3961,179,0.04937960944583216,3,0.04387038680361673,0.013152425579043869,1.1255795319716952,0.4188750287242399,15.974821365196231,4.937960944583216,9.352705112828422,LOW,179 transactions in window,False
3962,120,0.04811144513033427,3,0.04409829079037433,0.013200441814693042,1.0910047593235954,0.3040166682521952,14.565762698309156,4.811144513033427,8.712991787143718,LOW,120 transactions in window,False
3963,141,0.06931212500059201,7,0.04418113180318004,0.013219926453937492,1.568817324765843,1.9009934196666296,29.875060811378273,6.9312125000592015,16.10875182458683,LOW,risk 1.6x above recent baseline; 141 transactions in window,False
3964,69,0.0526402364690106,1,0.045295352885792124,0.014171015213566892,1.1621553452014801,0.5183032741498091,13.515039134358126,5.26402364690106,8.564429841883886,LOW,no major anomaly detected,False
3965,35,0.03930697302540537,0,0.04518386120005934,0.01409909238046133,0.8699339096180152,-0.4168274110181893,10.373848987042207,3.930697302540537,6.5079579763412045,LOW,no major anomaly detected,False
3966,26,0.046231995757171324,6,0.04516238967040175,0.014108002105406964,1.023683558256674,0.07581556047256609,9.718671263791641,4.623199575717132,6.661388250946936,LOW,no major anomaly detected,False
3967,18,0.02826186799567111,0,0.04432224196904863,0.013369625928429605,0.6376452710900118,-1.2012582894504342,8.523790677828302,2.826186799567111,5.105228350871587,LOW,no major anomaly detected,False
3968,18,0.05319418108457663,2,0.0423129045704068,0.011864654588671312,1.2571621264161592,0.9171170077348536,10.452506625949496,5.319418108457663,7.372653515454396,LOW,no major anomaly detected,False
3969,16,0.02393820054469681,0,0.04142713430889687,0.010009383308764837,0.5778386785386663,-1.747253874160825,8.201806069420336,2.393820054469681,4.717014460449943,LOW,no major anomaly detected,False
3970,21,0.0346583749316267,1,0.041281504552132246,0.010244500479334808,0.8395618160636189,-0.6465058627178276,8.948189802923338,3.46583749316267,5.658778417066937,LOW,no major anomaly detected,False
3971,50,0.030280000576536393,0,0.04039505132678769,0.009833788514653696,0.7495967843084885,-1.0286016152552477,11.382154261709196,3.028000057653639,6.3696617392758625,LOW,no major anomaly detected,False
3972,101,0.03621126861971807,1,0.04037883312880284,0.009850832235195665,0.8967883867324542,-0.4230672505206852,13.38873056294144,3.621126861971807,7.52816834235966,LOW,101 transactions in window,False
3973,145,0.04036339061049967,5,0.040692449467897525,0.009578383028746166,0.9919135156103727,-0.03435432227029334,14.426931569866197,4.036339061049967,8.192576064576459,LOW,145 transactions in window,False
3974,157,0.04073817161253675,1,0.040842718574569746,0.009542178076777425,0.9974402545745793,-0.01095629961962588,14.655593358688465,4.073817161253674,8.306527640227591,LOW,157 transactions in window,False
3975,182,0.04410894118696893,4,0.04090271631019216,0.0095365699226716,1.0783866003534304,0.33620315299681347,15.668724685326477,4.410894118696893,8.914026345348727,LOW,182 transactions in window,False
3976,181,0.04734095812115913,4,0.041158464707011906,0.009536832123391709,1.1502119541668412,0.6482753742705559,16.191552455792458,4.734095812115912,9.31707846958653,LOW,181 transactions in window,False
3977,203,0.04026689250044835,3,0.04165653802666636,0.009534465402315031,0.9666403980732043,-0.14574970568151627,15.39530686417368,4.026689250044835,8.574136295696373,LOW,203 transactions in window,False
3978,219,0.04701497584886216,1,0.04170324966519449,0.009524370821721424,1.1273695989236263,0.5576983806167721,16.569163984449087,4.701497584886216,9.448564144711366,LOW,219 transactions in window,False
3979,203,0.0416796346558898,6,0.04187277027350942,0.009583484040698066,0.9953875605469121,-0.020152964913327187,15.39530686417368,4.16796346558898,8.65890082502286,LOW,203 transactions in window,False
3980,226,0.04418869499765385,10,0.04191350393610882,0.009580368663297523,1.0542830078108771,0.2374847087316489,16.11168927362458,4.418869499765385,9.095997409309064,LOW,226 transactions in window,False
3981,190,0.03886554096107771,5,0.04214412233594,0.0095650959724176,0.9222054893271237,-0.34276513108876006,15.204689110610534,3.886554096107771,8.413808101908876,LOW,190 transactions in window,False
3982,177,0.044446576393428056,5,0.042459878202663996,0.009312876170677418,1.0467900115323319,0.21332810126042373,15.351554623399261,4.444657639342806,8.807416432965388,LOW,177 transactions in window,False
3983,195,0.045397470286118465,2,0.04285847348934985,0.009178107144184757,1.059241419258657,0.2766362123346226,15.72380695840136,4.539747028611846,9.013371000527652,LOW,195 transactions in window,False
3984,184,0.050517391713167555,16,0.043045878244539815,0.00918229157104918,1.1735709381089343,0.8136872381818774,16.414073590028906,5.051739171316756,9.596672938801616,LOW,184 transactions in window,False
3985,134,0.04520729403193781,4,0.04318562156120758,0.009272757209573275,1.0468135550130935,0.21802279786243467,14.551272127831098,4.520729403193781,8.532946493048708,LOW,134 transactions in window,False
3986,155,0.058396340963990004,6,0.043011775085628645,0.00919032793920081,1.3576826542902143,1.6739953111726715,25.72627673414878,5.839634096399,13.794291151498914,LOW,155 transactions in window,False
3987,96,0.05049048258709234,4,0.043440312412030974,0.009665941341569324,1.162295567955188,0.7293826773747762,14.460445458994931,5.0490482587092345,8.813607138823514,LOW,no major anomaly detected,False
3988,61,0.038348135064112145,3,0.042656077311468484,0.008114649465166057,0.8990075384592828,-0.530884576819879,11.947549209306757,3.8348135064112143,7.079907787569432,LOW,no major anomaly detected,False
3989,30,0.0419847335074242,1,0.04206057308626438,0.00787085226098474,0.9981968962076518,-0.009635497697766452,9.940972908074516,4.19847335074242,6.495473173675258,LOW,no major anomaly detected,False
3990,22,0.03695360572136492,0,0.04217214643968183,0.0078490706286121,0.8762562222015208,-0.6648609708382347,9.076872218179766,3.695360572136492,5.847965230553801,LOW,no major anomaly detected,False
3991,15,0.040573324859908104,0,0.04178554685485656,0.0078688867033951,0.970989442853072,-0.1540525414383502,8.026305204928967,4.05733248599081,5.644921573566073,LOW,no major anomaly detected,False
3992,12,0.031029076649835046,0,0.042298524224199774,0.007331912931459668,0.7335735044884316,-1.5370405622262564,7.425214642560432,3.102907664983505,4.831830456014275,LOW,no major anomaly detected,False
3993,12,0.030969175836345012,0,0.04137497820608554,0.007295693794418594,0.7485001123647719,-1.426293737505986,7.425214642560432,3.096917583634501,4.828236407204874,LOW,no major anomaly detected,False
3994,49,0.024487109960938235,0,0.04166793550990421,0.006680289419806955,0.5876727431124539,-2.571868443008636,11.32482807796486,2.4487109960938236,5.999157828842238,LOW,no major anomaly detected,False
3995,58,0.0203486744388163,0,0.0412441328027922,0.007425398107491488,0.49337137323538804,-2.8140522651431255,11.803972131458039,2.03486744388163,5.942509318912194,LOW,no major anomaly detected,False
3996,67,0.0303613779548114,6,0.04083032754705385,0.008289434611423637,0.7435986870255257,-1.2629268560506208,12.214958671884819,3.0361377954811397,6.7076661460426115,LOW,no major anomaly detected,False
3997,181,0.03012790155494507,5,0.04058658210268275,0.008514121308446393,0.7423118674719258,-1.2283922402376617,15.06496279954115,3.012790155494507,7.833659213113164,LOW,181 transactions in window,False
3998,176,0.03967499868659568,15,0.040160103392034636,0.00877804817427076,0.9879207306638764,-0.05526339065452414,14.9843203237469,3.967499868659568,8.374228050694501,LOW,176 transactions in window,False
3999,157,0.04008345534049936,3,0.04011580452012043,0.008777686757247495,0.9991936051137938,-0.003685387792445333,14.655593358688465,4.008345534049936,8.267244663905348,LOW,157 transactions in window,False
4000,189,0.04830431971633457,1,0.0399480759431842,0.008736429893689343,1.2091776281049174,0.9564826679587287,16.758325078213733,4.830431971633457,9.601589214265568,LOW,189 transactions in window,False
4001,177,0.04366794176380932,3,0.039988216009649837,0.008774006078504194,1.092020252998321,0.41938946944367883,15.690781434394177,4.366794176380933,8.896389079586232,LOW,177 transactions in window,False
4002,194,0.044850963489874954,4,0.04012992639562321,0.00880610943642545,1.1176438014789543,0.5361092918881657,16.14701723430776,4.485096348987495,9.149864703115602,LOW,194 transactions in window,False
4003,186,0.0360407986529035,3,0.040039759213998743,0.008743402781827728,0.9001252595021321,-0.45736890554861254,15.14341957111143,3.60407986529035,8.219815747618782,LOW,186 transactions in window,False
4004,185,0.03333896729564113,2,0.03980480771387432,0.008773132804806356,0.8375613201121063,-0.7370047350350019,15.12789740159562,3.333896729564113,8.051496998376717,LOW,185 transactions in window,False
4005,228,0.044905263495208944,10,0.03935273572629045,0.008816842894680215,1.1410963600482038,0.6297637187420795,16.78818324208687,4.490526349520894,9.409589106547285,LOW,228 transactions in window,False
4006,188,0.03465568164114264,6,0.039604390831879256,0.008888237971198804,0.8750464509921665,-0.5567705552857917,15.174216432615061,3.465568164114264,8.149027471514582,LOW,188 transactions in window,False
4007,175,0.040588781322994365,2,0.03919643688386736,0.008881016723092286,1.035522219615326,0.1567775945637676,15.234335353735007,4.058878132299436,8.529061020873666,LOW,175 transactions in window,False
4008,164,0.043489485996496095,0,0.03899607484373719,0.008788799353808881,1.1152272676356438,0.5112656429926978,15.645292089613594,4.348948599649609,8.867485995635203,LOW,164 transactions in window,False
4009,180,0.04733494312162319,10,0.03870324543887588,0.008500590485393266,1.2230225807905275,1.015423304719752,16.914473684841116,4.7334943121623185,9.60588606123384,LOW,180 transactions in window,False
4010,116,0.047442568284665934,6,0.038791897484279435,0.008582073895880116,1.223002002000346,1.0079930451938097,15.558339107063373,4.744256828466593,9.069889739905307,LOW,116 transactions in window,False
4011,111,0.08306249854499832,13,0.038335490289307605,0.007744553049765513,2.1667258698962253,5.775285929127304,72.40992108489912,8.306249854499832,33.94771834665955,MEDIUM,risk 2.2x above recent baseline; 5.8σ statistical deviation; 111 transactions in window,True
4012,44,0.08375417413750413,0,0.039692657620887015,0.011773315624747434,2.110067180118248,3.742490044520687,53.62645168033947,8.375417413750414,26.475831120386037,LOW,risk 2.1x above recent baseline; 3.7σ statistical deviation,False
4013,38,0.05393313326578991,2,0.04158457591561169,0.014805635060051376,1.296950421599522,0.834044422957388,12.832690996845706,5.393313326578991,8.369064394685678,LOW,no major anomaly detected,False
4014,32,0.07058251042770224,1,0.04208242590554359,0.015019024618152844,1.6772443343957573,1.8975988951846998,26.421280391756884,7.058251042770223,14.803462782364889,LOW,risk 1.7x above recent baseline,False
4015,7,0.08099179692463412,2,0.04348363026830765,0.01605285341607626,1.8625813076067779,2.336542026775353,29.195864045439475,8.099179692463412,16.537853433653837,LOW,risk 1.9x above recent baseline; 2.3σ statistical deviation,False
4016,8,0.044974120868342814,1,0.04516773327100457,0.017763284291083564,0.995713479764413,-0.010899583629303244,6.3606963845777225,4.497412086834282,5.242725805931658,LOW,no major anomaly detected,False
4017,29,0.04082377106559439,8,0.04574877678010905,0.01750691960069364,0.8923467235378415,-0.28131766334949787,9.846050381887412,4.08237710655944,6.387846416690628,LOW,no major anomaly detected,False
4018,20,0.03335136783368596,0,0.0461593849146611,0.01725901664799883,0.722526261893341,-0.7421058419605975,8.813520048037338,3.335136783368596,5.526490089236093,LOW,no major anomaly detected,False
4019,67,0.026113402936850265,1,0.04652872899269226,0.01686542374828385,0.5612318131654016,-1.2104840269975055,12.214958671884819,2.6113402936850263,6.4527876449649435,LOW,no major anomaly detected,False
4020,120,0.0336884926900067,5,0.04676892601344368,0.016513740694557338,0.7203178597755907,-0.7920939032152831,13.88322700338219,3.3688492690006697,7.574600362753278,LOW,120 transactions in window,False
4021,123,0.0275328476782349,3,0.046907555794076815,0.01638346514705483,0.5869597597262054,-1.1825769421754349,13.954125510538997,2.75328476782349,7.233621064909693,LOW,123 transactions in window,False
4022,186,0.037877421411874036,7,0.046799428549213894,0.016507118777025168,0.8093564940016832,-0.5404945137826007,15.14341957111143,3.7877421411874037,8.330013113157015,LOW,186 transactions in window,False
4023,177,0.04193153313049768,5,0.0467245294961005,0.016544885445079382,0.8974201256322372,-0.28969655797939087,15.00062953690677,4.193153313049768,8.51614380259257,LOW,177 transactions in window,False
4024,227,0.03950105651281806,5,0.04680153273735043,0.016516909689939192,0.8440120270098301,-0.44200012965980257,15.717291472581651,3.950105651281806,8.656979979801743,LOW,227 transactions in window,False
4025,212,0.04511506967011152,12,0.046434730103870565,0.016579715940692817,0.97158031432923,-0.07959487596045618,15.520285020858202,4.511506967011152,8.915018188549972,LOW,212 transactions in window,False
4026,199,0.057529938957932736,13,0.046495027099966495,0.01657184579992521,1.237335314037793,0.6658830881721118,17.117995535712787,5.752993895793273,10.298994551761078,LOW,199 transactions in window,False
4027,200,0.04044250484806451,8,0.04702331774446889,0.01671860176493976,0.8600521355773871,-0.39362220530935,15.352419003022503,4.044250484806451,8.567517892092873,LOW,200 transactions in window,False
4028,207,0.039416014941333156,4,0.04720672216926727,0.01661671750508179,0.8349661474058867,-0.468847546186636,15.451519847489397,3.9416014941333155,8.545568835475748,LOW,207 transactions in window,False
4029,176,0.04490426096210887,4,0.04745993248783777,0.016441587828630304,0.9461509658408421,-0.15543945951975643,14.9843203237469,4.4904260962108875,8.687983787225292,LOW,176 transactions in window,False
4030,205,0.046208781403329804,7,0.04745989071562528,0.01644159460260129,0.9736385968566175,-0.07609415890217434,15.42354979725498,4.62087814033298,8.94194680310178,LOW,205 transactions in window,False
4031,172,0.039189236663513885,2,0.04794126987238307,0.01621801848699184,0.8174426077538914,-0.5396487379693778,14.918148810048116,3.9189236663513887,8.31861372383008,LOW,172 transactions in window,False
4032,176,0.05048140456895907,14,0.04788295551157138,0.016248093169312836,1.054266680693086,0.15992332332850484,15.391320428945047,5.048140456895907,9.185412445715563,LOW,176 transactions in window,False
4033,145,0.05817447286484974,2,0.04817428545209068,0.016228563969248162,1.2075835130487662,0.6162090146551855,15.983807917731943,5.817447286484974,9.88399153898376,LOW,145 transactions in window,False
4034,134,0.05075859432741301,2,0.048625932524725114,0.01635453433529097,1.0438585275789516,0.1304018664772306,14.529109422075031,5.075859432741301,8.857159428474795,LOW,134 transactions in window,False
4035,82,0.057098942035256915,0,0.04876410027650624,0.016358109242863746,1.1709216762226673,0.509523541810724,14.073915614031812,5.709894203525692,9.05550276772814,LOW,no major anomaly detected,False
4036,57,0.07639951695829277,7,0.04768228542193368,0.014772947773730111,1.602262061942804,1.9439066580486595,28.07028452807112,7.639951695829277,15.812084828726015,LOW,risk 1.6x above recent baseline,False
4037,32,0.062324099356033884,11,0.047375841372799876,0.014050783850889493,1.315524907845042,1.0638735989300483,13.286818489443375,6.232409935603388,9.054173357139383,LOW,no major anomaly detected,False
4038,21,0.04839745023271085,2,0.047725464959893375,0.014322804524165355,1.014080224747568,0.046917157298607765,9.053791488530097,4.839745023271085,6.52536360937469,LOW,no major anomaly detected,False
4039,21,0.1115180417876928,3,0.04680108745176873,0.013474262814537345,2.3828087734631955,4.803005197887421,66.85682057749005,11.15180417876928,33.43381073825759,MEDIUM,elevated predicted fraud probability; risk 2.4x above recent baseline; 4.8σ statistical deviation,False
4040,15,0.01889122861415286,2,0.04807301432106284,0.017639179287191,0.39296950442892875,-1.654373212709553,8.026305204928967,1.889122861415286,4.3439957988207585,LOW,no major anomaly detected,False
4041,17,0.05492365067510874,0,0.04698622714380493,0.018614932972184754,1.1689308551420976,0.426400865539739,9.634254099375697,5.492365067510874,7.149120680256804,LOW,no major anomaly detected,False
4042,31,0.039499471799618574,0,0.0475737221275347,0.018634475994677706,0.8302791968584919,-0.433296344379217,10.032881506161209,3.9499471799618573,6.383120910441598,LOW,no major anomaly detected,False
4043,60,0.02088419161236564,1,0.04782989312611522,0.018472009600284212,0.43663471204711574,-1.458731458938555,11.900476990386888,2.088419161236564,6.0132422928966935,LOW,no major anomaly detected,False
4044,92,0.038737322472033535,2,0.04761200932092837,0.01876777269329454,0.8136040260541184,-0.472868410861862,13.121321100363378,3.8737322472033533,7.572767788467363,LOW,no major anomaly detected,False
4045,136,0.03411847752073983,1,0.04782237722851282,0.018632728746555378,0.7134416877209858,-0.7354746529171914,14.242742963054718,3.411847752073983,7.744205836466278,LOW,136 transactions in window,False
4046,156,0.037991226678666175,4,0.04809677847195052,0.018367542385241575,0.7898912959590882,-0.550185298682322,14.637213121202924,3.7991226678666177,8.13435884920114,LOW,156 transactions in window,False
4047,162,0.045751112952671064,0,0.048101520358066856,0.01836480386614766,0.9511365256669768,-0.1279843456280174,14.745783758478234,4.5751112952671065,8.643380280551558,LOW,162 transactions in window,False
4048,194,0.04876622102181614,5,0.04826066951732408,0.0183255182898806,1.0104754349566283,0.027587296386112365,15.343254485390315,4.876622102181614,9.063275055465095,LOW,194 transactions in window,False
4049,216,0.045716631411590075,5,0.04864671803853234,0.01823030710336707,0.9397680512666571,-0.16072612547492912,15.574144763822991,4.571663141159007,8.972655790224602,LOW,216 transactions in window,False
4050,211,0.047660571017271836,13,0.04867178311109394,0.018225653232362228,0.9792238535515742,-0.05548289989554706,15.506662041934408,4.766057101727183,9.062299077810074,LOW,211 transactions in window,False
4051,214,0.05270415336534244,13,0.04826055944689974,0.018128177837649456,1.0920750602431766,0.24512082561403573,16.237903101187147,5.270415336534244,9.657410442395406,LOW,214 transactions in window,False
4052,199,0.05347246051893897,13,0.04877146146845299,0.018070956974726805,1.0963883162190402,0.26014112351994295,16.060893052072142,5.3472460518938965,9.632704851965194,LOW,199 transactions in window,False
4053,195,0.054455230016724844,3,0.04935714670085323,0.01798212945912868,1.103289668399399,0.2835083201608006,16.054168826956925,5.445523001672484,9.68898133178626,LOW,195 transactions in window,False
4054,182,0.04284169122788103,4,0.04975510374479556,0.01798498398306252,0.861051188791106,-0.3843991478349542,15.08082518267575,4.284169122788103,8.602831546743161,LOW,182 transactions in window,False
4055,200,0.04215518262189336,9,0.04961480832081853,0.01802693444624155,0.8496492085449601,-0.41380445028912993,15.352419003022503,4.215518262189336,8.670278558522604,LOW,200 transactions in window,False
4056,199,0.051104665590870284,12,0.049738389402417676,0.01796240681019794,1.0274692487004051,0.07606309125995969,15.54400004568238,5.110466559087028,9.283879953725169,LOW,199 transactions in window,False
4057,129,0.039821877110135497,6,0.04976435861166397,0.01796397820402235,0.8002087883998545,-0.5534676889834031,14.090916832158982,3.9821877110135495,8.025679359471722,LOW,129 transactions in window,False
4058,122,0.05890366084884383,2,0.048999667121884215,0.017981019751397247,1.2021236940717155,0.5508026721448882,15.446612782912664,5.890366084884383,9.712864764095697,LOW,122 transactions in window,False
4059,111,0.06278356031864642,2,0.0493390448936105,0.018092183818248665,1.27249241354441,0.7431118078446186,15.703170162260516,6.278356031864642,10.048281684022992,LOW,111 transactions in window,False
4060,66,0.09303526029495925,13,0.049575903988751724,0.018234840267094224,1.8766225688202884,2.383314340550179,36.03816933376304,9.303526029495925,19.99738335120277,LOW,risk 1.9x above recent baseline; 2.4σ statistical deviation,False
4061,28,0.09390956068267256,2,0.05026905996111283,0.019566380286637,1.868138388808527,2.2303819143985626,31.638721382705594,9.390956068267256,18.29006219404259,LOW,risk 1.9x above recent baseline; 2.2σ statistical deviation,False
4062,26,0.05014185785685365,1,0.051585120849722776,0.021389753135051755,0.9720217192652582,-0.06747450443941909,9.541044576866586,5.014185785685365,6.824929302157853,LOW,no major anomaly detected,False
4063,8,0.024892988717627563,0,0.05165780450072872,0.02138141246330108,0.4818824368983085,-1.2517795926270125,6.3606963845777225,2.4892988717627564,4.037857876888743,LOW,no major anomaly detected,False
4064,6,0.09644939672524189,2,0.04804842728947601,0.017858422977590944,2.007337225507214,2.710259998685228,34.56645103061793,9.644939672524188,19.613544215761685,LOW,risk 2.0x above recent baseline; 2.7σ statistical deviation,False
4065,21,0.026535901303164834,0,0.05128001762743805,0.019311081094297675,0.5174705963627916,-1.281342883054841,8.948189802923338,2.6535901303164833,5.171429999359225,LOW,no major anomaly detected,False
4066,32,0.03590237507656543,0,0.05009719473694039,0.019937432753948135,0.7166544008120266,-0.7119682777394705,10.121961693979955,3.5902375076565427,6.202927182185908,LOW,no major anomaly detected,False
4067,69,0.03647160134374368,4,0.049947315706813177,0.020033852019698293,0.730201429799133,-0.6726471948489734,12.298874045347025,3.647160134374368,7.10784569876343,LOW,no major anomaly detected,False
4068,103,0.03473352169016797,2,0.05059679111228726,0.01928952889116956,0.6864767691114121,-0.8223772343855036,13.444943546257157,3.4733521690167968,7.4619887199129415,LOW,103 transactions in window,False
4069,138,0.04531373540831533,7,0.050429966079709516,0.019413469839183947,0.8985478066095169,-0.2635402487950733,14.284698446395822,4.531373540831533,8.43270350305725,LOW,138 transactions in window,False
4070,179,0.040271609835512645,10,0.050896435158358504,0.01913702713404415,0.791246178837714,-0.5551972753356574,15.032974875408517,4.027160983551265,8.429486540294166,LOW,179 transactions in window,False
4071,195,0.043938232096054415,7,0.05099145112322711,0.01907572940949813,0.8616784015397458,-0.36974832656520995,15.279496313961433,4.393823209605442,8.748092451347839,LOW,195 transactions in window,False
4072,212,0.043980752066133305,10,0.050915914420868076,0.019100955158296483,0.8637918530263621,-0.36307934850695095,15.520285020858202,4.39807520661333,8.846959132311278,LOW,212 transactions in window,False
4073,242,0.03957982635987813,3,0.05071651988104795,0.019149288012487088,0.7804129000315843,-0.5815721980842147,15.901740961444307,3.9579826359878134,8.735485966170412,LOW,242 transactions in window,False
4074,214,0.043987225490085595,6,0.05046081967055996,0.01925960877903398,0.8717104830492635,-0.33612282859668063,15.54734014936332,4.39872254900856,8.858169589150464,LOW,214 transactions in window,False
4075,206,0.04237865239893122,8,0.05030776360692721,0.01929738887346934,0.8423879210781657,-0.4108903676029032,15.43756860275749,4.237865239893122,8.71774658503887,LOW,206 transactions in window,False
4076,226,0.04064325148508227,16,0.0498775343999934,0.01935665011808628,0.8148608782291301,-0.4770599694976606,15.704566715043,4.064325148508227,8.720421775122137,LOW,226 transactions in window,False
4077,237,0.04179427195193071,9,0.049342984023582705,0.019430062337271684,0.8470154932655835,-0.3885068375293728,15.841554226401055,4.179427195193071,8.844278007676264,LOW,237 transactions in window,False
4078,209,0.04804682430564935,3,0.04881544410421629,0.019457084604379712,0.9842545773643683,-0.03950333845975705,15.479222237635886,4.8046824305649345,9.074498353393317,LOW,209 transactions in window,False
4079,213,0.05427464766387226,21,0.0490323246491233,0.01941657003115008,1.1069156531382751,0.2699922286139457,16.335711590221383,5.427464766387226,9.790763495920888,LOW,213 transactions in window,False
4080,202,0.05117949498702708,5,0.049537302359205754,0.01938751303561216,1.033150626893516,0.08470362468898637,15.629711094109453,5.117949498702708,9.322654136865406,LOW,202 transactions in window,False
4081,118,0.03720542010258642,4,0.049540420250712286,0.019387782072688795,0.751011394620769,-0.6362254383652243,13.83497792516881,3.720542010258642,7.76631637622271,LOW,118 transactions in window,False
4082,114,0.05691834576368473,3,0.049431401208731074,0.019452055954038858,1.1514613054025917,0.38489219713554906,14.871957897065514,5.691834576368473,9.36388390464729,LOW,114 transactions in window,False
4083,74,0.05763966200641409,8,0.04934867974684945,0.019414207557769382,1.168008187900791,0.42705746474038647,13.758661378277411,5.763966200641409,8.96184427169581,LOW,no major anomaly detected,False
4084,41,0.10230651701224865,2,0.04913435065050643,0.01928742026497027,2.0821790795599773,2.7568314285302984,40.89683230259814,10.230651701224865,22.497123941774177,LOW,elevated predicted fraud probability; risk 2.1x above recent baseline; 2.8σ statistical deviation,False
4085,19,0.049030140788032854,1,0.04952065301372682,0.020272612978656422,0.990094794881683,-0.024195806737414366,8.672278490830793,4.903014078803285,6.410719843614288,LOW,no major anomaly detected,False
4086,22,0.09945488195664082,6,0.047650677184783496,0.01793521590320628,2.0871661817305753,2.888407089796799,40.835707203619066,9.945488195664081,22.301575798846077,LOW,risk 2.1x above recent baseline; 2.9σ statistical deviation,False
4087,5,0.050147444876096535,0,0.04970538652227464,0.02082494430098737,1.0088935703904807,0.0212273486753546,5.253626271449709,5.014744487609653,5.110297201145675,LOW,no major anomaly detected,False
4088,4,0.02597681953114431,0,0.05075765552887751,0.020143579047601338,0.5117813118134532,-1.2302101795899105,4.659125888366308,2.597681953114431,3.422259527215182,LOW,no major anomaly detected,False
4089,9,0.05061677962999758,2,0.047821298145790114,0.018239933274003254,1.0584568297515689,0.15326160694851726,7.104128412735318,5.061677962999759,5.878658142893983,LOW,no major anomaly detected,False
4090,21,0.029014376568565974,0,0.0488246680760748,0.01767160997942697,0.5942565041785441,-1.1210235813585563,8.948189802923338,2.901437656856597,5.320138515283293,LOW,no major anomaly detected,False
4091,29,0.032880927005698654,0,0.0485376681382415,0.01794442934171848,0.6774311224026989,-0.8725126240789918,9.846050381887412,3.2880927005698655,5.911275773096884,LOW,no major anomaly detected,False
4092,69,0.031679891437956624,1,0.048388056707489614,0.01806397434515477,0.6547047679443828,-0.9249440322646693,12.298874045347025,3.1679891437956624,6.8203431044162075,LOW,no major anomaly detected,False
4093,87,0.030055367598710133,1,0.04826082211364748,0.018174746960747133,0.6227694904975707,-1.0016895725842312,12.961342405387818,3.0055367598710134,6.987859018077735,LOW,no major anomaly detected,False
4094,114,0.04007500115425924,9,0.04762505678824727,0.01854541468686188,0.8414688371384536,-0.40711171798906776,13.735998106546074,4.007500115425924,7.8988993118739845,LOW,114 transactions in window,False
4095,134,0.036632662898700805,3,0.04761686475986171,0.018548847243265783,0.7693211865889171,-0.5921770618467277,14.200170465232894,3.6632662898700805,7.878027960015206,LOW,134 transactions in window,False
4096,172,0.03735564790148631,5,0.04731246604330531,0.018671380598690175,0.7895519093698163,-0.5332663050378549,14.918148810048116,3.7355647901486306,8.208598398108425,LOW,172 transactions in window,False
4097,190,0.044838105759333245,16,0.047036420036445016,0.01877148566720071,0.9532635716024208,-0.11710923237966565,15.204689110610534,4.483810575933324,8.772161989804207,LOW,190 transactions in window,False
4098,141,0.04306485105427457,7,0.04725551501142231,0.018711260547491167,0.9113190501439927,-0.22396481233914678,14.34651312980158,4.306485105427457,8.322496315177107,LOW,141 transactions in window,False
4099,169,0.03462132764333809,2,0.04721708274326352,0.018719210939352127,0.7332373292011042,-0.6728785278788769,14.867508259018889,3.462132764333809,8.024282962207842,LOW,169 transactions in window,False
4100,177,0.04863102420753603,7,0.04689386087844714,0.018872730545720955,1.037044578896836,0.0920462105300796,15.278463878633042,4.863102420753603,9.029247003905379,LOW,177 transactions in window,False
4101,163,0.038276436286617636,4,0.04722668474188271,0.018828087410138444,0.8104832362427592,-0.47536684211725067,14.76348948755042,3.8276436286617637,8.201981972217226,LOW,163 transactions in window,False
4102,169,0.038719577142753175,4,0.047080108255828,0.01888582208470489,0.8224190337956607,-0.4426882280038945,14.867508259018889,3.8719577142753177,8.270177932172746,LOW,169 transactions in window,False
4103,166,0.03486713183856192,11,0.04669147295737399,0.01896088351779586,0.7467558770397571,-0.6236176234991508,14.81596604858521,3.4867131838561916,8.018414329747799,LOW,166 transactions in window,False
4104,148,0.039947650578087905,2,0.04588282646465273,0.0190371080096044,0.8706449374661526,-0.3117687772518005,14.4858124677612,3.9947650578087903,8.191184021789756,LOW,148 transactions in window,False
4105,110,0.04157486610350216,2,0.045414832947613594,0.01903929489982287,0.9154468574498366,-0.2016863998543958,13.633513858134453,4.157486610350216,7.947897509463911,LOW,110 transactions in window,False
4106,91,0.03897233171623317,3,0.045596893197651756,0.018978173550467194,0.8547146303871477,-0.34906211937636683,13.090024820644249,3.897233171623317,7.57434983123169,LOW,no major anomaly detected,False
4107,82,0.06688952366484557,8,0.04484914261234127,0.018865917076634344,1.4914337213313724,1.1682644932114947,18.581062117490784,6.688952366484557,11.445796266887047,LOW,no major anomaly detected,False
4108,46,0.08048309464394658,4,0.04523455351477592,0.01922955270604672,1.779239284801533,1.8330400955237394,27.403002182923398,8.048309464394658,15.790186551806155,LOW,risk 1.8x above recent baseline,False
4109,21,0.0566208691231709,2,0.04432524424942999,0.016772450796305682,1.2773955357030893,0.7330845696354141,11.028656320696506,5.66208691231709,7.808714675668856,LOW,no major anomaly detected,False
4110,11,0.07013387253690363,0,0.044641524596727426,0.016935803305470037,1.5710456390202452,1.5052340583066715,17.79176881623858,7.013387253690364,11.32473987870965,LOW,risk 1.6x above recent baseline,False
4111,14,0.08475061964046737,2,0.043419815870905036,0.01352361364463548,1.9518880479006704,3.0561952489641966,40.68107505196266,8.475061964046738,21.357467199213104,LOW,risk 2.0x above recent baseline; 3.1σ statistical deviation,False
4112,5,0.02427846024870162,1,0.04486161481942049,0.015906671317722852,0.5411856070368544,-1.2939950892042125,5.186924493521103,2.427846024870162,3.5314774123305384,LOW,no major anomaly detected,False
4113,10,0.05233753231832412,0,0.04479084984931871,0.01599785447583478,1.1684871462451207,0.47173091119217836,8.2052670985295,5.233753231832412,6.4223587785112475,LOW,no major anomaly detected,False
4114,7,0.03556643568308049,0,0.044862547877998975,0.016028925733610325,0.7927867980169403,-0.5799585293121604,6.019728903696724,3.556643568308049,4.54187770246352,LOW,no major anomaly detected,False
4115,22,0.0580837119013826,2,0.045135550341103746,0.01580144878305866,1.2868727967738394,0.8194287585933938,11.228418193983561,5.80837119013826,7.976389991676381,LOW,no major anomaly detected,False
4116,40,0.034091411186155746,0,0.04618566637842391,0.015789080252280215,0.7381383415977275,-0.7659885819201879,10.750336885085938,3.4091411186155747,6.34561942520372,LOW,no major anomaly detected,False
4117,136,0.035252001060772135,2,0.04628614636793221,0.015700176490909063,0.7616101971538354,-0.7028039024624483,14.242742963054718,3.5252001060772136,7.812217248868215,LOW,136 transactions in window,False
4118,238,0.03854816808325327,1,0.04650267276218479,0.015501173079521173,0.8289452152651323,-0.5131550133738155,15.853692096086599,3.854816808325327,8.654366923429837,LOW,238 transactions in window,False
4119,261,0.037493341589685536,3,0.04643905471755955,0.015531802557281454,0.8073665973116491,-0.5759610383200614,16.11967621265903,3.7493341589685536,8.697470980444745,LOW,261 transactions in window,False
4120,182,0.04907236483363583,8,0.04647491632968392,0.015509153094275422,1.0558892561640374,0.16747842310684607,15.499994603906032,4.907236483363583,9.144339731580564,LOW,182 transactions in window,False
4121,166,0.041343081674180986,1,0.04696311286852348,0.0153935950889673,0.880330948034127,-0.36508893223847416,14.81596604858521,4.134308167418099,8.406971319884944,LOW,166 transactions in window,False
4122,159,0.035133124913485296,3,0.04681748686497545,0.015431058226233288,0.7504273993777457,-0.7571977099811839,14.692007394527515,3.5133124913485294,7.984790452620124,LOW,159 transactions in window,False
4123,179,0.03697170415595848,3,0.04648699827577591,0.015598947187544891,0.7953127869566965,-0.6099959186614204,15.032974875408517,3.6971704155958482,8.231492199520916,LOW,179 transactions in window,False
4124,195,0.038831840846462996,2,0.046584930630468424,0.015528432592587923,0.8335708633869985,-0.4992834748631459,15.279496313961433,3.8831840846462997,8.441708976372354,LOW,195 transactions in window,False
4125,178,0.035114915015614374,3,0.046176631323757045,0.015600953056866426,0.760447741833181,-0.709041061005827,15.016847381446407,3.5114915015614376,8.113633853515426,LOW,178 transactions in window,False
4126,227,0.038791670970578944,9,0.04604490127079858,0.015683688498607573,0.8424748430328465,-0.46246967356330676,15.717291472581651,3.8791670970578944,8.614416847267396,LOW,227 transactions in window,False
4127,267,0.03924540570707105,7,0.04604790518029132,0.01568223130867896,0.8522734216336998,-0.43377114769730396,16.185223413198123,3.924540570707105,8.828813707703512,LOW,267 transactions in window,False
4128,369,0.03723780708965744,9,0.04623033325814587,0.015571588256812083,0.805484288458943,-0.5774957583119039,17.118867855444144,3.723780708965744,9.081815567557104,LOW,369 transactions in window,False
4129,156,0.03720817978572053,3,0.04611742311279459,0.015628844230715533,0.8068139387301906,-0.570051322769257,14.637213121202924,3.720817978572053,8.087376035624402,LOW,156 transactions in window,False
4130,136,0.03745202812163621,0,0.0459354778495537,0.01570923717505651,0.8153181348041662,-0.5400293873841122,14.242742963054718,3.745202812163621,7.944218872520061,LOW,136 transactions in window,False
4131,93,0.04028436945747076,3,0.04587213186644549,0.015741568150705983,0.8781882990473775,-0.35496860004535974,13.1522826540974,4.028436945747076,7.677975229087206,LOW,no major anomaly detected,False
4132,49,0.05468964938068609,2,0.04476358377447154,0.015121722782854936,1.2217442119072544,0.6564110286077164,12.987909667269268,5.468964938068608,8.476542829748873,LOW,no major anomaly detected,False
4133,36,0.05277249115161032,0,0.04368885688850235,0.01327673989376346,1.2079165011410156,0.6841765626044132,12.012539424403206,5.277249115161032,7.971365238857903,LOW,no major anomaly detected,False
4134,30,0.03206915722591768,0,0.043528507806354,0.013136259638820738,0.7367391817928672,-0.8723450126222566,9.940972908074516,3.206915722591768,5.900538596784867,LOW,no major anomaly detected,False
4135,11,0.048507831058894425,0,0.04194247800172957,0.012036195065677225,1.1565323121083622,0.5454674854752737,8.367493135566061,4.850783105889443,6.25746711776009,LOW,no major anomaly detected,False
4136,5,0.01417369888230113,0,0.04043236181083071,0.008042944130322867,0.35055332529460076,-3.264807327149179,5.186924493521103,1.417369888230113,2.925191730346509,LOW,no major anomaly detected,False
4137,11,0.04224333118181395,0,0.040011330087230686,0.009117971443304085,1.0557842263608124,0.24479141094726334,7.611882492459437,4.224333118181395,5.579352867892612,LOW,no major anomaly detected,False
4138,33,0.036085703714780835,0,0.03959073837320943,0.00875005914173213,0.9114683180346945,-0.4005726820418667,10.20838237065258,3.6085703714780837,6.248495171147882,LOW,no major anomaly detected,False
4139,65,0.030502058770778023,1,0.03961237454119694,0.008740312215775203,0.7700133891003133,-1.0423329905739411,12.128537995212197,3.0502058770778024,6.681538724331561,LOW,no major anomaly detected,False
4140,76,0.02792222505321738,0,0.03846313899408842,0.007986809938374537,0.7259476419100604,-1.3197902569616307,12.574785357439572,2.792222505321738,6.705247646168872,LOW,no major anomaly detected,False
4141,128,0.03657720804947457,4,0.03820608957188266,0.008229224528315208,0.9573659188715601,-0.19793864133897598,14.068562453285875,3.657720804947457,7.822057464282825,LOW,128 transactions in window,False
4142,162,0.03715095070009722,2,0.03826130652974525,0.00821297112458431,0.9709796677020213,-0.13519538944004636,14.745783758478234,3.715095070009722,8.127370545397127,LOW,162 transactions in window,False
4143,193,0.035194142019903854,3,0.03820308913878042,0.00821580088480562,0.9212381200916513,-0.36623905095379583,15.24980500056326,3.5194142019903856,8.211570521419535,LOW,193 transactions in window,False
4144,212,0.04150147370315027,8,0.038107289156706185,0.008237812061820029,1.089069168171118,0.4120250038447938,16.188303782141585,4.150147370315027,8.96540993504565,LOW,212 transactions in window,False
4145,185,0.042697452249713004,0,0.037791835359602614,0.007939211799107206,1.1298062622106526,0.6178972187972167,16.101444368175514,4.269745224971301,9.002424882252987,LOW,185 transactions in window,False
4146,178,0.04619543293721196,8,0.03784826746691645,0.007970304201534538,1.2205428683781063,1.047283172540443,17.261958551037743,4.619543293721196,9.676509396647814,LOW,178 transactions in window,False
4147,176,0.04073545451118937,5,0.03830919696790506,0.008124831654927197,1.0633335526536096,0.29862250029672216,15.459321968648974,4.073545451118937,8.627856058130952,LOW,176 transactions in window,False
4148,244,0.04252550836823665,6,0.03846601989937302,0.008134211308234354,1.1055344035978572,0.4990635619158516,16.71697762684719,4.252550836823666,9.238321552833074,LOW,244 transactions in window,False
4149,206,0.04739448335489932,16,0.03861992271278025,0.008176267908061962,1.2272029570689782,1.0731743065154673,18.056269612218166,4.739448335489932,10.066176846181227,LOW,206 transactions in window,False
4150,226,0.0410231582868711,7,0.03913157139358379,0.008330160547971843,1.0483391498455763,0.2270768831397686,16.06711033888482,4.10231582868711,8.888233632766195,LOW,226 transactions in window,False
4151,180,0.04444319735210418,4,0.03922455003176263,0.008338650989297569,1.1330454349665116,0.6258383192964357,16.046853782164096,4.444319735210418,9.085333353991889,LOW,180 transactions in window,False
4152,186,0.03278204869508723,6,0.03944112468363901,0.008406440187424298,0.8311641454962339,-0.7921398166269582,15.14341957111143,3.2782048695087234,8.024290750149806,LOW,186 transactions in window,False
4153,200,0.05098158252030507,11,0.03925546808386526,0.00850583146772153,1.2987128929755258,1.3785970814186497,22.325229218072067,5.098158252030506,11.98898663844713,LOW,200 transactions in window,False
4154,147,0.042515192260008126,3,0.03982935986447294,0.008820521560537517,1.067433481348288,0.30449813847192886,14.972069378422232,4.251519226000813,8.53973928696938,LOW,147 transactions in window,False
4155,94,0.05122028111875612,2,0.040040325036905106,0.008821738594157169,1.2792174157314276,1.2673189034705412,18.61853347756208,5.122028111875612,10.5206302581502,LOW,no major anomaly detected,False
4156,56,0.07706690961322285,5,0.040495988022791994,0.009112531796558588,1.9030751779620236,4.0132558554409785,56.14290089784457,7.706690961322285,27.0811749359312,LOW,risk 1.9x above recent baseline; 4.0σ statistical deviation,False
4157,29,0.062200143001123614,6,0.04142837386581436,0.011468269011342862,1.5013899218585933,1.8112383930621636,23.746954709103907,6.220014300112362,13.23079046370898,LOW,risk 1.5x above recent baseline,False
4158,18,0.03720245378725884,0,0.04182119269287742,0.012021830688838584,0.889559847335363,-0.38419597024492746,8.523790677828302,3.720245378725884,5.641663498366851,LOW,no major anomaly detected,False
4159,14,0.0632678362106469,3,0.042035080049599965,0.01188567663317268,1.5051199173640921,1.7864154323184884,21.458066364866966,6.326783621064689,12.3792967185856,LOW,risk 1.5x above recent baseline,False
4160,5,0.02588404643826662,0,0.04265008026425632,0.012595806979828955,0.6068932643946093,-1.3310805613994392,5.186924493521103,2.588404643826662,3.627812583704438,LOW,no major anomaly detected,False
4161,19,0.035069032759666156,1,0.043138011412421545,0.011634902290646973,0.8129496843141004,-0.6935149476280392,8.672278490830793,3.5069032759666157,5.573053361912287,LOW,no major anomaly detected,False
4162,29,0.03940868944527042,0,0.042839082311498716,0.011750476840284152,0.9199237546387048,-0.29193648163008,9.846050381887412,3.940868944527042,6.30294151947119,LOW,no major anomaly detected,False
4163,51,0.02533834740070444,0,0.042977540050269124,0.01168684622362866,0.5895718408049223,-1.5093201632020683,11.438367245024915,2.5338347400704437,6.095647742052233,LOW,no major anomaly detected,False
4164,76,0.029296067880904657,1,0.04276238540984939,0.0119705927802979,0.6850896553155554,-1.1249499315613352,12.574785357439572,2.9296067880904655,6.787678215830108,LOW,no major anomaly detected,False
4165,120,0.03187945413299211,5,0.042819628861003024,0.011899616014346626,0.7445056153213317,-0.9193720801428403,13.88322700338219,3.1879454132992113,7.466058049332403,LOW,120 transactions in window,False
4166,157,0.038039220390710365,4,0.04262388911448292,0.01204451864862901,0.8924389862347226,-0.38064358215713456,14.655593358688465,3.8039220390710367,8.144590566918009,LOW,157 transactions in window,False
4167,156,0.043275982718125126,10,0.042660900351591806,0.012028323701262096,1.0144179415217234,0.0511361667518793,14.74534768261585,4.327598271812513,8.49469803613385,LOW,156 transactions in window,False
4168,219,0.08107426567057671,30,0.04299764371401769,0.01192286344829962,1.8855513620655833,3.193580310775875,49.675281092712204,8.10742656705767,24.734568377319487,LOW,risk 1.9x above recent baseline; 3.2σ statistical deviation; 219 transactions in window,True
4169,167,0.053410640419955795,5,0.04464651004599379,0.014221688649720107,1.1963004580858256,0.6162510366962988,16.305502387377754,5.34106404199558,9.72683938014845,LOW,167 transactions in window,False
4170,191,0.04027557850253355,9,0.04509289288642057,0.014325603131234148,0.8931690988196119,-0.3362730587854846,15.219805999682311,4.027557850253355,8.504457110024937,LOW,191 transactions in window,False
4171,179,0.03638242792129098,10,0.04484623228497563,0.014356724746306278,0.811270558697075,-0.5895358804494898,15.032974875408517,3.6382427921290983,8.196135625440867,LOW,179 transactions in window,False
4172,188,0.04196935107982914,5,0.0446648561770632,0.014438182320452507,0.9396504247870323,-0.18669282859904918,15.174216432615061,4.196935107982914,8.587847637835774,LOW,188 transactions in window,False
4173,166,0.04344718155371891,7,0.04464168295671289,0.014442211006290643,0.9732424648024082,-0.08270903966668856,14.81596604858521,4.344718155371892,8.53321731265722,LOW,166 transactions in window,False
4174,221,0.04753459373228615,12,0.044477212048330377,0.014431971239173657,1.0687404075739622,0.2118478226769825,16.15564321617141,4.753459373228615,9.314332910405732,LOW,221 transactions in window,False
4175,178,0.05003489106533267,7,0.044748521858556,0.014425417991941174,1.1181350575888556,0.3664621163650111,15.902860313362824,5.003489106533267,9.36323758926509,LOW,178 transactions in window,False
4176,157,0.03604756483240566,3,0.0449815090966072,0.014465373078091944,0.8013862930873658,-0.6176089766901447,14.655593358688465,3.6047564832405663,8.025091233419726,LOW,157 transactions in window,False
4177,169,0.046516693331376105,10,0.04511757226899546,0.014360612845974686,1.0310105573508908,0.09742767090701303,15.10008743915057,4.651669333137611,8.831036575542795,LOW,169 transactions in window,False
4178,137,0.05982623475939501,4,0.04493153521945675,0.014310175642108494,1.3314976767917868,1.0408467311966296,17.26061342759714,5.982623475939501,10.493819456602557,LOW,137 transactions in window,False
4179,94,0.05762400935730289,2,0.0456528286569312,0.014616091398390785,1.2622221021687814,0.8190411768832878,15.14958233246047,5.762400935730289,9.517273494422362,LOW,no major anomaly detected,False
4180,45,0.06165592149049545,1,0.04591965066687065,0.01477968188665595,1.3426914315569467,1.064723242645197,14.462674789154068,6.165592149049545,9.484425205091355,LOW,no major anomaly detected,False
4181,38,0.08376461775107433,10,0.04527752616175701,0.01365996949176822,1.8500263784690796,2.817509337228786,39.699627388727215,8.376461775107433,20.905728020555348,LOW,risk 1.9x above recent baseline; 2.8σ statistical deviation,False
4182,19,0.023798673825104904,1,0.04617604594300495,0.015417642041909284,0.515390032625998,-1.4514133910407538,8.672278490830793,2.3798673825104903,4.896831825838611,LOW,no major anomaly detected,False
4183,12,0.03182574381827465,0,0.04561755511124854,0.01598901840469683,0.6976643912778865,-0.8625802375036667,7.425214642560432,3.1825743818274654,4.879630486120652,LOW,no major anomaly detected,False
4184,9,0.030757111515782285,0,0.04430746792823303,0.015766516630470365,0.6941744350094905,-0.8594388177197828,6.6657021895985515,3.0757111515782287,4.511707566786358,LOW,no major anomaly detected,False
4185,27,0.0428092067342215,0,0.04451051230646285,0.0155488155905612,0.9617774434828438,-0.10941705252933333,9.646324458212959,4.28092067342215,6.427082187338474,LOW,no major anomaly detected,False
4186,33,0.03416374057689637,0,0.04483301955540266,0.015424242588121561,0.7620218516550804,-0.6917214195478788,10.20838237065258,3.416374057689637,6.133177382874814,LOW,no major anomaly detected,False
4187,66,0.023975121912057678,0,0.044614480019220415,0.015541152795192066,0.5373843178656106,-1.3280455046776127,12.17207081073364,2.397512191205768,6.307335639016918,LOW,no major anomaly detected,False
4188,102,0.04193224382026843,5,0.04455767895719346,0.015616974149350656,0.9410778299415622,-0.16811420136942426,13.416973496022736,4.193224382026843,7.8827240276252,LOW,102 transactions in window,False
4189,143,0.04180817545604115,2,0.04508418628800028,0.01528965318531095,0.9273357001270515,-0.21426325321142362,14.38700158950669,4.180817545604115,8.263291163165146,LOW,143 transactions in window,False
4190,169,0.03745283663041637,3,0.045497883009793995,0.015049267193405436,0.8231775667969908,-0.5345806062173547,14.867508259018889,3.745283663041637,8.194173501432537,LOW,169 transactions in window,False
4191,173,0.03862815690449206,6,0.04547345035311507,0.015062373198619992,0.849466152326968,-0.454463141920436,14.93483403018071,3.862815690449206,8.291623026341808,LOW,173 transactions in window,False
4192,168,0.03103152164022333,2,0.045279790944213694,0.015121617221144648,0.6853282886940725,-0.942245071781537,14.850429285120864,3.1031521640223327,7.802063012461746,LOW,168 transactions in window,False
4193,208,0.03526497788982512,11,0.043194676609615644,0.013313412629027632,0.8164195372624857,-0.5956172876743236,15.465404179519398,3.5264977889825118,8.302060345197267,LOW,208 transactions in window,False
4194,197,0.03875731144540651,4,0.042438607337526864,0.013222962260136802,0.9132559684901554,-0.27840175444032955,15.30888618750106,3.8757311445406515,8.448993161724815,LOW,197 transactions in window,False
4195,165,0.037911419865931814,7,0.04237534621014657,0.013237384494512176,0.894657466110663,-0.3372211743237771,14.798579343594048,3.7911419865931815,8.194116929393529,LOW,165 transactions in window,False
4196,168,0.03646634671905587,5,0.04243905420783994,0.013210941067839045,0.8592638879383719,-0.4521031059115188,14.850429285120864,3.646634671905587,8.128152517191698,LOW,168 transactions in window,False
4197,193,0.04298573638829936,4,0.042209762359474386,0.013267084128592942,1.018383757345433,0.058488664223709325,15.387683180654008,4.298573638829936,8.734217455559564,LOW,193 transactions in window,False
4198,177,0.033532469341974944,3,0.0421905354775819,0.013265547148794018,0.7947865312065676,-0.6526731267465335,15.00062953690677,3.3532469341974944,8.012199975281206,LOW,177 transactions in window,False
4199,168,0.03538574418117334,4,0.0416071136279856,0.013328056467919179,0.8504734189821888,-0.4667874466008746,14.850429285120864,3.5385744181173338,8.063316364918746,LOW,168 transactions in window,False
4200,169,0.036803595079103885,3,0.0409967325078123,0.013260581491696928,0.8977202042160464,-0.3162106753262619,14.867508259018889,3.6803595079103886,8.15521900835379,LOW,169 transactions in window,False
4201,113,0.029787305470655792,1,0.041028233768091386,0.013249206406691545,0.7260196877844173,-0.8484227622688658,13.710715171349404,2.978730547065579,7.2715243967791094,LOW,113 transactions in window,False
4202,94,0.037831654116701426,0,0.04033117594056138,0.013387255050681356,0.9380250695505715,-0.1867090612972778,13.18291656619461,3.7831654116701428,7.5430658734799305,LOW,no major anomaly detected,False
4203,58,0.049410102939768843,0,0.03941473508044915,0.012731442262319832,1.253594698503446,0.785093130328379,13.705932370233883,4.941010293976884,8.446979124479684,LOW,no major anomaly detected,False
4204,57,0.06673769411133175,4,0.03907248897971856,0.012324559855131062,1.7080481907864489,2.2447215524776234,32.62386667476051,6.673769411133175,17.053808316584107,LOW,risk 1.7x above recent baseline; 2.2σ statistical deviation,False
4205,22,0.02758860507600678,0,0.039284229505586736,0.012765197205719035,0.7022819442617123,-0.9162118094297916,9.076872218179766,2.758860507600678,5.2860651918323125,LOW,no major anomaly detected,False
4206,25,0.0372577096646782,3,0.03694356231079226,0.008784000562896506,1.008503439685733,0.035763585354592994,9.49556674143567,3.7257709664678202,6.03368927645496,LOW,no major anomaly detected,False
4207,9,0.03724209426793802,0,0.03750435547077447,0.008325999549515467,0.9930071801116321,-0.03149906522054894,6.6657021895985515,3.724209426793802,4.900806531915702,LOW,no major anomaly detected,False
4208,14,0.06717079568686926,0,0.037730036739510454,0.008238330237275654,1.7803002989532948,3.5736318039484924,45.86212387216104,6.717079568686926,22.375097290076575,LOW,risk 1.8x above recent baseline; 3.6σ statistical deviation,False
4209,17,0.026868391949297507,0,0.03924727357997241,0.010051823056287289,0.6845925716228157,-1.2315061219598438,8.367272685809965,2.6868391949297505,4.959012591281836,LOW,no major anomaly detected,False
4210,37,0.03378071980452337,0,0.03858307296393391,0.010329067930073174,0.8755321235325241,-0.4649357707706076,10.530366979060544,3.3780719804523374,6.23898997989562,LOW,no major anomaly detected,False
4211,77,0.032380561149489576,6,0.03856711376508503,0.010336486248930202,0.839589950824991,-0.5985160204934966,12.612139136081534,3.2380561149489577,6.987689323401988,LOW,no major anomaly detected,False
4212,101,0.03491155636927841,1,0.03891734039997803,0.009955970901789065,0.8970694299885436,-0.4023499134554312,13.38873056294144,3.491155636927841,7.45018560733328,LOW,101 transactions in window,False
4213,123,0.04381237076259936,4,0.03862481175618678,0.009966670789982835,1.1343063893529954,0.5204906548760917,14.961423430686462,4.381237076259936,8.613311618030547,LOW,123 transactions in window,False
4214,127,0.05920112134742597,6,0.03870831989396004,0.010002833750682656,1.5294159371836642,2.048699594959016,31.12539857449087,5.920112134742597,16.002226710641906,LOW,risk 1.5x above recent baseline; 2.0σ statistical deviation; 127 transactions in window,True
4215,151,0.03971168991045507,7,0.03961449842383544,0.010834675723004547,1.0024534322151395,0.008970410292323722,14.561920323138578,3.9711689910455066,8.207469523882736,LOW,151 transactions in window,False
4216,173,0.0384797270349921,8,0.03965964563241723,0.010832644328949377,0.970248887033406,-0.10892249035370745,14.93483403018071,3.84797270349921,8.282717234171809,LOW,173 transactions in window,False
4217,175,0.03683893949212093,3,0.03996998752386593,0.010680332202016094,0.9216650235410891,-0.2931601725978113,14.967918706620061,3.683893949212093,8.19750385217528,LOW,175 transactions in window,False
4218,183,0.04646842427807286,10,0.04003556925729492,0.01065498766598995,1.1606784951510536,0.6037411982475779,16.301689835509393,4.646842427807286,9.308781390888129,LOW,183 transactions in window,False
4219,175,0.047325657484087714,18,0.04035686562532268,0.010730759643018227,1.172679214571915,0.649422043787846,16.263012815909423,4.7325657484087715,9.344744575409033,LOW,175 transactions in window,False
4220,201,0.05500243351838611,9,0.04074912552607918,0.01080926069339364,1.3497819353984641,1.3186200607612517,21.972900946118507,5.500243351838611,12.08930638955057,LOW,201 transactions in window,False
4221,200,0.051986069944628684,7,0.04152146247605127,0.011146887213456165,1.2520288748165647,0.9387919038011683,17.242635564146738,5.198606994462868,10.016218422336417,LOW,200 transactions in window,False
4222,214,0.050405540334915545,14,0.04189647637423166,0.011347878246132759,1.203097365150196,0.749837438869569,17.07057038798979,5.040554033491555,9.852560575290848,LOW,214 transactions in window,False
4223,168,0.040300622998447555,4,0.04259952099893752,0.011329827639495827,0.9460346514096414,-0.20290670552445075,14.850429285120864,4.030062299844755,8.3582090939552,LOW,168 transactions in window,False
4224,158,0.04285658680012419,3,0.04280430761632394,0.011237814123806195,1.0012213533336143,0.004652077639324883,14.683017781760894,4.2856586800124195,8.444602320711809,LOW,158 transactions in window,False
4225,130,0.05490086121362181,3,0.0430565156046998,0.01116497297210675,1.2750883447621375,1.0608485697647925,16.93686961920272,5.4900861213621805,10.068799520498397,LOW,130 transactions in window,False
4226,145,0.08590840116818228,25,0.044102913760656705,0.01104347161205546,1.9479076061595593,3.785538540425021,56.355470371375645,8.590840116818228,27.696692218641196,LOW,risk 1.9x above recent baseline; 3.8σ statistical deviation; 145 transactions in window,True
4227,79,0.07968388821934824,11,0.046106111554468414,0.013858136751124614,1.728271709168361,2.422964736738864,35.93452812129379,7.968388821934824,19.15484454167841,LOW,risk 1.7x above recent baseline; 2.4σ statistical deviation,False
4228,43,0.09120988135781082,5,0.04736751927445088,0.01545746771419489,1.9255785980543771,2.836322410241792,40.85063571758581,9.120988135781081,21.812847168502973,LOW,risk 1.9x above recent baseline; 2.8σ statistical deviation,False
4229,33,0.08549954130422315,7,0.04838719374305419,0.017467312904548896,1.7669869792045194,2.1246741135268743,30.019211133772405,8.549954130422314,17.13765693176235,LOW,risk 1.8x above recent baseline; 2.1σ statistical deviation,False
4230,26,0.06605815061381022,3,0.05080014941922987,0.01844200072978516,1.3003534707873239,0.8273506447669521,11.793695607771514,6.605815061381022,8.680967279937219,LOW,no major anomaly detected,False
4231,8,0.023217169317502357,1,0.05200016779211036,0.018459494857145126,0.44648258463937,-1.559251685777683,6.3606963845777225,2.3217169317502355,3.9373087128812303,LOW,no major anomaly detected,False
4232,9,0.02576599537630674,1,0.05141579591917555,0.019155862258741992,0.5011299526863358,-1.3390052714104914,6.6657021895985515,2.576599537630674,4.212240598417825,LOW,no major anomaly detected,False
4233,24,0.026300211689372813,1,0.049690595906235445,0.019535967990309305,0.5292794584110133,-1.197298451167881,9.318251776732616,2.630021168937281,5.3053134120554155,LOW,no major anomaly detected,False
4234,44,0.026663140746029892,0,0.04966692172873857,0.01956514944162643,0.5368390030623119,-1.1757528891533169,11.019822272944031,2.6663140746029894,6.007717353939406,LOW,no major anomaly detected,False
4235,43,0.03534254202030925,4,0.04937035593463468,0.019868019276039678,0.715865651588618,-0.7060499448600098,10.954766104155578,3.534254202030925,6.502458962880786,LOW,no major anomaly detected,False
4236,118,0.03847746257121797,4,0.049493771804252164,0.019766835696988037,0.7774202928682888,-0.5573127334039002,13.83497792516881,3.847746257121797,7.842638924340602,LOW,118 transactions in window,False
4237,117,0.03287572419908864,2,0.04964235122933299,0.019665603929175917,0.6622515530582448,-0.8525864291088135,13.81054843269028,3.2875724199088645,7.496762825021431,LOW,117 transactions in window,False
4238,157,0.035585660560013346,0,0.04918665762252004,0.01993148573346017,0.7234819823114085,-0.6823875171369633,14.655593358688465,3.5585660560013346,7.997376977076187,LOW,157 transactions in window,False
4239,193,0.03619583835262063,3,0.04820268008971118,0.019998407975818023,0.7509092499681692,-0.6003898786147961,15.24980500056326,3.6195838352620626,8.271672301382543,LOW,193 transactions in window,False
4240,175,0.041046543156271646,5,0.04805618627480141,0.020076037717307118,0.8541365084934899,-0.34915470957134653,14.967918706620061,4.104654315627164,8.449960072024323,LOW,175 transactions in window,False
4241,197,0.045712692022917854,5,0.04816313694652139,0.020029586466225456,0.9491219825169522,-0.12234126389656408,15.30888618750106,4.571269202291785,8.866315996375494,LOW,197 transactions in window,False
4242,222,0.04688699968820054,6,0.048532876635304596,0.01989289357056099,0.9660873811484154,-0.08273693021410182,15.65310086746505,4.688699968820053,9.074460328278052,LOW,222 transactions in window,False
4243,200,0.03993990812942729,11,0.04855031727739325,0.01989118833006448,0.8226497862254905,-0.4328755529880424,15.352419003022503,3.9939908129427293,8.537362088974639,LOW,200 transactions in window,False
4244,254,0.056396503990656474,22,0.048242577720949066,0.019967943929821916,1.1690192907367511,0.4083508196119083,17.30892483060114,5.639650399065648,10.307360171679845,LOW,254 transactions in window,False
4245,222,0.043785365774182114,6,0.048300663990627,0.019990478099530997,0.9065168500101551,-0.22587244757046698,15.65310086746505,4.3785365774182115,8.888362293436947,LOW,222 transactions in window,False
4246,248,0.045681001421243636,9,0.04795896798352505,0.019994831386448052,0.9525017601908375,-0.11392777054500987,15.972351234650667,4.568100142124363,9.129800579134885,LOW,248 transactions in window,False
4247,187,0.04076860106272468,8,0.04776211219545539,0.01999295403334188,0.8535761755235743,-0.34979879016716386,15.158858955329643,4.076860106272468,8.509659645895338,LOW,187 transactions in window,False
4248,168,0.03695975287886907,4,0.04778161128146694,0.019985587311541188,0.7735141592683095,-0.541483131513904,14.850429285120864,3.6959752878869074,8.15775688678049,LOW,168 transactions in window,False
4249,145,0.03865293778649042,5,0.04753590986808131,0.0200847692641026,0.813131333632987,-0.442274041826678,14.426931569866197,3.865293778649042,8.089948895135905,LOW,145 transactions in window,False
4250,88,0.05364202720281321,8,0.0468589130586175,0.020099554277321775,1.1447561136492959,0.33747584899676425,14.079724088044246,5.364202720281321,8.850411267386491,LOW,no major anomaly detected,False
4251,62,0.0712343862412467,3,0.04551448081006046,0.018379556284032584,1.565092800652164,1.399375753892963,21.224261168879465,7.12343862412467,12.76376764202659,LOW,risk 1.6x above recent baseline,False
4252,27,0.1026099111718645,6,0.045162418227639556,0.017767308071840564,2.2720198607316133,3.2333256513559068,47.103044055648894,10.260991117186451,24.99781229257143,LOW,elevated predicted fraud probability; risk 2.3x above recent baseline; 3.2σ statistical deviation,False
4253,29,0.05718145704188492,2,0.0456374194698918,0.01915044214188391,1.2529511463637646,0.6028078874871076,11.743183979615647,5.718145704188491,8.128161014359353,LOW,no major anomaly detected,False
4254,16,0.1122556442452178,1,0.044457499292294374,0.017377984516395988,2.5250103139443696,3.901381364965335,55.9066504860698,11.22556442452178,29.09799884914099,LOW,elevated predicted fraud probability; risk 2.5x above recent baseline; 3.9σ statistical deviation,False
4255,6,0.03759292461480513,3,0.04638239486026969,0.021856194948482364,0.8104998615974127,-0.4021500662023916,5.633171855748475,3.759292461480513,4.508844219187697,LOW,no major anomaly detected,False
4256,4,0.023769127942455972,0,0.046981384664323965,0.021385652552587155,0.5059265092394227,-1.0854125991614814,4.659125888366308,2.376912794245597,3.2897980318938815,LOW,no major anomaly detected,False
4257,19,0.04045338201867721,0,0.04689818185458019,0.021475477503217974,0.8625788979221682,-0.3001004208142643,8.672278490830793,4.045338201867721,5.89611431745295,LOW,no major anomaly detected,False
4258,14,0.03331506193896706,0,0.04748789728496788,0.02107587102626673,0.7015484753735942,-0.6724673598703134,7.839474080655171,3.331506193896706,5.134693348600091,LOW,no major anomaly detected,False
4259,42,0.040887110961800255,3,0.047765060668006926,0.0208324359517445,0.8560045855691014,-0.33015580713357306,10.888214260997012,4.088711096180026,6.808512362106821,LOW,no major anomaly detected,False
4260,69,0.04213266181077972,6,0.04799608437390238,0.020719120776697398,0.8778353976244182,-0.28299572295158376,12.298874045347025,4.213266181077972,7.447509326785593,LOW,no major anomaly detected,False
4261,97,0.042733133284919844,3,0.048148384342217444,0.02065945839694615,0.8875299528472568,-0.26211970097425563,13.272920012729191,4.273313328491985,7.873156002186867,LOW,no major anomaly detected,False
4262,133,0.047876449483779074,5,0.04855910972079375,0.020439439919319572,0.9859416648917196,-0.033399165520646965,14.17864711196588,4.787644948377907,8.544045813813096,LOW,133 transactions in window,False
4263,155,0.05326033226210301,11,0.04907122592595065,0.02025338138880146,1.0853678761250798,0.20683491095805906,15.258974508251875,5.326033226210301,9.29920973902693,LOW,155 transactions in window,False
4264,157,0.03950819571177752,4,0.04978224650551242,0.020080519791285088,0.7936201856097987,-0.5116426716301347,14.655593358688465,3.9508195711777523,8.232729086182037,LOW,157 transactions in window,False
4265,165,0.04435528161014314,4,0.04971814869532517,0.020112047361926077,0.8921346183252741,-0.26664948568758945,14.798579343594048,4.4355281610143145,8.58074863404621,LOW,165 transactions in window,False
4266,169,0.043429580254663175,4,0.04966158992812622,0.020125705189688106,0.8745104681005491,-0.3096542265090998,14.867508259018889,4.342958025466317,8.552778118887346,LOW,169 transactions in window,False
4267,175,0.04458967996265995,8,0.049517530785062165,0.020158775989931328,0.900482702907941,-0.2444518866057899,14.967918706620061,4.458967996265995,8.662548280407622,LOW,175 transactions in window,False
4268,138,0.041559846635802686,11,0.04971127127811353,0.02008493459350966,0.836024619110884,-0.4058477066161286,14.284698446395822,4.155984663580268,8.20747017670649,LOW,138 transactions in window,False
4269,192,0.036987871774990744,9,0.049093077221661285,0.0200985476430425,0.7534233718531423,-0.6022925467881254,15.23484435910609,3.6987871774990744,8.31321005014188,LOW,192 transactions in window,False
4270,155,0.04387507069907257,7,0.04880984830502832,0.020224099002349435,0.8988979114395779,-0.24400481847831498,14.618715437313776,4.387507069907257,8.479990416869864,LOW,155 transactions in window,False
4271,139,0.033142571929723676,2,0.04873460119160452,0.020239600235173176,0.6800624426866784,-0.7703723927701102,14.305450346579265,3.3142571929723674,7.710734454415127,LOW,139 transactions in window,False
4272,139,0.04699925843149771,0,0.04841684997772947,0.02042907523611692,0.9707211116195329,-0.06939088186065218,14.305450346579265,4.699925843149771,8.542135644521569,LOW,139 transactions in window,False
4273,112,0.05340597900562544,3,0.048835162709089,0.020286564930833563,1.0935968274287278,0.22531248203530274,14.387185681860473,5.3405979005625435,8.959233013081715,LOW,112 transactions in window,False
4274,84,0.05462424790186315,10,0.0494498727598863,0.020187893809282965,1.1046387958792545,0.25631079650307675,13.645722926881055,5.462424790186315,8.735744044864212,LOW,no major anomaly detected,False
4275,69,0.055490610855937886,0,0.049490798622346704,0.02019775504041464,1.1212308631221415,0.29705342111466715,13.208105518763086,5.549061085593789,8.612678858861507,LOW,no major anomaly detected,False
4276,51,0.07132972153331847,0,0.04883480798129217,0.01971064651009882,1.460632783907817,1.1412570125744455,16.65882578151411,7.132972153331847,10.943313604604754,LOW,no major anomaly detected,False
4277,26,0.07392861586486531,0,0.04753146674635275,0.01682287666816596,1.5553615515249821,1.5691221923099545,20.820283617178383,7.39286158648653,12.763830398763272,LOW,risk 1.6x above recent baseline,False
4278,13,0.08344591001482654,0,0.0482292650306436,0.01757123657053979,1.730192445640779,2.0042212079272623,25.668956598377335,8.344591001482653,15.274337240240527,LOW,risk 1.7x above recent baseline; 2.0σ statistical deviation,False
4279,4,0.07297004926862016,0,0.04702885943771063,0.013525280096309772,1.5516015089685185,1.917978012003412,20.270862355672847,7.297004926862016,12.486547898386348,LOW,risk 1.6x above recent baseline,False
4280,6,0.053435568493673535,0,0.04850290629828627,0.014354554743072017,1.1016982810277813,0.34363045623326854,6.395908963456836,5.343556849367354,5.764497695003147,LOW,no major anomaly detected,False
4281,9,0.021728268638254514,0,0.049739007987920324,0.01337604151221627,0.4368456372015193,-2.0940978184079158,6.6657021895985515,2.1728268638254513,3.969976994134692,LOW,no major anomaly detected,False
4282,9,0.0231371147839442,0,0.048958794930402706,0.014444638363874414,0.47258342074870774,-1.7876307800849978,6.6657021895985515,2.31371147839442,4.054507762876073,LOW,no major anomaly detected,False
4283,46,0.037713905585334453,25,0.048534713798943425,0.015060184752583519,0.777050128317754,-0.7185043471497056,11.145706352865158,3.7713905585334455,6.72111687626613,LOW,no major anomaly detected,False
4284,51,0.036700929716397136,0,0.04840249690825735,0.01514394024293642,0.7582445547377547,-0.7726897362341459,11.438367245024915,3.6700929716397135,6.777402680993795,LOW,no major anomaly detected,False
4285,88,0.04341297808102856,3,0.04817617473765808,0.015281676753373651,0.9011296209678877,-0.3116933261644853,12.994053235674526,4.341297808102856,7.802399979131524,LOW,no major anomaly detected,False
4286,92,0.043144656840675484,3,0.04820450160416261,0.015271775480243926,0.8950337708076169,-0.3313200072927153,13.121321100363378,4.314465684067549,7.83720785058588,LOW,no major anomaly detected,False
4287,108,0.049315347563657574,13,0.04800734357736663,0.015306698455922902,1.0272459146626811,0.08545304462993564,13.785222628439028,4.931534756365758,8.473009905195067,LOW,108 transactions in window,False
4288,125,0.03931413655837185,8,0.0478429692149314,0.015268971001510489,0.8217327896551669,-0.5585728505028814,14.00044454155844,3.9314136558371846,7.959026010125687,LOW,125 transactions in window,False
4289,132,0.03308769440024577,2,0.04783488341687283,0.015273627317879415,0.6917063874054457,-0.9655328567146522,14.156962533576777,3.3087694400245766,7.648046677445457,LOW,132 transactions in window,False
4290,167,0.04618479179207504,5,0.04736540061646044,0.015555799869037242,0.9750744465576184,-0.07589508956947441,14.833248951734063,4.618479179207504,8.704387088218127,LOW,167 transactions in window,False
4291,147,0.046214791669589375,4,0.04748020109718593,0.015535644534948434,0.9733486927528714,-0.08145200701199988,14.466318268310072,4.621479166958937,8.55941480749939,LOW,147 transactions in window,False
4292,158,0.03997816032760747,1,0.04754791408497466,0.015526036873721153,0.8407973535108395,-0.48755222075889215,14.673857631758786,3.997816032760747,8.268232672359963,LOW,158 transactions in window,False
4293,158,0.03652778491473083,7,0.04748201048879985,0.015555887833244356,0.7692973515379489,-0.7041851735815964,14.673857631758786,3.652778491473083,8.061210147587364,LOW,158 transactions in window,False
4294,145,0.04123640210408663,4,0.04746284020295569,0.01556965995417304,0.8688144647002958,-0.3999084191431061,14.426931569866197,4.123640210408663,8.244956754191676,LOW,145 transactions in window,False
4295,129,0.03633003184702898,0,0.047352895678164614,0.015605371830487299,0.7672188010200504,-0.7063506048347347,14.090916832158982,3.633003184702898,7.816168643685332,LOW,129 transactions in window,False
4296,129,0.03546376506017976,4,0.04748570650805233,0.015492329639374604,0.7468303131209816,-0.7759931351652982,14.090916832158982,3.546376506017976,7.7641926364743785,LOW,129 transactions in window,False
4297,120,0.0442173087873753,2,0.04700506095091409,0.015685812402728504,0.9406925103990408,-0.17772443606770852,13.88322700338219,4.42173087873753,8.206329328595395,LOW,120 transactions in window,False
4298,93,0.04477825950035721,0,0.046622199691820326,0.01563484148666971,0.9604493094780633,-0.1179378884675783,13.1522826540974,4.4778259500357205,7.947608631660392,LOW,no major anomaly detected,False
4299,77,0.05717590187869791,9,0.046211950175090916,0.015544659643715522,1.2372536034957633,0.7053195087510041,14.39154116229976,5.71759018786979,9.187170577641778,LOW,no major anomaly detected,False
4300,37,0.07971523351165861,4,0.04628217063437259,0.015592130888918912,1.7223745649573348,2.144226668918383,30.251009577720346,7.971523351165861,16.883317841787655,LOW,risk 1.7x above recent baseline; 2.1σ statistical deviation,False
4301,15,0.03976262867274342,1,0.04663156696680343,0.0162575662255611,0.8526976736820802,-0.4225071698161231,8.026305204928967,3.976262867274342,5.596279802336192,LOW,no major anomaly detected,False
4302,14,0.04324617194538758,0,0.04520798416713168,0.01522656416374318,0.9566047401164498,-0.12884142480517588,7.839474080655171,4.324617194538758,5.730559948985324,LOW,no major anomaly detected,False
4303,13,0.05860800948726982,4,0.04353299508090506,0.012865331751706278,1.3462893921805332,1.1717548134244902,12.383853766140843,5.860800948726982,8.470022075692526,LOW,no major anomaly detected,False
4304,10,0.04122723199629488,1,0.04293457675668213,0.011719561679733646,0.960233804794139,-0.14568332903949094,6.941613501691095,4.122723199629489,5.250279320454132,LOW,no major anomaly detected,False
4305,8,0.015889501217968876,0,0.04242589606929135,0.011506975107499205,0.37452364452167675,-2.30611386601753,6.3606963845777225,1.5889501217968875,3.4976486269092217,LOW,no major anomaly detected,False
4306,14,0.032240822983490354,1,0.04218261409344611,0.012014138327716629,0.7643154336539705,-0.8275076279935979,7.839474080655171,3.2240822983490354,5.0702390112714895,LOW,no major anomaly detected,False
4307,34,0.02559855956934884,1,0.0425619352684272,0.011520235300392739,0.6014425661780954,-1.4724851755849169,10.292297744114782,2.559855956934884,5.652832671806843,LOW,no major anomaly detected,False
4308,62,0.031828114579720984,2,0.042057129184427805,0.011997464794840129,0.7567828617152916,-0.8525980096316779,11.993868240326199,3.1828114579720985,6.707234170913739,LOW,no major anomaly detected,False
4309,99,0.03841722589761697,0,0.04185409522039963,0.012132520499893357,0.9178845151308508,-0.2832774379250269,13.331404379197103,3.841722589761697,7.637595305535861,LOW,no major anomaly detected,False
4310,111,0.03132262520191013,1,0.041645938879424145,0.012147458657322833,0.752117158232338,-0.8498332012260713,13.65947706067744,3.132262520191013,7.343148336385584,LOW,111 transactions in window,False
4311,153,0.03298810618264701,6,0.04115335422780892,0.012322476089654146,0.8015897319095235,-0.662630463695311,14.581361658671813,3.2988106182647012,7.811831034427547,LOW,153 transactions in window,False
4312,163,0.03972724581048494,4,0.04047305250360015,0.012302958782525101,0.9815727589845399,-0.06062010824376189,14.76348948755042,3.9727245810484937,8.289030543649265,LOW,163 transactions in window,False
4313,157,0.0354652392984322,5,0.040490265389104864,0.012301555771451268,0.87589545184792,-0.40848703887799725,14.655593358688465,3.54652392984322,7.990151701381318,LOW,157 transactions in window,False
4314,123,0.030188949757986566,3,0.04058932975986263,0.012248811142194584,0.7437656629609923,-0.8490930165499033,13.954125510538997,3.0188949757986565,7.392987189694793,LOW,123 transactions in window,False
4315,138,0.03738273028821321,5,0.03992283634177561,0.012365740183425206,0.9363746094636967,-0.2054148005605929,14.284698446395822,3.7382730288213213,7.956843195851121,LOW,138 transactions in window,False
4316,142,0.04094383690769451,2,0.03955483378421827,0.01230160543123072,1.0351158882642157,0.11291234556669344,14.630197306233145,4.094383690769451,8.30870913695493,LOW,142 transactions in window,False
4317,142,0.033601187230336886,2,0.03959507030838856,0.012304629176816892,0.8486204714029307,-0.48712423527112286,14.366828144251526,3.3601187230336884,7.762802491520824,LOW,142 transactions in window,False
4318,167,0.03802952040363201,3,0.03947312873820548,0.012350763401624158,0.9634280742185956,-0.11688413805932302,14.833248951734063,3.8029520403632007,8.215070804911546,LOW,167 transactions in window,False
4319,156,0.03739227085264977,6,0.0393395086673532,0.012348204534452465,0.9505017250934963,-0.15769400395583721,14.637213121202924,3.739227085264977,8.098421499640157,LOW,156 transactions in window,False
4320,133,0.04285176828662879,5,0.03938376862592074,0.012338848758728828,1.0880565720779083,0.28106347103531,14.839071402550195,4.285176828662879,8.506734658217805,LOW,133 transactions in window,False
4321,134,0.05020806579127698,6,0.03969160209368945,0.01232895435977791,1.2649543768166398,0.85298910115983,16.187328291357694,5.020806579127698,9.487415264019697,LOW,134 transactions in window,False
4322,118,0.0460087604402209,8,0.03994121696885202,0.012484233995567544,1.1519118327341058,0.48601648074868853,14.974316670674604,4.6008760440220895,8.750252294683095,LOW,118 transactions in window,False
4323,57,0.056253168658059495,1,0.03999248784134634,0.012507467819629425,1.4065933802673314,1.3000777656364126,18.554908260351993,5.625316865805949,10.797153423624367,LOW,no major anomaly detected,False
4324,36,0.04436920834787181,0,0.039954040623819735,0.012453652904089993,1.1105061629591437,0.3545279251039714,11.281961888039168,4.4369208347871805,7.174937256087976,LOW,no major anomaly detected,False
4325,29,0.08985967146516334,7,0.03848128957532862,0.009216325721771857,2.3351522897708388,5.5747142018280496,69.8596925551687,8.985967146516334,33.335457309977286,MEDIUM,risk 2.3x above recent baseline; 5.6σ statistical deviation,False
4326,20,0.05264022796115388,1,0.04056866635834612,0.013967602370170848,1.297558748818084,0.86425438546187,11.045210664172968,5.2640227961153885,7.5764979433384205,LOW,no major anomaly detected,False
4327,12,0.031734400367712155,0,0.04096008535900305,0.01417596959137968,0.7747640194000942,-0.6507974591664599,7.425214642560432,3.1734400367712157,4.874149879086902,LOW,no major anomaly detected,False
4328,8,0.037984995066592635,0,0.039840351645688145,0.01377712245161055,0.9534302157873571,-0.1346693829289888,6.3606963845777225,3.7984995066592635,4.823378257826647,LOW,no major anomaly detected,False
4329,12,0.025335390090567383,0,0.039705258440283886,0.013778827925200606,0.6380865176503366,-1.0428948258679478,7.425214642560432,2.5335390090567382,4.490209262458216,LOW,no major anomaly detected,False
4330,27,0.01955182519428282,0,0.04009883714330882,0.013191359821204387,0.4875908277441252,-1.5576113628556933,9.646324458212959,1.9551825194282821,5.031639294942153,LOW,no major anomaly detected,False
4331,36,0.0256021218881601,0,0.03957012890209184,0.013761948067739626,0.6470062796991967,-1.0149730943016093,10.45316566584559,2.56021218881601,5.717393579627842,LOW,no major anomaly detected,False
4332,89,0.028301824830791404,2,0.03957027733204231,0.013761790843449534,0.7152293776792361,-0.8188216656856524,13.026398574176273,2.8301824830791404,6.908668919517994,LOW,no major anomaly detected,False
4333,134,0.03362543884375759,5,0.03942334859250358,0.013866470712407151,0.8529320832515869,-0.4181244001444616,14.200170465232894,3.3625438843757594,7.697594516718613,LOW,134 transactions in window,False
4334,141,0.041530935315240734,1,0.039223690798592774,0.013915996406013906,1.0588227285518663,0.16579801038543432,14.787683593940578,4.153093531524074,8.406929556490676,LOW,141 transactions in window,False
4335,193,0.037141227788824525,7,0.03964903705331488,0.013819674791025433,0.9367498065307821,-0.18146659038018298,15.24980500056326,3.7141227788824525,8.328395667554776,LOW,193 transactions in window,False
4336,184,0.05650178998473282,12,0.03982208378690561,0.013758508645954143,1.4188556853800771,1.2123193455805312,20.907701014319116,5.650178998473282,11.753187804811617,LOW,184 transactions in window,False
4337,198,0.04238753332832071,12,0.04052102312749927,0.014173306354550165,1.0460627609265558,0.13169193934922727,15.668940691938715,4.238753332832071,8.810828276474728,LOW,198 transactions in window,False
4338,202,0.04974916177924389,12,0.040809452045411296,0.014136333729060271,1.2190597835982901,0.632392380172456,17.02402976939526,4.974916177924389,9.794561614512737,LOW,202 transactions in window,False
4339,185,0.04178296030356933,0,0.04162446087963035,0.014061059418891762,1.0038078432870838,0.01127222488840552,15.15645622624875,4.178296030356933,8.56956010871366,LOW,185 transactions in window,False
4340,160,0.03948185427964216,9,0.041807803796936854,0.01403200396024295,0.9443656612867785,-0.16576032360629567,14.710044073928238,3.948185427964216,8.252928886349824,LOW,160 transactions in window,False
4341,179,0.04059110158424831,3,0.041746887854101335,0.014039089299937727,0.9723144327813773,-0.08232629946004791,15.032974875408517,4.059110158424831,8.448656045218305,LOW,179 transactions in window,False
4342,146,0.04706803099829094,2,0.04203813428551431,0.013934873781718081,1.1196508074933729,0.36095746481576485,15.344072959986107,4.706803099829094,8.9617110438919,LOW,146 transactions in window,False
4343,185,0.045029240704913376,5,0.042414738893625105,0.013943961135064412,1.061641351084239,0.18750065250208356,15.590207534727412,4.502924070491337,8.937837456185768,LOW,185 transactions in window,False
4344,193,0.04161845714727345,11,0.04273294597080276,0.013911464611694301,0.9739196819173014,-0.08011297549450298,15.24980500056326,4.161845714727344,8.597029429061712,LOW,193 transactions in window,False
4345,127,0.03827829293735069,3,0.04268155800666295,0.013913284369892144,0.8968344813320809,-0.31647919730878,14.04603410862569,3.8278292937350686,7.915111219691317,LOW,127 transactions in window,False
4346,133,0.04322716025010712,8,0.042184484137749355,0.013845637408212841,1.024717052576796,0.07530719472252553,14.36402500629185,4.322716025010712,8.339239617523168,LOW,133 transactions in window,False
4347,104,0.04289289501457312,4,0.042068584129827946,0.013823858121357552,1.0195944527679197,0.05962958224170666,13.619604332163043,4.289289501457312,8.021415433739605,LOW,104 transactions in window,False
4348,27,0.08925588677805632,0,0.04151190606134934,0.013492861085285537,2.1501274031153237,3.5384623331499014,50.00305914595165,8.925588677805631,25.356576865064042,LOW,risk 2.2x above recent baseline; 3.5σ statistical deviation,False
4349,30,0.0453561500937708,0,0.0433821843292737,0.016648137179080546,1.0455017605732935,0.11856976809258357,10.282236112374216,4.53561500937708,6.834263450575935,LOW,no major anomaly detected,False
4350,12,0.025694756713752348,1,0.04152787093879901,0.013409774339184381,0.6187352284835299,-1.1807144419113078,7.425214642560432,2.5694756713752347,4.511771259849314,LOW,no major anomaly detected,False
4351,7,0.02911920349476763,0,0.040405142970157286,0.01356603446161214,0.7206806201941841,-0.8319261982803835,6.019728903696724,2.911920349476763,4.155043771164747,LOW,no major anomaly detected,False
4352,10,0.056829305540743856,1,0.04029617643378459,0.01364895819711723,1.4102902699497262,1.2113106999222254,12.660174275341857,5.682930554074385,8.473828042581374,LOW,no major anomaly detected,False
4353,10,0.02757901086313851,0,0.041081356036874225,0.014046460187642773,0.6713266922928215,-0.9612631932431107,6.941613501691095,2.757901086313851,4.431386052464749,LOW,no major anomaly detected,False
4354,35,0.03345656208588809,1,0.041174840235731355,0.013944202700620405,0.8125486800761069,-0.5535116145077168,10.373848987042207,3.345656208588809,6.156933319970168,LOW,no major anomaly detected,False
4355,47,0.027445343105519902,0,0.041754204272881575,0.013279764402707114,0.6573072959588178,-1.0774936010494867,11.206653397217828,2.74453431055199,6.129381945218325,LOW,no major anomaly detected,False
4356,79,0.03063680957580946,4,0.04183100515693824,0.013187298667125577,0.7323947741840942,-0.8488619135497874,12.685431093295275,3.063680957580946,6.912381011866678,LOW,no major anomaly detected,False
4357,119,0.04107684051812005,5,0.041928296187980656,0.013091410364226397,0.9796925764394717,-0.06503926209412045,13.859202984351896,4.107684051812005,8.008291624827962,LOW,119 transactions in window,False
4358,151,0.04211139035405776,6,0.04223877125774576,0.012973768928260649,0.9969842658795469,-0.009818342256005738,14.54351958152503,4.211139035405776,8.344091253853477,LOW,151 transactions in window,False
4359,163,0.03842653438290018,7,0.04226295688436313,0.01297293302660518,0.9092249387102779,-0.29572514508439424,14.76348948755042,3.8426534382900184,8.21098785799418,LOW,163 transactions in window,False
4360,216,0.04782476567640746,4,0.04231651132578295,0.012953508833011676,1.1301679693824003,0.4252326085258746,16.550404534190992,4.782476567640746,9.489647754260844,LOW,216 transactions in window,False
4361,169,0.044194539883367086,10,0.0419549686462694,0.01265809521995182,1.053380357782649,0.1769279815155482,15.267860942388756,4.419453988336708,8.758816769957528,LOW,169 transactions in window,False
4362,182,0.0387338419813296,11,0.04203026058606299,0.012666151623490152,0.9215703505339088,-0.2602541563311133,15.08082518267575,3.87338419813296,8.356360591950075,LOW,182 transactions in window,False
4363,191,0.04119647928601859,8,0.041571288927816565,0.012573525240216567,0.9909839302204754,-0.029809431693757583,15.219805999682311,4.119647928601859,8.559711157034041,LOW,191 transactions in window,False
4364,176,0.04244241477504141,3,0.04154685221875195,0.012573665883169967,1.0215554851562318,0.07122525479925348,15.145986462418639,4.244241477504141,8.60493947146994,LOW,176 transactions in window,False
4365,178,0.04057565129013069,7,0.04167020890606025,0.012567046809751282,0.9737328502864699,-0.08709744083074861,15.016847381446407,4.057565129013069,8.441278029986405,LOW,178 transactions in window,False
4366,182,0.04931407175653197,17,0.04166956514380535,0.012567104887348664,1.1834553969148647,0.608294963816397,16.456740659537235,4.931407175653197,9.541540569206813,LOW,182 transactions in window,False
4367,198,0.04432572103202548,11,0.04176315017539873,0.012617316831685309,1.061359615973995,0.20309950925473141,15.78366710479451,4.432572103202547,8.973010103839332,LOW,198 transactions in window,False
4368,155,0.04427248266259338,3,0.04173383685569507,0.012610214169589622,1.0608294371705218,0.20131662894516303,15.074936216092688,4.427248266259338,8.686323446192677,LOW,155 transactions in window,False
4369,143,0.054522735598926224,8,0.041844421252166725,0.012620791073726526,1.3029869685699862,1.0045578183409376,16.716376583043306,5.452273559892622,9.957914769152897,LOW,143 transactions in window,False
4370,98,0.040478568463694097,6,0.04252127302973238,0.012854651927608918,0.951960408979055,-0.15890780843711624,13.302309886268818,4.04785684636941,7.749638062329174,LOW,no major anomaly detected,False
4371,95,0.048949166278673475,10,0.04240674837196517,0.012860332228756897,1.154277754316892,0.508728529740379,14.370312855826759,4.894916627867348,8.685075119051112,LOW,no major anomaly detected,False
4372,31,0.07929257004223823,2,0.04265909300796935,0.012929517899688317,1.858749552584843,2.833321189427487,39.39001801839112,7.929257004223824,20.51356140989074,LOW,risk 1.9x above recent baseline; 2.8σ statistical deviation,False
4373,36,0.04379095491352922,3,0.04224395481064359,0.011442826228769007,1.0366206267812752,0.13519388234667382,10.727820366705155,4.379095491352921,6.918585441493814,LOW,no major anomaly detected,False
4374,17,0.03475417862509319,0,0.0421787383448002,0.011428769251098184,0.8239738785211361,-0.6496377305888463,8.367272685809965,3.475417862509319,5.432159791829577,LOW,no major anomaly detected,False
4375,13,0.03895759699539858,0,0.04255621425777273,0.011002308759179425,0.915438501165153,-0.3270783742886471,7.639748156980716,3.895759699539858,5.3933550825162015,LOW,no major anomaly detected,False
4376,10,0.07924460096408487,0,0.04296614732029902,0.01065778356091711,1.8443497010179075,3.4039398000933,43.32348376049165,7.924460096408486,22.08406956204175,LOW,risk 1.8x above recent baseline; 3.4σ statistical deviation,False
4377,21,0.03873599709811843,2,0.043900117962938225,0.012710036901716536,0.8823665834069171,-0.40630258627513194,8.948189802923338,3.873599709811843,5.903435747056442,LOW,no major anomaly detected,False
4378,48,0.08755185805013686,3,0.04436499238939572,0.0122840279556604,1.973444676417071,3.515692557573586,50.01333575429481,8.755185805013687,25.258445784726135,LOW,risk 2.0x above recent baseline; 3.5σ statistical deviation,False
4379,70,0.02531163884727036,0,0.046618963054572755,0.014883345212511567,0.5429472727147584,-1.4316219843769102,12.339936828569337,2.531163884727036,6.454673062263956,LOW,no major anomaly detected,False
4380,110,0.03642418558586293,8,0.04653005871047902,0.015008701614885019,0.7828097921067065,-0.6733342686081184,13.633513858134453,3.6424185585862934,7.638856678405558,LOW,110 transactions in window,False
4381,125,0.051384898573455864,7,0.0467711993775646,0.014787103058187335,1.098644021476695,0.31200832088180724,14.740274702633654,5.138489857345586,8.979203795460814,LOW,125 transactions in window,False
4382,185,0.03939929991007783,3,0.04720070179653691,0.014764199869675624,0.8347185192269437,-0.5283999102777305,15.12789740159562,3.939929991007783,8.415116955242919,LOW,185 transactions in window,False
4383,174,0.04140942252732495,8,0.04708769802803775,0.014815137753698736,0.8794106372043979,-0.3832752415207997,14.951423632481095,4.140942252732495,8.465134804631935,LOW,174 transactions in window,False
4384,167,0.04010523724871263,4,0.047211985034055444,0.01475169463506391,0.8494715318532677,-0.4817580597452508,14.833248951734063,4.010523724871263,8.339613815616383,LOW,167 transactions in window,False
4385,200,0.04663150300924396,3,0.04689033801623483,0.014821744860923343,0.9944799927247004,-0.017463194071925724,15.352419003022503,4.6631503009243955,8.93885778176364,LOW,200 transactions in window,False
4386,183,0.046115949849201456,13,0.046991878146479704,0.014810817132504936,0.981360006626084,-0.059141118916111006,15.09660112187649,4.611594984920146,8.805597439702684,LOW,183 transactions in window,False
4387,189,0.05086421797061094,7,0.047299465974307696,0.014708158690658606,1.0753655865425533,0.24236561974051035,15.754734766496004,5.086421797061094,9.353746984835057,LOW,189 transactions in window,False
4388,173,0.03946754388669028,7,0.047702288419499035,0.014666073043269728,0.8273721281379306,-0.561482580136725,14.93483403018071,3.946754388669028,8.3419862452737,LOW,173 transactions in window,False
4389,171,0.053494020981442805,9,0.047578335465817745,0.014724913919396374,1.124335697281279,0.40174669597440776,15.833884593071085,5.349402098144281,9.543195096115003,LOW,171 transactions in window,False
4390,165,0.03637208411579514,10,0.04811660086962242,0.01469388412623566,0.7559154939965435,-0.7992792547518226,14.798579343594048,3.6372084115795142,8.101756784385328,LOW,165 transactions in window,False
4391,175,0.04851952559042352,3,0.047577351384591716,0.014884272533428963,1.0198029982420782,0.06329998350377919,15.116441193435648,4.851952559042353,8.957748012799671,LOW,175 transactions in window,False
